"Address","Occurrences","Meta Robots 1","X-Robots-Tag 1","Meta Refresh 1","Canonical Link Element 1","Canonical Link Element 2","HTTP Canonical","Indexability","Indexability Status"
"https://www.how-ma.com/mag/","1","max-snippet:-1, max-image-preview:large, max-video-preview:-1","","","https://www.how-ma.com/mag/","","","Indexable",""
"https://www.how-ma.com/javascripts/fxlx.js?1775459445","0","","","","","","","Indexable",""
"https://www.how-ma.com/mag/wp-content/plugins/shifter-algolia-search/assets/js/vendor/instantsearch.production.min.js?ver=1.0.0","0","","","","","","","Indexable",""
"https://www.how-ma.com/mag/wp-includes/js/jquery/jquery.min.js?ver=3.7.1","0","","","","","","","Indexable",""
"https://www.how-ma.com/mag/wp-content/uploads/completion-of-sale-interview-39-768x390.png","0","","","","","","","Indexable",""
"https://www.how-ma.com/mag/category/special/","1","max-snippet:-1, max-image-preview:large, max-video-preview:-1","","","https://www.how-ma.com/mag/category/special/","","","Indexable",""
"https://www.how-ma.com/mag","1","max-snippet:-1, max-image-preview:large, max-video-preview:-1","","","https://www.how-ma.com/mag/","","","Non-Indexable","Canonicalised"
"https://www.how-ma.com/mag/page/2/","1","max-snippet:-1, max-image-preview:large, max-video-preview:-1","","","https://www.how-ma.com/mag/page/2/","","","Indexable",""
"https://www.how-ma.com/mag/wp-content/uploads/completion-of-sale-interview-42-3-768x390.png","0","","","","","","","Indexable",""
"https://www.how-ma.com/mag/wp-content/themes/the-thor/js/fit-sidebar.min.js?ver=6.9.4","0","","","","","","","Indexable",""
"https://www.how-ma.com/mag/wp-content/uploads/completion-of-sale-interview-47-1-768x390.png","0","","","","","","","Indexable",""
"https://www.how-ma.com/mag/wp-content/uploads/completion-of-sale-interview-46-768x390.png","0","","","","","","","Indexable",""
"https://www.how-ma.com/mag/wp-content/uploads/2016/10/424-4.jpeg","0","","","","","","","Indexable",""
"https://www.how-ma.com/mag/wp-content/uploads/completion-of-sale-interview-45-768x390.png","0","","","","","","","Indexable",""
"https://www.how-ma.com/mag/wp-content/uploads/completion-of-sale-interview-44-768x390.png","0","","","","","","","Indexable",""
"https://www.how-ma.com/otoiawase/new","1","noindex","","","https://www.how-ma.com/otoiawase/new","","","Non-Indexable","noindex"
"https://www.how-ma.com/mag/wp-content/themes/the-thor-child/style.css?ver= %20 %201.0.1703662115","0","","","","","","","Indexable",""
"https://www.how-ma.com/mag/wp-content/themes/the-thor/style.css?ver=6.9.4","0","","","","","","","Indexable",""
"https://www.how-ma.com/privacy","1","noindex","","","https://www.how-ma.com/privacy","","","Non-Indexable","noindex"
"https://www.how-ma.com/mag/wp-content/plugins/shifter-algolia-search/assets/css/satellite-min.css?ver=1.0.0","0","","","","","","","Indexable",""
"https://www.how-ma.com/mag/wp-content/plugins/rocket-lazy-load/assets/js/16.1/lazyload.min.js","0","","","","","","","Indexable",""
"https://www.how-ma.com/mag/wp-content/plugins/shifter-algolia-search/assets/js/vendor/algoliasearch-lite.umd.js?ver=1.0.0","0","","","","","","","Indexable",""
"https://www.how-ma.com/mag/interview/completion-of-sale-interview-41/","1","max-snippet:-1, max-image-preview:large, max-video-preview:-1","","","https://www.how-ma.com/mag/interview/completion-of-sale-interview-41/","https://www.how-ma.com/mag/interview/completion-of-sale-interview-41/","","Indexable",""
"https://www.how-ma.com/mag/interview/completion-of-sale-interview-45/","1","max-snippet:-1, max-image-preview:large, max-video-preview:-1","","","https://www.how-ma.com/mag/interview/completion-of-sale-interview-45/","https://www.how-ma.com/mag/interview/completion-of-sale-interview-45/","","Indexable",""
"https://www.how-ma.com/mag/category/interview/assessment-interview/","1","max-snippet:-1, max-image-preview:large, max-video-preview:-1","","","https://www.how-ma.com/mag/category/interview/assessment-interview/","","","Indexable",""
"https://www.how-ma.com/mag/wp-content/uploads/howma_magazine_logo-1.png","0","","","","","","","Indexable",""
"https://www.how-ma.com/mag/wp-content/uploads/completion-of-sale-interview-43-2-768x390.png","0","","","","","","","Indexable",""
"https://www.how-ma.com/","0","","","","https://www.how-ma.com/","","","Indexable",""
"https://www.how-ma.com/mag/authors/","1","max-snippet:-1, max-image-preview:large, max-video-preview:-1","","","https://www.how-ma.com/mag/authors/","https://www.how-ma.com/mag/authors/","","Indexable",""
"https://www.how-ma.com/mag/sell/completion-of-sale-interview-47/","1","max-snippet:-1, max-image-preview:large, max-video-preview:-1","","","https://www.how-ma.com/mag/sell/completion-of-sale-interview-47/","https://www.how-ma.com/mag/sell/completion-of-sale-interview-47/","","Indexable",""
"https://www.how-ma.com/mag/category/news/","1","max-snippet:-1, max-image-preview:large, max-video-preview:-1","","","https://www.how-ma.com/mag/category/news/","","","Indexable",""
"https://www.how-ma.com/mag/category/market/","1","max-snippet:-1, max-image-preview:large, max-video-preview:-1","","","https://www.how-ma.com/mag/category/market/","","","Indexable",""
"https://www.how-ma.com/mag/wp-includes/css/dist/block-library/style.min.css?ver=6.9.4","0","","","","","","","Indexable",""
"https://www.how-ma.com/mag/category/interview/","1","max-snippet:-1, max-image-preview:large, max-video-preview:-1","","","https://www.how-ma.com/mag/category/interview/","","","Indexable",""
"https://www.how-ma.com/mag/category/sell/","1","max-snippet:-1, max-image-preview:large, max-video-preview:-1","","","https://www.how-ma.com/mag/category/sell/","","","Indexable",""
"https://www.how-ma.com/mag/interview/completion-of-sale-interview-44/","1","max-snippet:-1, max-image-preview:large, max-video-preview:-1","","","https://www.how-ma.com/mag/interview/completion-of-sale-interview-44/","https://www.how-ma.com/mag/interview/completion-of-sale-interview-44/","","Indexable",""
"https://www.how-ma.com/mag/wp-content/uploads/ab2556a3998e0d13dabf56980cf21176_s.jpg","0","","","","","","","Indexable",""
"https://www.how-ma.com/mag/wp-includes/js/jquery/jquery-migrate.min.js?ver=3.4.1","0","","","","","","","Indexable",""
"https://www.how-ma.com/mag/sell/sales-negotiation/","1","max-snippet:-1, max-image-preview:large, max-video-preview:-1","","","https://www.how-ma.com/mag/sell/sales-negotiation/","https://www.how-ma.com/mag/sell/sales-negotiation/","","Indexable",""
"https://www.how-ma.com/mag/wp-content/plugins/liquid-speech-balloon/css/block.css?ver=6.9.4","0","","","","","","","Indexable",""
"https://www.how-ma.com/mag/wp-content/uploads/completion-of-sale-interview-38-2-768x390.png","0","","","","","","","Indexable",""
"https://www.how-ma.com/mag/sell/price-change/","1","max-snippet:-1, max-image-preview:large, max-video-preview:-1","","","https://www.how-ma.com/mag/sell/price-change/","https://www.how-ma.com/mag/sell/price-change/","","Indexable",""
"https://www.how-ma.com/mag/wp-content/plugins/all-in-one-seo-pack/dist/Lite/assets/css/table-of-contents/global.e90f6d47.css?ver=4.9.5.1","0","","","","","","","Indexable",""
"https://www.how-ma.com/mag/wp-includes/js/thickbox/thickbox.js?ver=3.1-20121105","0","","","","","","","Indexable",""
"https://www.how-ma.com/mag/wp-content/uploads/2018/05/21a42f360b0effb11804517fd783059f_s.jpg","0","","","","","","","Indexable",""
"https://www.how-ma.com/mag/interview/completion-of-sale-interview-39/","1","max-snippet:-1, max-image-preview:large, max-video-preview:-1","","","https://www.how-ma.com/mag/interview/completion-of-sale-interview-39/","https://www.how-ma.com/mag/interview/completion-of-sale-interview-39/","","Indexable",""
"https://www.how-ma.com/mag/wp-content/themes/the-thor/style.min.css","0","","","","","","","Indexable",""
"https://www.how-ma.com/mag/wp-content/uploads/completion-of-sale-interview-40-768x390.png","0","","","","","","","Indexable",""
"https://www.how-ma.com/mag/wp-content/plugins/shifter-algolia-search/assets/js/algolia-search.js?ver=1.0.0","0","","","","","","","Indexable",""
"https://www.how-ma.com/mag/category/money/","1","max-snippet:-1, max-image-preview:large, max-video-preview:-1","","","https://www.how-ma.com/mag/category/money/","","","Indexable",""
"https://www.how-ma.com/mag/wp-content/themes/the-thor/js/smoothlink.min.js?ver=6.9.4","0","","","","","","","Indexable",""
"https://www.how-ma.com/mag/interview/completion-of-sale-interview-43/","1","max-snippet:-1, max-image-preview:large, max-video-preview:-1","","","https://www.how-ma.com/mag/interview/completion-of-sale-interview-43/","https://www.how-ma.com/mag/interview/completion-of-sale-interview-43/","","Indexable",""
"https://www.how-ma.com/mag/page/3/","1","max-snippet:-1, max-image-preview:large, max-video-preview:-1","","","https://www.how-ma.com/mag/page/3/","","","Indexable",""
"https://www.how-ma.com/mag/category/buy/","1","max-snippet:-1, max-image-preview:large, max-video-preview:-1","","","https://www.how-ma.com/mag/category/buy/","","","Indexable",""
"https://www.how-ma.com/mag/interview/completion-of-sale-interview-38/","1","max-snippet:-1, max-image-preview:large, max-video-preview:-1","","","https://www.how-ma.com/mag/interview/completion-of-sale-interview-38/","https://www.how-ma.com/mag/interview/completion-of-sale-interview-38/","","Indexable",""
"https://www.how-ma.com/mag/wp-content/uploads/completion-of-sale-interview-41-2-768x390.png","0","","","","","","","Indexable",""
"https://www.how-ma.com/mag/wp-includes/css/dashicons.min.css?ver=6.9.4","0","","","","","","","Indexable",""
"https://www.how-ma.com/mag/interview/completion-of-sale-interview-46/","1","max-snippet:-1, max-image-preview:large, max-video-preview:-1","","","https://www.how-ma.com/mag/interview/completion-of-sale-interview-46/","https://www.how-ma.com/mag/interview/completion-of-sale-interview-46/","","Indexable",""
"https://www.how-ma.com/mag/sell/completion-of-sale-interview-40/","1","max-snippet:-1, max-image-preview:large, max-video-preview:-1","","","https://www.how-ma.com/mag/sell/completion-of-sale-interview-40/","https://www.how-ma.com/mag/sell/completion-of-sale-interview-40/","","Indexable",""
"https://www.how-ma.com/mag/wp-includes/js/thickbox/thickbox.css?ver=6.9.4","0","","","","","","","Indexable",""
"https://www.how-ma.com/mag/sell/souba-kyukyoku/","1","max-snippet:-1, max-image-preview:large, max-video-preview:-1","","","https://www.how-ma.com/mag/sell/souba-kyukyoku/","https://www.how-ma.com/mag/sell/souba-kyukyoku/","","Indexable",""
"https://www.how-ma.com/mag/wp-content/themes/the-thor/js/offline.min.js?ver=6.9.4","0","","","","","","","Indexable",""
"https://www.how-ma.com/mag/content_policy/","1","max-snippet:-1, max-image-preview:large, max-video-preview:-1","","","https://www.how-ma.com/mag/content_policy/","https://www.how-ma.com/mag/content_policy/","","Indexable",""
"https://www.how-ma.com/mag/interview/completion-of-sale-interview-42/","1","max-snippet:-1, max-image-preview:large, max-video-preview:-1","","","https://www.how-ma.com/mag/interview/completion-of-sale-interview-42/","https://www.how-ma.com/mag/interview/completion-of-sale-interview-42/","","Indexable",""
"https://www.how-ma.com/_next/image?url=%2Fnext%2Flogo_gigazine.png&w=384&q=75","0","","","","","","","Indexable",""
"https://www.how-ma.com/market_price/stations/5822","0","","","","https://www.how-ma.com/market_price/stations/5822","","","Indexable",""
"https://www.how-ma.com/market_price/stations/7208","0","","","","https://www.how-ma.com/market_price/stations/7208","","","Indexable",""
"https://www.how-ma.com/market_price/stations/5821","0","","","","https://www.how-ma.com/market_price/stations/5821","","","Indexable",""
"https://www.how-ma.com/_next/static/chunks/4927-475b149b825dc39e.js","0","","","","","","","Indexable",""
"https://www.how-ma.com/_next/image?url=%2Fnext%2Flogo_cnet.jpg&w=384&q=75","0","","","","","","","Indexable",""
"https://www.how-ma.com/_next/static/chunks/3781-8413f2bf86342267.js","0","","","","","","","Indexable",""
"https://www.how-ma.com/market_price/stations/7209","0","","","","https://www.how-ma.com/market_price/stations/7209","","","Indexable",""
"https://www.how-ma.com/next/top/icon_interviewee_2.svg","0","","","","","","","Indexable",""
"https://www.how-ma.com/market_price/stations/6003","0","","","","https://www.how-ma.com/market_price/stations/6003","","","Indexable",""
"https://www.how-ma.com/market_price/stations/9512","0","","","","https://www.how-ma.com/market_price/stations/9512","","","Indexable",""
"https://www.how-ma.com/mansions/search/青森県","0","","","","https://www.how-ma.com/mansions/search/青森県","","","Indexable",""
"https://www.how-ma.com/_next/static/chunks/5786-65cda15faa84276f.js","0","","","","","","","Indexable",""
"https://www.how-ma.com/mansions/search/東京都/練馬区","0","","","","https://www.how-ma.com/mansions/search/東京都/練馬区","","","Indexable",""
"https://www.how-ma.com/_next/image?url=%2Fnext%2Flogo_nomura-plus.png&w=256&q=75","0","","","","","","","Indexable",""
"https://www.how-ma.com/next/top/icon_customer_5.svg","0","","","","","","","Indexable",""
"https://www.how-ma.com/market_price/stations/7210","0","","","","https://www.how-ma.com/market_price/stations/7210","","","Indexable",""
"https://www.how-ma.com/_next/static/chunks/9352-0ba277d97b11e4c3.js","0","","","","","","","Indexable",""
"https://www.how-ma.com/mansions/search/京都府","0","","","","https://www.how-ma.com/mansions/search/京都府","","","Indexable",""
"https://www.how-ma.com/mansions/search/山梨県","0","","","","https://www.how-ma.com/mansions/search/山梨県","","","Indexable",""
"https://www.how-ma.com/mansions/search/大分県","0","","","","https://www.how-ma.com/mansions/search/大分県","","","Indexable",""
"https://www.how-ma.com/mag/sell/owner-change","1","max-snippet:-1, max-image-preview:large, max-video-preview:-1","","","https://www.how-ma.com/mag/sell/owner-change/","https://www.how-ma.com/mag/sell/owner-change/","","Non-Indexable","Canonicalised"
"https://www.how-ma.com/mansions/search/東京都/文京区","0","","","","https://www.how-ma.com/mansions/search/東京都/文京区","","","Indexable",""
"https://www.how-ma.com/next/top/customer-border5.svg","0","","","","","","","Indexable",""
"https://www.how-ma.com/mansions/search/滋賀県","0","","","","https://www.how-ma.com/mansions/search/滋賀県","","","Indexable",""
"https://www.how-ma.com/_next/image?url=%2Fnext%2Ftop%2Fphoto_guide_1.jpg&w=3840&q=75","0","","","","","","","Indexable",""
"https://www.how-ma.com/_next/image?url=%2Fnext%2Ftop%2Fphoto_guide_4.jpg&w=3840&q=75","0","","","","","","","Indexable",""
"https://www.how-ma.com/market_price/stations/9044","0","","","","https://www.how-ma.com/market_price/stations/9044","","","Indexable",""
"https://www.how-ma.com/mag/category/special/page/3/","1","max-snippet:-1, max-image-preview:large, max-video-preview:-1","","","https://www.how-ma.com/mag/category/special/page/3/","","","Indexable",""
"https://www.how-ma.com/mag/category/special/page/2/","1","max-snippet:-1, max-image-preview:large, max-video-preview:-1","","","https://www.how-ma.com/mag/category/special/page/2/","","","Indexable",""
"https://www.how-ma.com/mag/wp-content/uploads/営業マン５-1.jpg","0","","","","","","","Indexable",""
"https://www.how-ma.com/mag/category/special/page/4/","1","max-snippet:-1, max-image-preview:large, max-video-preview:-1","","","https://www.how-ma.com/mag/category/special/page/4/","","","Indexable",""
"https://www.how-ma.com/mansions/search/愛知県/名古屋市","0","","","","https://www.how-ma.com/mansions/search/愛知県/名古屋市","","","Indexable",""
"https://www.how-ma.com/mag/wp-content/uploads/2018/03/空き家.jpg","0","","","","","","","Indexable",""
"https://www.how-ma.com/mag/wp-content/uploads/DusbKq75LZISrtu1538531670.jpg","0","","","","","","","Indexable",""
"https://www.how-ma.com/mag/special/post-7544/","1","max-snippet:-1, max-image-preview:large, max-video-preview:-1","","","https://www.how-ma.com/mag/special/post-7544/","https://www.how-ma.com/mag/special/post-7544/","","Indexable",""
"https://www.how-ma.com/mag/wp-content/uploads/2018/03/Fotolia_186478261_XS-e1522229531885.jpg","0","","","","","","","Indexable",""
"https://www.how-ma.com/mag/wp-content/uploads/23526819_m-768x512.jpeg","0","","","","","","","Indexable",""
"https://www.how-ma.com/mag/special/how-to-identify-a-good-real-estate-salesman/","1","max-snippet:-1, max-image-preview:large, max-video-preview:-1","","","https://www.how-ma.com/mag/special/how-to-identify-a-good-real-estate-salesman/","https://www.how-ma.com/mag/special/how-to-identify-a-good-real-estate-salesman/","","Indexable",""
"https://www.how-ma.com/mag/sell/if-series-comic-syojiki-keiyaku/","1","max-snippet:-1, max-image-preview:large, max-video-preview:-1","","","https://www.how-ma.com/mag/sell/if-series-comic-syojiki-keiyaku/","https://www.how-ma.com/mag/sell/if-series-comic-syojiki-keiyaku/","","Indexable",""
"https://www.how-ma.com/mag/special/post-6974/","1","max-snippet:-1, max-image-preview:large, max-video-preview:-1","","","https://www.how-ma.com/mag/special/post-6974/","https://www.how-ma.com/mag/special/post-6974/","","Indexable",""
"https://www.how-ma.com/mag/buy/mansion-soba-23ku/","1","max-snippet:-1, max-image-preview:large, max-video-preview:-1","","","https://www.how-ma.com/mag/buy/mansion-soba-23ku/","https://www.how-ma.com/mag/buy/mansion-soba-23ku/","","Indexable",""
"https://www.how-ma.com/mag/special/condominium-property-values/","1","max-snippet:-1, max-image-preview:large, max-video-preview:-1","","","https://www.how-ma.com/mag/special/condominium-property-values/","https://www.how-ma.com/mag/special/condominium-property-values/","","Indexable",""
"https://www.how-ma.com/mag/special/post-5918/","1","max-snippet:-1, max-image-preview:large, max-video-preview:-1","","","https://www.how-ma.com/mag/special/post-5918/","https://www.how-ma.com/mag/special/post-5918/","","Indexable",""
"https://www.how-ma.com/mag/sell/post-6640/","1","max-snippet:-1, max-image-preview:large, max-video-preview:-1","","","https://www.how-ma.com/mag/sell/post-6640/","https://www.how-ma.com/mag/sell/post-6640/","","Indexable",""
"https://www.how-ma.com/javascripts/fxlx.js?1775459716","0","","","","","","","Indexable",""
"https://www.how-ma.com/mag/wp-content/uploads/2018/07/Fotolia_158322107_XS.jpg","0","","","","","","","Indexable",""
"https://www.how-ma.com/mag/special/post-5804/","1","max-snippet:-1, max-image-preview:large, max-video-preview:-1","","","https://www.how-ma.com/mag/special/post-5804/","https://www.how-ma.com/mag/special/post-5804/","","Indexable",""
"https://www.how-ma.com/mag/wp-content/uploads/2018/03/向き.jpg","0","","","","","","","Indexable",""
"https://www.how-ma.com/mag/wp-content/uploads/tokyo_mansion.jpg","0","","","","","","","Indexable",""
"https://www.how-ma.com/mag/wp-content/uploads/docs1.jpg","0","","","","","","","Indexable",""
"https://www.how-ma.com/mag/wp-content/uploads/completion-of-sale-interview-36-2-768x390.png","0","","","","","","","Indexable",""
"https://www.how-ma.com/mag/wp-content/uploads/completion-of-sale-interview-29-2-768x390.png","0","","","","","","","Indexable",""
"https://www.how-ma.com/mag/special/post-7591/","1","max-snippet:-1, max-image-preview:large, max-video-preview:-1","","","https://www.how-ma.com/mag/special/post-7591/","https://www.how-ma.com/mag/special/post-7591/","","Indexable",""
"https://www.how-ma.com/mag/interview/completion-of-sale-interview-31/","1","max-snippet:-1, max-image-preview:large, max-video-preview:-1","","","https://www.how-ma.com/mag/interview/completion-of-sale-interview-31/","https://www.how-ma.com/mag/interview/completion-of-sale-interview-31/","","Indexable",""
"https://www.how-ma.com/mag/wp-content/uploads/completion-of-sale-interview-35-2-768x390.png","0","","","","","","","Indexable",""
"https://www.how-ma.com/mag/wp-content/uploads/completion-of-sale-interview-33-768x390.png","0","","","","","","","Indexable",""
"https://www.how-ma.com/mag/interview/completion-of-sale-interview-32/","1","max-snippet:-1, max-image-preview:large, max-video-preview:-1","","","https://www.how-ma.com/mag/interview/completion-of-sale-interview-32/","https://www.how-ma.com/mag/interview/completion-of-sale-interview-32/","","Indexable",""
"https://www.how-ma.com/mag/interview/completion-of-sale-interview-33/","1","max-snippet:-1, max-image-preview:large, max-video-preview:-1","","","https://www.how-ma.com/mag/interview/completion-of-sale-interview-33/","https://www.how-ma.com/mag/interview/completion-of-sale-interview-33/","","Indexable",""
"https://www.how-ma.com/mag/wp-content/uploads/completion-of-sale-interview-37-2-768x390.png","0","","","","","","","Indexable",""
"https://www.how-ma.com/mag/interview/completion-of-sale-interview-34/","1","max-snippet:-1, max-image-preview:large, max-video-preview:-1","","","https://www.how-ma.com/mag/interview/completion-of-sale-interview-34/","https://www.how-ma.com/mag/interview/completion-of-sale-interview-34/","","Indexable",""
"https://www.how-ma.com/mag/interview/ccompletion-of-sale-interview-36/","1","max-snippet:-1, max-image-preview:large, max-video-preview:-1","","","https://www.how-ma.com/mag/interview/ccompletion-of-sale-interview-36/","https://www.how-ma.com/mag/interview/ccompletion-of-sale-interview-36/","","Indexable",""
"https://www.how-ma.com/mag/interview/completion-of-sale-interview-30/","1","max-snippet:-1, max-image-preview:large, max-video-preview:-1","","","https://www.how-ma.com/mag/interview/completion-of-sale-interview-30/","https://www.how-ma.com/mag/interview/completion-of-sale-interview-30/","","Indexable",""
"https://www.how-ma.com/mansions/search/岡山県","0","","","","https://www.how-ma.com/mansions/search/岡山県","","","Indexable",""
"https://www.how-ma.com/mag/interview/completion-of-sale-interview-28/","1","max-snippet:-1, max-image-preview:large, max-video-preview:-1","","","https://www.how-ma.com/mag/interview/completion-of-sale-interview-28/","https://www.how-ma.com/mag/interview/completion-of-sale-interview-28/","","Indexable",""
"https://www.how-ma.com/mansions/search/山形県","0","","","","https://www.how-ma.com/mansions/search/山形県","","","Indexable",""
"https://www.how-ma.com/mag/interview/completion-of-sale-interview-29/","1","max-snippet:-1, max-image-preview:large, max-video-preview:-1","","","https://www.how-ma.com/mag/interview/completion-of-sale-interview-29/","https://www.how-ma.com/mag/interview/completion-of-sale-interview-29/","","Indexable",""
"https://www.how-ma.com/mag/wp-content/uploads/completion-of-sale-interview-34-2-768x390.png","0","","","","","","","Indexable",""
"https://www.how-ma.com/mag/wp-content/uploads/completion-of-sale-interview-32-3-768x390.png","0","","","","","","","Indexable",""
"https://www.how-ma.com/mag/wp-content/uploads/completion-of-sale-interview-31-768x390.png","0","","","","","","","Indexable",""
"https://www.how-ma.com/mag/wp-content/uploads/completion-of-sale-interview-30-768x390.png","0","","","","","","","Indexable",""
"https://www.how-ma.com/mag/wp-content/uploads/completion-of-sale-interview-28-768x390.png","0","","","","","","","Indexable",""
"https://www.how-ma.com/users/sign_up","0","","","","https://www.how-ma.com/users/sign_up","","","Indexable",""
"https://www.how-ma.com/mag/interview/completion-of-sale-interview-37/","1","max-snippet:-1, max-image-preview:large, max-video-preview:-1","","","https://www.how-ma.com/mag/interview/completion-of-sale-interview-37/","https://www.how-ma.com/mag/interview/completion-of-sale-interview-37/","","Indexable",""
"https://www.how-ma.com/terms","1","noindex","","","https://www.how-ma.com/terms","","","Non-Indexable","noindex"
"https://www.how-ma.com/mansions","0","","","","https://www.how-ma.com/mansions","","","Indexable",""
"https://www.how-ma.com/faq","0","","","","https://www.how-ma.com/faq","","","Indexable",""
"https://www.how-ma.com/assets/logo_howma-f78cf5da272537355ef52f19af5501505091d82b88d6f01ae624fa113438672e.svg","0","","","","","","","Indexable",""
"https://www.how-ma.com/assets/logo_howma_white-13cf5a08e5375f0be244d64266d150d22a6d737ea2ab3da51408c20ba11f1ef7.svg","0","","","","","","","Indexable",""
"https://www.how-ma.com/javascripts/pages.js?dGQ5bXNy","0","","","","","","","Indexable",""
"https://www.how-ma.com/mag/interview/completion-of-sale-interview-35/","1","max-snippet:-1, max-image-preview:large, max-video-preview:-1","","","https://www.how-ma.com/mag/interview/completion-of-sale-interview-35/","https://www.how-ma.com/mag/interview/completion-of-sale-interview-35/","","Indexable",""
"https://www.how-ma.com/mag/page/4/","1","max-snippet:-1, max-image-preview:large, max-video-preview:-1","","","https://www.how-ma.com/mag/page/4/","","","Indexable",""
"https://www.how-ma.com/market_price/areas","0","","","","https://www.how-ma.com/market_price/areas","","","Indexable",""
"https://www.how-ma.com/users/sign_in","0","","","","https://www.how-ma.com/","","","Non-Indexable","Canonicalised"
"https://www.how-ma.com/javascripts/pages_firstview.js?dGQ5bXNy","0","","","","","","","Indexable",""
"https://www.how-ma.com/mag/wp-content/uploads/completion-of-sale-interview-45-375x191.png","0","","","","","","","Indexable",""
"https://www.how-ma.com/mag/wp-content/uploads/completion-of-sale-interview-47-1-375x191.png","0","","","","","","","Indexable",""
"https://www.how-ma.com/mag/wp-content/uploads/completion-of-sale-interview-46-375x191.png","0","","","","","","","Indexable",""
"https://www.how-ma.com/mag/wp-content/uploads/completion-of-sale-interview-44-375x191.png","0","","","","","","","Indexable",""
"https://www.how-ma.com/mag/wp-content/uploads/completion-of-sale-interview-42-3-375x191.png","0","","","","","","","Indexable",""
"https://www.how-ma.com/mag/category/consultationroom/","1","max-snippet:-1, max-image-preview:large, max-video-preview:-1","","","https://www.how-ma.com/mag/category/consultationroom/","","","Indexable",""
"https://www.how-ma.com/mansions/search/福島県","0","","","","https://www.how-ma.com/mansions/search/福島県","","","Indexable",""
"https://www.how-ma.com/mag/category/interview/online-selling-interview/","1","max-snippet:-1, max-image-preview:large, max-video-preview:-1","","","https://www.how-ma.com/mag/category/interview/online-selling-interview/","","","Indexable",""
"https://www.how-ma.com/javascripts/fxlx.js?1775459551","0","","","","","","","Indexable",""
"https://www.how-ma.com/mag/wp-includes/js/comment-reply.min.js?ver=6.9.4","0","","","","","","","Indexable",""
"https://www.how-ma.com/mag/wp-content/uploads/2XiPhone-13-Pro-Max-1.jpeg","0","","","","","","","Indexable",""
"https://www.how-ma.com/mag/wp-content/uploads/interview-online-sell-20220425-1-375x198.jpg","0","","","","","","","Indexable",""
"https://www.how-ma.com/mag/wp-content/uploads/J7K7wACmEf8juuu1602156245_1602156411-375x254.png","0","","","","","","","Indexable",""
"https://www.how-ma.com/mag/sell/interview-online-sell-20220425/","1","max-snippet:-1, max-image-preview:large, max-video-preview:-1","","","https://www.how-ma.com/mag/sell/interview-online-sell-20220425/","https://www.how-ma.com/mag/sell/interview-online-sell-20220425/","","Indexable",""
"https://www.how-ma.com/mag/interview/improve-realestate-industry-by-it/","1","max-snippet:-1, max-image-preview:large, max-video-preview:-1","","","https://www.how-ma.com/mag/interview/improve-realestate-industry-by-it/","https://www.how-ma.com/mag/interview/improve-realestate-industry-by-it/","","Indexable",""
"https://www.how-ma.com/mag/wp-content/uploads/completion-of-sale-interview-2-musashino-375x191.png","0","","","","","","","Indexable",""
"https://www.how-ma.com/mag/wp-content/uploads/completion-of-sale-interview-29-2-375x191.png","0","","","","","","","Indexable",""
"https://www.how-ma.com/mag/category/magazine/","1","max-snippet:-1, max-image-preview:large, max-video-preview:-1","","","https://www.how-ma.com/mag/category/magazine/","","","Indexable",""
"https://www.how-ma.com/javascripts/fxlx.js?1775459555","0","","","","","","","Indexable",""
"https://www.how-ma.com/mag/interview/post-11195/","1","max-snippet:-1, max-image-preview:large, max-video-preview:-1","","","https://www.how-ma.com/mag/interview/post-11195/","https://www.how-ma.com/mag/interview/post-11195/","","Indexable",""
"https://www.how-ma.com/mag/wp-content/uploads/N様-1.jpg","0","","","","","","","Indexable",""
"https://www.how-ma.com/javascripts/fxlx.js?1775459722","0","","","","","","","Indexable",""
"https://www.how-ma.com/mag/sell/completion-of-sale-interview-2/","1","max-snippet:-1, max-image-preview:large, max-video-preview:-1","","","https://www.how-ma.com/mag/sell/completion-of-sale-interview-2/","https://www.how-ma.com/mag/sell/completion-of-sale-interview-2/","","Indexable",""
"https://www.how-ma.com/mag/category/interview/assessment-interview/page/3/","1","max-snippet:-1, max-image-preview:large, max-video-preview:-1","","","https://www.how-ma.com/mag/category/interview/assessment-interview/page/3/","","","Indexable",""
"https://www.how-ma.com/mag/category/interview/assessment-interview/page/4/","1","max-snippet:-1, max-image-preview:large, max-video-preview:-1","","","https://www.how-ma.com/mag/category/interview/assessment-interview/page/4/","","","Indexable",""
"https://www.how-ma.com/_next/image?url=%2Fnext%2Flogo_reform.png&w=384&q=75","0","","","","","","","Indexable",""
"https://www.how-ma.com/mag/category/interview/assessment-interview/page/5/","1","max-snippet:-1, max-image-preview:large, max-video-preview:-1","","","https://www.how-ma.com/mag/category/interview/assessment-interview/page/5/","","","Indexable",""
"https://www.how-ma.com/mag/sell/howto-sumikae","1","max-snippet:-1, max-image-preview:large, max-video-preview:-1","","","https://www.how-ma.com/mag/sell/howto-sumikae/","https://www.how-ma.com/mag/sell/howto-sumikae/","","Non-Indexable","Canonicalised"
"https://www.how-ma.com/mansions/search/北海道/札幌市","0","","","","https://www.how-ma.com/mansions/search/北海道/札幌市","","","Indexable",""
"https://www.how-ma.com/mag/category/interview/assessment-interview/page/2/","1","max-snippet:-1, max-image-preview:large, max-video-preview:-1","","","https://www.how-ma.com/mag/category/interview/assessment-interview/page/2/","","","Indexable",""
"https://www.how-ma.com/_next/static/chunks/6766-5541fb6ba0b0e78c.js","0","","","","","","","Indexable",""
"https://www.how-ma.com/market_price/stations/10561","0","","","","https://www.how-ma.com/market_price/stations/10561","","","Indexable",""
"https://www.how-ma.com/mansions/search/東京都/足立区","0","","","","https://www.how-ma.com/mansions/search/東京都/足立区","","","Indexable",""
"https://www.how-ma.com/mansions/search/大阪府/堺市","0","","","","https://www.how-ma.com/mansions/search/大阪府/堺市","","","Indexable",""
"https://www.how-ma.com/market_price/stations/7753","0","","","","https://www.how-ma.com/market_price/stations/7753","","","Indexable",""
"https://www.how-ma.com/mansions/search/埼玉県","0","","","","https://www.how-ma.com/mansions/search/埼玉県","","","Indexable",""
"https://www.how-ma.com/next/top/icon_customer_4.svg","0","","","","","","","Indexable",""
"https://www.how-ma.com/mansions/search/沖縄県","0","","","","https://www.how-ma.com/mansions/search/沖縄県","","","Indexable",""
"https://www.how-ma.com/_next/static/chunks/app/global-error-950346f1c45b613a.js","0","","","","","","","Indexable",""
"https://www.how-ma.com/mag/sell/condominium-sale-procedures","1","max-snippet:-1, max-image-preview:large, max-video-preview:-1","","","https://www.how-ma.com/mag/sell/condominium-sale-procedures/","https://www.how-ma.com/mag/sell/condominium-sale-procedures/","","Non-Indexable","Canonicalised"
"https://www.how-ma.com/mansions/search/富山県","0","","","","https://www.how-ma.com/mansions/search/富山県","","","Indexable",""
"https://www.how-ma.com/_next/image?url=%2Fnext%2Flogo_entetsu.png&w=256&q=75","0","","","","","","","Indexable",""
"https://www.how-ma.com/mansions/search/東京都/新宿区","0","","","","https://www.how-ma.com/mansions/search/東京都/新宿区","","","Indexable",""
"https://www.how-ma.com/_next/image?url=%2Fnext%2Flogo_nomura.png&w=256&q=75","0","","","","","","","Indexable",""
"https://www.how-ma.com/market_price/stations/6096","0","","","","https://www.how-ma.com/market_price/stations/6096","","","Indexable",""
"https://www.how-ma.com/_next/image?url=%2Fnext%2Ficon_pmark.png&w=96&q=75","0","","","","","","","Indexable",""
"https://www.how-ma.com/mansions/search/東京都/北区","0","","","","https://www.how-ma.com/mansions/search/東京都/北区","","","Indexable",""
"https://www.how-ma.com/mansions/search/熊本県","0","","","","https://www.how-ma.com/mansions/search/熊本県","","","Indexable",""
"https://www.how-ma.com/market_price/stations/8279","0","","","","https://www.how-ma.com/market_price/stations/8279","","","Indexable",""
"https://www.how-ma.com/market_price/stations/7742","0","","","","https://www.how-ma.com/market_price/stations/7742","","","Indexable",""
"https://www.how-ma.com/_next/image?url=%2Fnext%2Ftop%2Fphoto_guide_2.jpg&w=3840&q=75","0","","","","","","","Indexable",""
"https://www.how-ma.com/_next/static/chunks/9013-22ffae9bcc141f93.js","0","","","","","","","Indexable",""
"https://www.how-ma.com/market_price/stations/5917","0","","","","https://www.how-ma.com/market_price/stations/5917","","","Indexable",""
"https://www.how-ma.com/market_price/stations/10584","0","","","","https://www.how-ma.com/market_price/stations/10584","","","Indexable",""
"https://www.how-ma.com/market_price/stations/10582","0","","","","https://www.how-ma.com/market_price/stations/10582","","","Indexable",""
"https://www.how-ma.com/market_price/stations","0","","","","https://www.how-ma.com/market_price/stations","","","Indexable",""
"https://www.how-ma.com/mansions/search/京都府/京都市","0","","","","https://www.how-ma.com/mansions/search/京都府/京都市","","","Indexable",""
"https://www.how-ma.com/_next/image?url=%2Fnext%2Flogo_zuu.jpg&w=384&q=75","0","","","","","","","Indexable",""
"https://www.how-ma.com/next/top/customer-border6.svg","0","","","","","","","Indexable",""
"https://www.how-ma.com/mag/sell/self_selling","1","max-snippet:-1, max-image-preview:large, max-video-preview:-1","","","https://www.how-ma.com/mag/sell/self_selling/","https://www.how-ma.com/mag/sell/self_selling/","","Non-Indexable","Canonicalised"
"https://www.how-ma.com/_next/static/chunks/app/not-found-4ece7e251432e5e3.js","0","","","","","","","Indexable",""
"https://www.how-ma.com/_next/static/chunks/8851-e11a7774f3e9e712.js","0","","","","","","","Indexable",""
"https://www.how-ma.com/next/top/prefectures.svg","0","","","","","","","Indexable",""
"https://www.how-ma.com/_next/static/chunks/501-69ae6b8c3902a86d.js","0","","","","","","","Indexable",""
"https://www.how-ma.com/market_price/stations/1672","0","","","","https://www.how-ma.com/market_price/stations/1672","","","Indexable",""
"https://www.how-ma.com/_next/static/chunks/6874-803077cd9e51433b.js","0","","","","","","","Indexable",""
"https://www.how-ma.com/market_price/stations/5906","0","","","","https://www.how-ma.com/market_price/stations/5906","","","Indexable",""
"https://www.how-ma.com/next/top/play-button.svg","0","","","","","","","Indexable",""
"https://www.how-ma.com/mansions/search/秋田県","0","","","","https://www.how-ma.com/mansions/search/秋田県","","","Indexable",""
"https://www.how-ma.com/mansions/search/兵庫県/神戸市","0","","","","https://www.how-ma.com/mansions/search/兵庫県/神戸市","","","Indexable",""
"https://www.how-ma.com/mansions/search/東京都/渋谷区","0","","","","https://www.how-ma.com/mansions/search/東京都/渋谷区","","","Indexable",""
"https://www.how-ma.com/mag/sell/completion-of-sale-interview-12","1","max-snippet:-1, max-image-preview:large, max-video-preview:-1","","","https://www.how-ma.com/mag/sell/completion-of-sale-interview-12/","https://www.how-ma.com/mag/sell/completion-of-sale-interview-12/","","Non-Indexable","Canonicalised"
"https://www.how-ma.com/mansions/search/東京都/板橋区","0","","","","https://www.how-ma.com/mansions/search/東京都/板橋区","","","Indexable",""
"https://www.how-ma.com/mag/sell/what-is-real-estate-ai-appraisal-explaining-how-it-works-and-its-accuracy","1","max-snippet:-1, max-image-preview:large, max-video-preview:-1","","","https://www.how-ma.com/mag/sell/what-is-real-estate-ai-appraisal-explaining-how-it-works-and-its-accuracy/","https://www.how-ma.com/mag/sell/what-is-real-estate-ai-appraisal-explaining-how-it-works-and-its-accuracy/","","Non-Indexable","Canonicalised"
"https://www.how-ma.com/mag/sell/souba-kyukyoku","1","max-snippet:-1, max-image-preview:large, max-video-preview:-1","","","https://www.how-ma.com/mag/sell/souba-kyukyoku/","https://www.how-ma.com/mag/sell/souba-kyukyoku/","","Non-Indexable","Canonicalised"
"https://www.how-ma.com/_next/static/chunks/3353-75ebcf8c9cb82024.js","0","","","","","","","Indexable",""
"https://www.how-ma.com/mag/sell/kyoyu-sell","1","max-snippet:-1, max-image-preview:large, max-video-preview:-1","","","https://www.how-ma.com/mag/sell/kyoyu-sell/","https://www.how-ma.com/mag/sell/kyoyu-sell/","","Non-Indexable","Canonicalised"
"https://www.how-ma.com/_next/image?url=%2Fnext%2Ftop%2Fmypage_mock.png&w=640&q=75","0","","","","","","","Indexable",""
"https://www.how-ma.com/mansions/search/静岡県/静岡市","0","","","","https://www.how-ma.com/mansions/search/静岡県/静岡市","","","Indexable",""
"https://www.how-ma.com/next/top/icon_interviewee_1.svg","0","","","","","","","Indexable",""
"https://www.how-ma.com/mansions/search/広島県/広島市","0","","","","https://www.how-ma.com/mansions/search/広島県/広島市","","","Indexable",""
"https://www.how-ma.com/mansions/search/千葉県","0","","","","https://www.how-ma.com/mansions/search/千葉県","","","Indexable",""
"https://www.how-ma.com/market_price/stations/5779","0","","","","https://www.how-ma.com/market_price/stations/5779","","","Indexable",""
"https://www.how-ma.com/mansions/search/新潟県","0","","","","https://www.how-ma.com/mansions/search/新潟県","","","Indexable",""
"https://www.how-ma.com/next/top/dashed_line.svg","0","","","","","","","Indexable",""
"https://www.how-ma.com/_next/static/chunks/213-74b4e4e7976f8d1a.js","0","","","","","","","Indexable",""
"https://www.how-ma.com/mansions/search/岐阜県","0","","","","https://www.how-ma.com/mansions/search/岐阜県","","","Indexable",""
"https://www.how-ma.com/_next/image?url=%2Fnext%2Flogo_zenchin.png&w=384&q=75","0","","","","","","","Indexable",""
"https://www.how-ma.com/market_price/stations/5658","0","","","","https://www.how-ma.com/market_price/stations/5658","","","Indexable",""
"https://www.how-ma.com/mansions/search/北海道","0","","","","https://www.how-ma.com/mansions/search/北海道","","","Indexable",""
"https://www.how-ma.com/mansions/search/東京都/中央区","0","","","","https://www.how-ma.com/mansions/search/東京都/中央区","","","Indexable",""
"https://www.how-ma.com/market_price/stations/5896","0","","","","https://www.how-ma.com/market_price/stations/5896","","","Indexable",""
"https://www.how-ma.com/market_price/stations/5776","0","","","","https://www.how-ma.com/market_price/stations/5776","","","Indexable",""
"https://www.how-ma.com/_next/image?url=%2Fnext%2Flogo_panasonic.png&w=256&q=75","0","","","","","","","Indexable",""
"https://www.how-ma.com/_next/static/chunks/5594-bb06a8d55c5d24f4.js","0","","","","","","","Indexable",""
"https://www.how-ma.com/_next/static/chunks/1635-2b8da999a711ed00.js","0","","","","","","","Indexable",""
"https://www.how-ma.com/next/top/customer-border7.svg","0","","","","","","","Indexable",""
"https://www.how-ma.com/_next/image?url=%2Fnext%2Flogo_bsnittere.jpg&w=384&q=75","0","","","","","","","Indexable",""
"https://www.how-ma.com/next/top/customer-border2.svg","0","","","","","","","Indexable",""
"https://www.how-ma.com/market_price/stations/5648","0","","","","https://www.how-ma.com/market_price/stations/5648","","","Indexable",""
"https://www.how-ma.com/mansions/search/福岡県/福岡市","0","","","","https://www.how-ma.com/mansions/search/福岡県/福岡市","","","Indexable",""
"https://www.how-ma.com/mansions/search/東京都/台東区","0","","","","https://www.how-ma.com/mansions/search/東京都/台東区","","","Indexable",""
"https://www.how-ma.com/next/top/icon_customer_3.svg","0","","","","","","","Indexable",""
"https://www.how-ma.com/mansions/search/福岡県","0","","","","https://www.how-ma.com/mansions/search/福岡県","","","Indexable",""
"https://www.how-ma.com/mansions/search/群馬県","0","","","","https://www.how-ma.com/mansions/search/群馬県","","","Indexable",""
"https://www.how-ma.com/market_price/stations/7145","0","","","","https://www.how-ma.com/market_price/stations/7145","","","Indexable",""
"https://www.how-ma.com/market_price/stations/6050","0","","","","https://www.how-ma.com/market_price/stations/6050","","","Indexable",""
"https://www.how-ma.com/mansions/search/福井県","0","","","","https://www.how-ma.com/mansions/search/福井県","","","Indexable",""
"https://www.how-ma.com/mansions/search/大阪府","0","","","","https://www.how-ma.com/mansions/search/大阪府","","","Indexable",""
"https://www.how-ma.com/_next/static/chunks/1017-5a2b66b8bf00c296.js","0","","","","","","","Indexable",""
"https://www.how-ma.com/mansions/search/東京都","0","","","","https://www.how-ma.com/mansions/search/東京都","","","Indexable",""
"https://www.how-ma.com/mag/sell/reputation-and-smart-use-of-howma-real-estate-ai-praisal","1","max-snippet:-1, max-image-preview:large, max-video-preview:-1","","","https://www.how-ma.com/mag/sell/reputation-and-smart-use-of-howma-real-estate-ai-praisal/","https://www.how-ma.com/mag/sell/reputation-and-smart-use-of-howma-real-estate-ai-praisal/","","Non-Indexable","Canonicalised"
"https://www.how-ma.com/_next/image?url=%2Fnext%2Flogo_livable.png&w=256&q=75","0","","","","","","","Indexable",""
"https://www.how-ma.com/mansions/search/奈良県","0","","","","https://www.how-ma.com/mansions/search/奈良県","","","Indexable",""
"https://www.how-ma.com/_next/image?url=%2Fnext%2Flogo_ttfuhan.png&w=256&q=75","0","","","","","","","Indexable",""
"https://www.how-ma.com/mansions/search/宮城県/仙台市","0","","","","https://www.how-ma.com/mansions/search/宮城県/仙台市","","","Indexable",""
"https://www.how-ma.com/mansions/search/栃木県","0","","","","https://www.how-ma.com/mansions/search/栃木県","","","Indexable",""
"https://www.how-ma.com/market_price/stations/9051","0","","","","https://www.how-ma.com/market_price/stations/9051","","","Indexable",""
"https://www.how-ma.com/mansions/search/岡山県/岡山市","0","","","","https://www.how-ma.com/mansions/search/岡山県/岡山市","","","Indexable",""
"https://www.how-ma.com/_next/static/chunks/7282-49d4ba96613d3453.js","0","","","","","","","Indexable",""
"https://www.how-ma.com/_next/image?url=%2Fnext%2Ftop%2Fmypage_mock.png&w=384&q=75","0","","","","","","","Indexable",""
"https://www.how-ma.com/mansions/search/鹿児島県","0","","","","https://www.how-ma.com/mansions/search/鹿児島県","","","Indexable",""
"https://www.how-ma.com/market_price/stations/5810","0","","","","https://www.how-ma.com/market_price/stations/5810","","","Indexable",""
"https://www.how-ma.com/next/logo_howma.svg","0","","","","","","","Indexable",""
"https://www.how-ma.com/market_price/stations/9052","0","","","","https://www.how-ma.com/market_price/stations/9052","","","Indexable",""
"https://www.how-ma.com/mansions/search/兵庫県","0","","","","https://www.how-ma.com/mansions/search/兵庫県","","","Indexable",""
"https://www.how-ma.com/_next/static/chunks/8895-8ae484da28ae9517.js","0","","","","","","","Indexable",""
"https://www.how-ma.com/next/top/icon_interviewee_3.svg","0","","","","","","","Indexable",""
"https://www.how-ma.com/_next/image?url=%2Fnext%2Flogo_howma_magazine.png&w=640&q=75","0","","","","","","","Indexable",""
"https://www.how-ma.com/next/top/icon_customer_1.svg","0","","","","","","","Indexable",""
"https://www.how-ma.com/mansions/search/東京都/目黒区","0","","","","https://www.how-ma.com/mansions/search/東京都/目黒区","","","Indexable",""
"https://www.how-ma.com/_next/static/chunks/6644-0df008442a957755.js","0","","","","","","","Indexable",""
"https://www.how-ma.com/mag/sell/mystery-brokerage","1","max-snippet:-1, max-image-preview:large, max-video-preview:-1","","","https://www.how-ma.com/mag/sell/mystery-brokerage/","https://www.how-ma.com/mag/sell/mystery-brokerage/","","Non-Indexable","Canonicalised"
"https://www.how-ma.com/mansions/search/鳥取県","0","","","","https://www.how-ma.com/mansions/search/鳥取県","","","Indexable",""
"https://www.how-ma.com/_next/static/chunks/6438-879e86746f906139.js","0","","","","","","","Indexable",""
"https://www.how-ma.com/market_price/stations/5814","0","","","","https://www.how-ma.com/market_price/stations/5814","","","Indexable",""
"https://www.how-ma.com/market_price/stations/5813","0","","","","https://www.how-ma.com/market_price/stations/5813","","","Indexable",""
"https://www.how-ma.com/mag/sell/rinjin-trouble","1","max-snippet:-1, max-image-preview:large, max-video-preview:-1","","","https://www.how-ma.com/mag/sell/rinjin-trouble/","https://www.how-ma.com/mag/sell/rinjin-trouble/","","Non-Indexable","Canonicalised"
"https://www.how-ma.com/mansions/search/東京都/墨田区","0","","","","https://www.how-ma.com/mansions/search/東京都/墨田区","","","Indexable",""
"https://www.how-ma.com/mansions/search/愛知県","0","","","","https://www.how-ma.com/mansions/search/愛知県","","","Indexable",""
"https://www.how-ma.com/market_price/stations/6038","0","","","","https://www.how-ma.com/market_price/stations/6038","","","Indexable",""
"https://www.how-ma.com/next/top/building.svg","0","","","","","","","Indexable",""
"https://www.how-ma.com/next/top/icon_customer_6.svg","0","","","","","","","Indexable",""
"https://www.how-ma.com/next/top/customer-border4.svg","0","","","","","","","Indexable",""
"https://www.how-ma.com/mansions/search/長崎県","0","","","","https://www.how-ma.com/mansions/search/長崎県","","","Indexable",""
"https://www.how-ma.com/mansions/search/東京都/葛飾区","0","","","","https://www.how-ma.com/mansions/search/東京都/葛飾区","","","Indexable",""
"https://www.how-ma.com/_next/static/chunks/4356-ff6890b0dcdc24dd.js","0","","","","","","","Indexable",""
"https://www.how-ma.com/market_price/mansions/53721","0","","","","https://www.how-ma.com/market_price/mansions/53721","","","Indexable",""
"https://www.how-ma.com/next/logo_howma_white.svg","0","","","","","","","Indexable",""
"https://www.how-ma.com/market_price/stations/3204","0","","","","https://www.how-ma.com/market_price/stations/3204","","","Indexable",""
"https://www.how-ma.com/market_price/stations/6031","0","","","","https://www.how-ma.com/market_price/stations/6031","","","Indexable",""
"https://www.how-ma.com/market_price/stations/11047","0","","","","https://www.how-ma.com/market_price/stations/11047","","","Indexable",""
"https://www.how-ma.com/_next/static/chunks/9220-0cc7953133e18f9c.js","0","","","","","","","Indexable",""
"https://www.how-ma.com/_next/static/chunks/app/layout-fbe5ca284ef90c1a.js","0","","","","","","","Indexable",""
"https://www.how-ma.com/market_price/stations/6049","0","","","","https://www.how-ma.com/market_price/stations/6049","","","Indexable",""
"https://www.how-ma.com/mag/buy/mansion-soba-23ku","1","max-snippet:-1, max-image-preview:large, max-video-preview:-1","","","https://www.how-ma.com/mag/buy/mansion-soba-23ku/","https://www.how-ma.com/mag/buy/mansion-soba-23ku/","","Non-Indexable","Canonicalised"
"https://www.how-ma.com/market_price/stations/6048","0","","","","https://www.how-ma.com/market_price/stations/6048","","","Indexable",""
"https://www.how-ma.com/market_price/stations/6047","0","","","","https://www.how-ma.com/market_price/stations/6047","","","Indexable",""
"https://www.how-ma.com/next/top/right-arrow.svg","0","","","","","","","Indexable",""
"https://www.how-ma.com/mansions/search/茨城県","0","","","","https://www.how-ma.com/mansions/search/茨城県","","","Indexable",""
"https://www.how-ma.com/mansions/search/熊本県/熊本市","0","","","","https://www.how-ma.com/mansions/search/熊本県/熊本市","","","Indexable",""
"https://www.how-ma.com/_next/static/chunks/polyfills-42372ed130431b0a.js","0","","","","","","","Indexable",""
"https://www.how-ma.com/mansions/search/東京都/荒川区","0","","","","https://www.how-ma.com/mansions/search/東京都/荒川区","","","Indexable",""
"https://www.how-ma.com/mansions/search/神奈川県","0","","","","https://www.how-ma.com/mansions/search/神奈川県","","","Indexable",""
"https://www.how-ma.com/_next/static/chunks/6403-be49c1f6e521e394.js","0","","","","","","","Indexable",""
"https://www.how-ma.com/mansions/search/島根県","0","","","","https://www.how-ma.com/mansions/search/島根県","","","Indexable",""
"https://www.how-ma.com/mansions/search/長野県","0","","","","https://www.how-ma.com/mansions/search/長野県","","","Indexable",""
"https://www.how-ma.com/mansions/search/東京都/千代田区","0","","","","https://www.how-ma.com/mansions/search/東京都/千代田区","","","Indexable",""
"https://www.how-ma.com/mansions/search/東京都/世田谷区","0","","","","https://www.how-ma.com/mansions/search/東京都/世田谷区","","","Indexable",""
"https://www.how-ma.com/mansions/search/東京都/豊島区","0","","","","https://www.how-ma.com/mansions/search/東京都/豊島区","","","Indexable",""
"https://www.how-ma.com/mansions/search/佐賀県","0","","","","https://www.how-ma.com/mansions/search/佐賀県","","","Indexable",""
"https://www.how-ma.com/market_price/stations/6016","0","","","","https://www.how-ma.com/market_price/stations/6016","","","Indexable",""
"https://www.how-ma.com/next/top/icon_customer_2.svg","0","","","","","","","Indexable",""
"https://www.how-ma.com/market_price/stations/6015","0","","","","https://www.how-ma.com/market_price/stations/6015","","","Indexable",""
"https://www.how-ma.com/mansions/search/岩手県","0","","","","https://www.how-ma.com/mansions/search/岩手県","","","Indexable",""
"https://www.how-ma.com/mag/sell/consultationroom-18","1","max-snippet:-1, max-image-preview:large, max-video-preview:-1","","","https://www.how-ma.com/mag/sell/consultationroom-18/","https://www.how-ma.com/mag/sell/consultationroom-18/","","Non-Indexable","Canonicalised"
"https://www.how-ma.com/next/top/customer-border8.svg","0","","","","","","","Indexable",""
"https://www.how-ma.com/next/top/customer-border1.svg","0","","","","","","","Indexable",""
"https://www.how-ma.com/_next/static/chunks/2582-b6b5c61cef90b263.js","0","","","","","","","Indexable",""
"https://www.how-ma.com/_next/image?url=%2Fnext%2Flogo_economist.png&w=384&q=75","0","","","","","","","Indexable",""
"https://www.how-ma.com/_next/static/chunks/320-a678aabf896f9741.js","0","","","","","","","Indexable",""
"https://www.how-ma.com/mansions/search/宮崎県","0","","","","https://www.how-ma.com/mansions/search/宮崎県","","","Indexable",""
"https://www.how-ma.com/mag/market/detached-house-quotes-by-prefecture","1","max-snippet:-1, max-image-preview:large, max-video-preview:-1","","","https://www.how-ma.com/mag/market/detached-house-quotes-by-prefecture/","https://www.how-ma.com/mag/market/detached-house-quotes-by-prefecture/","","Non-Indexable","Canonicalised"
"https://www.how-ma.com/mag/sell/mansion-detachedhouse-assessment","1","max-snippet:-1, max-image-preview:large, max-video-preview:-1","","","https://www.how-ma.com/mag/sell/mansion-detachedhouse-assessment/","https://www.how-ma.com/mag/sell/mansion-detachedhouse-assessment/","","Non-Indexable","Canonicalised"
"https://www.how-ma.com/mansions/search/徳島県","0","","","","https://www.how-ma.com/mansions/search/徳島県","","","Indexable",""
"https://www.how-ma.com/_next/static/chunks/webpack-928251c7c72ad4a5.js","0","","","","","","","Indexable",""
"https://www.how-ma.com/mansions/search/東京都/港区","0","","","","https://www.how-ma.com/mansions/search/東京都/港区","","","Indexable",""
"https://www.how-ma.com/mansions/search/東京都/江戸川区","0","","","","https://www.how-ma.com/mansions/search/東京都/江戸川区","","","Indexable",""
"https://www.how-ma.com/mansions/search/東京都/中野区","0","","","","https://www.how-ma.com/mansions/search/東京都/中野区","","","Indexable",""
"https://www.how-ma.com/_next/static/chunks/app/(public)/(top)/page-12c1e026c1297c8e.js","0","","","","","","","Indexable",""
"https://www.how-ma.com/market_price/stations/9534","0","","","","https://www.how-ma.com/market_price/stations/9534","","","Indexable",""
"https://www.how-ma.com/users/ba_sign_up/standard","0","","","","https://www.how-ma.com/users/ba_sign_up/standard","","","Indexable",""
"https://www.how-ma.com/_next/image?url=%2Fnext%2Ftop%2Fphoto_guide_3.jpg&w=3840&q=75","0","","","","","","","Indexable",""
"https://www.how-ma.com/mansions/search/東京都/杉並区","0","","","","https://www.how-ma.com/mansions/search/東京都/杉並区","","","Indexable",""
"https://www.how-ma.com/_next/image?url=%2Fnext%2Flogo_nikkei.png&w=384&q=75","0","","","","","","","Indexable",""
"https://www.how-ma.com/_next/image?url=%2Fnext%2Ftop%2Fphoto_concierge_1.jpg&w=640&q=75","0","","","","","","","Indexable",""
"https://www.how-ma.com/mansions/search/千葉県/千葉市","0","","","","https://www.how-ma.com/mansions/search/千葉県/千葉市","","","Indexable",""
"https://www.how-ma.com/_next/static/chunks/4814-e65c9c9b0acff539.js","0","","","","","","","Indexable",""
"https://www.how-ma.com/next/top/train.svg","0","","","","","","","Indexable",""
"https://www.how-ma.com/mansions/search/宮城県","0","","","","https://www.how-ma.com/mansions/search/宮城県","","","Indexable",""
"https://www.how-ma.com/mansions/search/東京都/品川区","0","","","","https://www.how-ma.com/mansions/search/東京都/品川区","","","Indexable",""
"https://www.how-ma.com/mansions/search/高知県","0","","","","https://www.how-ma.com/mansions/search/高知県","","","Indexable",""
"https://www.how-ma.com/_next/static/chunks/app/(public)/layout-27f0d1b3b7446faa.js","0","","","","","","","Indexable",""
"https://www.how-ma.com/mag/sell/8-things-you-should-never-do-when-selling-house","1","max-snippet:-1, max-image-preview:large, max-video-preview:-1","","","https://www.how-ma.com/mag/sell/8-things-you-should-never-do-when-selling-house/","https://www.how-ma.com/mag/sell/8-things-you-should-never-do-when-selling-house/","","Non-Indexable","Canonicalised"
"https://www.how-ma.com/_next/static/chunks/4bd1b696-3227c761ab9a1725.js","0","","","","","","","Indexable",""
"https://www.how-ma.com/mansions/search/和歌山県","0","","","","https://www.how-ma.com/mansions/search/和歌山県","","","Indexable",""
"https://www.how-ma.com/mansions/search/東京都/江東区","0","","","","https://www.how-ma.com/mansions/search/東京都/江東区","","","Indexable",""
"https://www.how-ma.com/mansions/search/三重県","0","","","","https://www.how-ma.com/mansions/search/三重県","","","Indexable",""
"https://www.how-ma.com/market_price/stations/10558","0","","","","https://www.how-ma.com/market_price/stations/10558","","","Indexable",""
"https://www.how-ma.com/mansions/search/埼玉県/さいたま市","0","","","","https://www.how-ma.com/mansions/search/埼玉県/さいたま市","","","Indexable",""
"https://www.how-ma.com/_next/image?url=%2Fnext%2Flogo_meiwajisyo.png&w=256&q=75","0","","","","","","","Indexable",""
"https://www.how-ma.com/mansions/search/山口県","0","","","","https://www.how-ma.com/mansions/search/山口県","","","Indexable",""
"https://www.how-ma.com/_next/image?url=%2Fnext%2Ftop%2Fphoto_concierge_2.png&w=1920&q=75","0","","","","","","","Indexable",""
"https://www.how-ma.com/mansions/search/神奈川県/横浜市","0","","","","https://www.how-ma.com/mansions/search/神奈川県/横浜市","","","Indexable",""
"https://www.how-ma.com/market_price/stations/10559","0","","","","https://www.how-ma.com/market_price/stations/10559","","","Indexable",""
"https://www.how-ma.com/_next/static/chunks/9240-364dd5492bee7d4d.js","0","","","","","","","Indexable",""
"https://www.how-ma.com/mag/sell/sales-contract","1","max-snippet:-1, max-image-preview:large, max-video-preview:-1","","","https://www.how-ma.com/mag/sell/sales-contract/","https://www.how-ma.com/mag/sell/sales-contract/","","Non-Indexable","Canonicalised"
"https://www.how-ma.com/market_price/stations/6072","0","","","","https://www.how-ma.com/market_price/stations/6072","","","Indexable",""
"https://www.how-ma.com/mansions/search/東京都/大田区","0","","","","https://www.how-ma.com/mansions/search/東京都/大田区","","","Indexable",""
"https://www.how-ma.com/mansions/search/石川県","0","","","","https://www.how-ma.com/mansions/search/石川県","","","Indexable",""
"https://www.how-ma.com/mansions/search/神奈川県/相模原市","0","","","","https://www.how-ma.com/mansions/search/神奈川県/相模原市","","","Indexable",""
"https://www.how-ma.com/mansions/search/福岡県/北九州市","0","","","","https://www.how-ma.com/mansions/search/福岡県/北九州市","","","Indexable",""
"https://www.how-ma.com/_next/static/chunks/9507-ab53b83b60e50128.js","0","","","","","","","Indexable",""
"https://www.how-ma.com/next/top/right-arrow-circle.svg","0","","","","","","","Indexable",""
"https://www.how-ma.com/_next/static/chunks/main-app-c55311b0014f9907.js","0","","","","","","","Indexable",""
"https://www.how-ma.com/_next/static/chunks/526-8c0877b8b0813aca.js","0","","","","","","","Indexable",""
"https://www.how-ma.com/mansions/search/静岡県","0","","","","https://www.how-ma.com/mansions/search/静岡県","","","Indexable",""
"https://www.how-ma.com/mansions/search/広島県","0","","","","https://www.how-ma.com/mansions/search/広島県","","","Indexable",""
"https://www.how-ma.com/mansions/search/神奈川県/川崎市","0","","","","https://www.how-ma.com/mansions/search/神奈川県/川崎市","","","Indexable",""
"https://www.how-ma.com/next/top/heart_on_hand.svg","0","","","","","","","Indexable",""
"https://www.how-ma.com/next/page_top_button.svg","0","","","","","","","Indexable",""
"https://www.how-ma.com/_next/image?url=%2Fnext%2Flogo_mec-h.png&w=256&q=75","0","","","","","","","Indexable",""
"https://www.how-ma.com/market_price/stations?type=house","0","","","","https://www.how-ma.com/market_price/stations","","","Non-Indexable","Canonicalised"
"https://www.how-ma.com/_next/image?url=%2Fnext%2Flogo_keio.png&w=256&q=75","0","","","","","","","Indexable",""
"https://www.how-ma.com/mag/sell/sell-step","1","max-snippet:-1, max-image-preview:large, max-video-preview:-1","","","https://www.how-ma.com/mag/sell/sell-step/","https://www.how-ma.com/mag/sell/sell-step/","","Non-Indexable","Canonicalised"
"https://www.how-ma.com/_next/static/chunks/2053-5f153d14781d6f6b.js","0","","","","","","","Indexable",""
"https://www.how-ma.com/market_price/stations/2168","0","","","","https://www.how-ma.com/market_price/stations/2168","","","Indexable",""
"https://www.how-ma.com/market_price/mansions/140320","0","","","","https://www.how-ma.com/market_price/mansions/140320","","","Indexable",""
"https://www.how-ma.com/_next/static/chunks/7562-e35218570ccba262.js","0","","","","","","","Indexable",""
"https://www.how-ma.com/market_price/stations/9116","0","","","","https://www.how-ma.com/market_price/stations/9116","","","Indexable",""
"https://www.how-ma.com/market_price/stations/5797","0","","","","https://www.how-ma.com/market_price/stations/5797","","","Indexable",""
"https://www.how-ma.com/_next/image?url=%2Fnext%2Flogo_daikyo-anabuki.png&w=256&q=75","0","","","","","","","Indexable",""
"https://www.how-ma.com/next/top/customer-border3.svg","0","","","","","","","Indexable",""
"https://www.how-ma.com/market_price/stations/8024","0","","","","https://www.how-ma.com/market_price/stations/8024","","","Indexable",""
"https://www.how-ma.com/market_price/stations/6088","0","","","","https://www.how-ma.com/market_price/stations/6088","","","Indexable",""
"https://www.how-ma.com/market_price/stations/9594","0","","","","https://www.how-ma.com/market_price/stations/9594","","","Indexable",""
"https://www.how-ma.com/market_price/stations/8022","0","","","","https://www.how-ma.com/market_price/stations/8022","","","Indexable",""
"https://www.how-ma.com/market_price/stations/9475","0","","","","https://www.how-ma.com/market_price/stations/9475","","","Indexable",""
"https://www.how-ma.com/market_price/stations/8023","0","","","","https://www.how-ma.com/market_price/stations/8023","","","Indexable",""
"https://www.how-ma.com/_next/static/chunks/2140-47d1c9daf205dc85.js","0","","","","","","","Indexable",""
"https://www.how-ma.com/mag/category/interview/assessment-interview","1","max-snippet:-1, max-image-preview:large, max-video-preview:-1","","","https://www.how-ma.com/mag/category/interview/assessment-interview/","","","Non-Indexable","Canonicalised"
"https://www.how-ma.com/_next/static/chunks/2574-96e033d28a36cb2d.js","0","","","","","","","Indexable",""
"https://www.how-ma.com/mansions/search/愛媛県","0","","","","https://www.how-ma.com/mansions/search/愛媛県","","","Indexable",""
"https://www.how-ma.com/_next/image?url=%2Fnext%2Flogo_ohkuraya.png&w=256&q=75","0","","","","","","","Indexable",""
"https://www.how-ma.com/_next/image?url=%2Fnext%2Flogo_asahi.png&w=384&q=75","0","","","","","","","Indexable",""
"https://www.how-ma.com/mansions/search/新潟県/新潟市","0","","","","https://www.how-ma.com/mansions/search/新潟県/新潟市","","","Indexable",""
"https://www.how-ma.com/mansions/search/静岡県/浜松市","0","","","","https://www.how-ma.com/mansions/search/静岡県/浜松市","","","Indexable",""
"https://www.how-ma.com/mansions/search/香川県","0","","","","https://www.how-ma.com/mansions/search/香川県","","","Indexable",""
"https://www.how-ma.com/mansions/search/大阪府/大阪市","0","","","","https://www.how-ma.com/mansions/search/大阪府/大阪市","","","Indexable",""
