"Address","Content Type","Status Code","Status","Indexability","Indexability Status","Inlinks","Response Time","Redirect URL","Redirect Type"
"https://www.how-ma.com/mag/","text/html; charset=UTF-8","200","OK","Indexable","","85","0.074","",""
"https://www.how-ma.com/javascripts/fxlx.js?1775459445","application/javascript","200","OK","Indexable","","0","0.054","",""
"https://www.how-ma.com/mag/wp-content/plugins/shifter-algolia-search/assets/js/vendor/instantsearch.production.min.js?ver=1.0.0","application/javascript","200","OK","Indexable","","0","0.089","",""
"https://www.how-ma.com/mag/wp-includes/js/jquery/jquery.min.js?ver=3.7.1","text/javascript","200","OK","Indexable","","0","0.052","",""
"https://www.how-ma.com/mag/wp-content/uploads/completion-of-sale-interview-39-768x390.png","image/png","200","OK","Indexable","","0","0.067","",""
"https://www.how-ma.com/mag/category/special/","text/html; charset=UTF-8","200","OK","Indexable","","191","0.133","",""
"https://www.how-ma.com/mag","text/html; charset=UTF-8","200","OK","Non-Indexable","Canonicalised","455","0.118","",""
"https://www.how-ma.com/mag/page/2/","text/html; charset=UTF-8","200","OK","Indexable","","8","0.027","",""
"https://how-ma.com/users/sign_up","","301","Moved Permanently","Non-Indexable","Redirected","81","0.016","https://www.how-ma.com/users/sign_up","HTTP Redirect"
"https://www.how-ma.com/mag/wp-content/uploads/completion-of-sale-interview-42-3-768x390.png","image/png","200","OK","Indexable","","0","0.029","",""
"https://www.how-ma.com/mag/wp-content/themes/the-thor/js/fit-sidebar.min.js?ver=6.9.4","application/javascript","200","OK","Indexable","","0","0.017","",""
"https://www.how-ma.com/mag/wp-content/uploads/completion-of-sale-interview-47-1-768x390.png","image/png","200","OK","Indexable","","0","0.054","",""
"https://www.how-ma.com/mag/wp-content/uploads/completion-of-sale-interview-46-768x390.png","image/png","200","OK","Indexable","","0","0.070","",""
"https://www.how-ma.com/mag/wp-content/uploads/2016/10/424-4.jpeg","image/jpeg","200","OK","Indexable","","0","0.058","",""
"https://www.how-ma.com/mag/wp-content/uploads/completion-of-sale-interview-45-768x390.png","image/png","200","OK","Indexable","","0","0.073","",""
"https://www.how-ma.com/mag/wp-content/uploads/completion-of-sale-interview-44-768x390.png","image/png","200","OK","Indexable","","0","0.082","",""
"https://www.how-ma.com/otoiawase/new","text/html; charset=utf-8","200","OK","Non-Indexable","noindex","235","0.082","",""
"https://www.how-ma.com/mag/wp-content/themes/the-thor-child/style.css?ver= %20 %201.0.1703662115","text/css","200","OK","Indexable","","0","0.022","",""
"https://www.how-ma.com/mag/wp-content/themes/the-thor/style.css?ver=6.9.4","text/css","200","OK","Indexable","","0","0.060","",""
"https://www.how-ma.com/privacy","text/html; charset=utf-8","200","OK","Non-Indexable","noindex","237","0.064","",""
"https://www.googletagmanager.com/ns.html?id=GTM-K3HGTNM","text/html; charset=UTF-8","200","OK","Indexable","","0","0.073","",""
"https://www.how-ma.com/mag/wp-content/plugins/shifter-algolia-search/assets/css/satellite-min.css?ver=1.0.0","text/css","200","OK","Indexable","","0","0.062","",""
"https://www.how-ma.com/mag/wp-content/plugins/rocket-lazy-load/assets/js/16.1/lazyload.min.js","application/javascript","200","OK","Indexable","","0","0.071","",""
"https://www.how-ma.com/mag/wp-content/plugins/shifter-algolia-search/assets/js/vendor/algoliasearch-lite.umd.js?ver=1.0.0","application/javascript","200","OK","Indexable","","0","0.021","",""
"https://www.how-ma.com/mag/interview/completion-of-sale-interview-41/","text/html; charset=UTF-8","200","OK","Indexable","","24","0.323","",""
"https://www.how-ma.com/mag/interview/completion-of-sale-interview-45/","text/html; charset=UTF-8","200","OK","Indexable","","67","0.326","",""
"https://www.how-ma.com/mag/category/interview/assessment-interview/","text/html; charset=UTF-8","200","OK","Indexable","","157","0.324","",""
"https://www.how-ma.com/mag/wp-content/uploads/howma_magazine_logo-1.png","image/png","200","OK","Indexable","","0","0.020","",""
"https://www.how-ma.com/mag/wp-content/uploads/completion-of-sale-interview-43-2-768x390.png","image/png","200","OK","Indexable","","0","0.095","",""
"https://www.how-ma.com/","text/html; charset=utf-8","200","OK","Indexable","","759","0.128","",""
"https://www.how-ma.com/mag/authors/","text/html; charset=UTF-8","200","OK","Indexable","","83","0.229","",""
"https://www.how-ma.com/mag/sell/completion-of-sale-interview-47/","text/html; charset=UTF-8","200","OK","Indexable","","103","0.088","",""
"https://www.how-ma.com/mag/category/news/","text/html; charset=UTF-8","200","OK","Indexable","","145","0.445","",""
"https://www.how-ma.com/mag/category/market/","text/html; charset=UTF-8","200","OK","Indexable","","148","0.034","",""
"https://www.how-ma.com/mag/wp-includes/css/dist/block-library/style.min.css?ver=6.9.4","text/css","200","OK","Indexable","","0","0.020","",""
"https://www.how-ma.com/mag/category/interview/","text/html; charset=UTF-8","200","OK","Indexable","","281","0.126","",""
"https://www.how-ma.com/mag/category/sell/","text/html; charset=UTF-8","200","OK","Indexable","","225","0.243","",""
"https://www.how-ma.com/mag/interview/completion-of-sale-interview-44/","text/html; charset=UTF-8","200","OK","Indexable","","65","0.242","",""
"https://www.how-ma.com/mag/wp-content/uploads/ab2556a3998e0d13dabf56980cf21176_s.jpg","image/jpeg","200","OK","Indexable","","0","0.021","",""
"https://www.how-ma.com/mag/wp-includes/js/jquery/jquery-migrate.min.js?ver=3.4.1","text/javascript","200","OK","Indexable","","0","0.024","",""
"https://www.how-ma.com/mag/sell/sales-negotiation/","text/html; charset=UTF-8","200","OK","Indexable","","21","0.439","",""
"https://www.how-ma.com/mag/wp-content/plugins/liquid-speech-balloon/css/block.css?ver=6.9.4","text/css","200","OK","Indexable","","0","0.018","",""
"https://www.how-ma.com/mag/wp-content/uploads/completion-of-sale-interview-38-2-768x390.png","image/png","200","OK","Indexable","","0","0.071","",""
"https://www.how-ma.com/mag/sell/price-change/","text/html; charset=UTF-8","200","OK","Indexable","","21","0.255","",""
"https://www.how-ma.com/mag/wp-content/plugins/all-in-one-seo-pack/dist/Lite/assets/css/table-of-contents/global.e90f6d47.css?ver=4.9.5.1","text/css","200","OK","Indexable","","0","0.099","",""
"https://www.how-ma.com/mag/wp-includes/js/thickbox/thickbox.js?ver=3.1-20121105","text/javascript","200","OK","Indexable","","0","0.057","",""
"https://www.how-ma.com/mag/wp-content/uploads/2018/05/21a42f360b0effb11804517fd783059f_s.jpg","image/jpeg","200","OK","Indexable","","0","0.023","",""
"https://www.how-ma.com/mag/interview/completion-of-sale-interview-39/","text/html; charset=UTF-8","200","OK","Indexable","","23","0.276","",""
"https://www.facebook.com/HowMa.home","text/html; charset=""utf-8""","200","OK","Indexable","","81","0.787","",""
"https://www.how-ma.com/mag/wp-content/themes/the-thor/style.min.css","text/css","200","OK","Indexable","","0","0.058","",""
"https://www.how-ma.com/mag/wp-content/uploads/completion-of-sale-interview-40-768x390.png","image/png","200","OK","Indexable","","0","0.059","",""
"https://www.how-ma.com/mag/wp-content/plugins/shifter-algolia-search/assets/js/algolia-search.js?ver=1.0.0","application/javascript","200","OK","Indexable","","0","0.021","",""
"https://www.how-ma.com/mag/category/money/","text/html; charset=UTF-8","200","OK","Indexable","","140","0.057","",""
"https://www.how-ma.com/mag/wp-content/themes/the-thor/js/smoothlink.min.js?ver=6.9.4","application/javascript","200","OK","Indexable","","0","0.016","",""
"https://www.how-ma.com/mag/interview/completion-of-sale-interview-43/","text/html; charset=UTF-8","200","OK","Indexable","","23","0.395","",""
"https://www.how-ma.com/mag/page/3/","text/html; charset=UTF-8","200","OK","Indexable","","7","0.031","",""
"https://www.how-ma.com/mag/category/buy/","text/html; charset=UTF-8","200","OK","Indexable","","142","0.276","",""
"https://www.how-ma.com/mag/interview/completion-of-sale-interview-38/","text/html; charset=UTF-8","200","OK","Indexable","","21","0.347","",""
"https://www.how-ma.com/mag/wp-content/uploads/completion-of-sale-interview-41-2-768x390.png","image/png","200","OK","Indexable","","0","0.031","",""
"https://www.how-ma.com/mag/wp-includes/css/dashicons.min.css?ver=6.9.4","text/css","200","OK","Indexable","","0","0.045","",""
"https://www.how-ma.com/mag/interview/completion-of-sale-interview-46/","text/html; charset=UTF-8","200","OK","Indexable","","66","0.288","",""
"https://www.how-ma.com/mag/sell/completion-of-sale-interview-40/","text/html; charset=UTF-8","200","OK","Indexable","","59","0.471","",""
"https://www.how-ma.com/mag/wp-includes/js/thickbox/thickbox.css?ver=6.9.4","text/css","200","OK","Indexable","","0","0.019","",""
"https://www.how-ma.com/mag/sell/souba-kyukyoku/","text/html; charset=UTF-8","200","OK","Indexable","","24","0.437","",""
"https://www.how-ma.com/mag/wp-content/themes/the-thor/js/offline.min.js?ver=6.9.4","application/javascript","200","OK","Indexable","","0","0.073","",""
"https://www.how-ma.com/mag/content_policy/","text/html; charset=UTF-8","200","OK","Indexable","","83","0.409","",""
"https://prtimes.jp/main/html/rd/p/000000070.000014770.html","text/html; charset=utf-8","200","OK","Indexable","","1","0.078","",""
"https://twitter.com/howma0805","text/html; charset=utf-8","301","Moved Permanently","Non-Indexable","Redirected","102","0.129","https://x.com/howma0805","HTTP Redirect"
"https://www.how-ma.com/mag/interview/completion-of-sale-interview-42/","text/html; charset=UTF-8","200","OK","Indexable","","20","0.289","",""
"https://www.estate-tech.co.jp/news/34550/","text/html; charset=UTF-8","200","OK","Indexable","","1","0.095","",""
"https://japan.cnet.com/article/35203804/","text/html; charset=UTF-8","200","OK","Indexable","","1","0.048","",""
"https://biz.homes.jp/column/topics-00049","text/html; charset=utf-8","200","OK","Indexable","","1","0.107","",""
"https://stock-sun.com/seminar/housemaker-youtube/","text/html; charset=UTF-8","404","Not Found","Non-Indexable","Client Error","1","0.418","",""
"https://45a5a14a3b57f2cbb261c9545d.doorkeeper.jp/events/148854","text/html; charset=utf-8","200","OK","Indexable","","1","0.311","",""
"https://prtimes.jp/main/html/rd/p/000000048.000014770.html","text/html; charset=utf-8","200","OK","Indexable","","1","0.078","",""
"https://prtimes.jp/main/html/rd/p/000000068.000014770.html","text/html; charset=utf-8","200","OK","Indexable","","1","0.141","",""
"https://mikata-seminar.jp/seminars/277","text/html; charset=utf-8","200","OK","Indexable","","1","0.048","",""
"https://www.how-ma.com/_next/image?url=%2Fnext%2Flogo_gigazine.png&w=384&q=75","image/png","200","OK","Indexable","","0","0.062","",""
"https://www.how-ma.com/market_price/stations/6113","text/html; charset=utf-8","302","Found","Non-Indexable","Redirected","3","0.082","https://www.how-ma.com/market_price/stations/1703","HTTP Redirect"
"https://cocolive.co.jp/seminar/20250710/","text/html; charset=UTF-8","200","OK","Indexable","","1","0.520","",""
"https://bservice.collab-it.net/seminar/20250410_movie","text/html; charset=UTF-8","200","OK","Indexable","","1","0.321","",""
"https://www.how-ma.com/market_price/stations/5822","text/html; charset=utf-8","200","OK","Indexable","","9","0.165","",""
"https://www.how-ma.com/market_price/stations/7208","text/html; charset=utf-8","200","OK","Indexable","","10","0.147","",""
"https://www.how-ma.com/market_price/stations/5821","text/html; charset=utf-8","200","OK","Indexable","","9","0.144","",""
"https://www.how-ma.com/market_price/stations/5700","text/html; charset=utf-8","302","Found","Non-Indexable","Redirected","2","0.081","https://www.how-ma.com/market_price/stations/1608","HTTP Redirect"
"https://www.how-ma.com/_next/static/chunks/4927-475b149b825dc39e.js","application/javascript; charset=UTF-8","200","OK","Indexable","","0","0.021","",""
"https://www.how-ma.com/market_price/stations/9064","text/html; charset=utf-8","302","Found","Non-Indexable","Redirected","3","0.157","https://www.how-ma.com/market_price/stations/9043","HTTP Redirect"
"https://www.how-ma.com/_next/image?url=%2Fnext%2Flogo_cnet.jpg&w=384&q=75","image/jpeg","200","OK","Indexable","","0","0.095","",""
"https://www.how-ma.com/_next/static/chunks/3781-8413f2bf86342267.js","application/javascript; charset=UTF-8","200","OK","Indexable","","0","0.068","",""
"https://www.how-ma.com/market_price/stations/5946","text/html; charset=utf-8","302","Found","Non-Indexable","Redirected","3","0.104","https://www.how-ma.com/market_price/stations/5903","HTTP Redirect"
"https://www.how-ma.com/market_price/stations/7209","text/html; charset=utf-8","200","OK","Indexable","","9","0.187","",""
"https://domani.shogakukan.co.jp/550739","text/html; charset=UTF-8","200","OK","Indexable","","1","2.508","",""
"https://www.how-ma.com/next/top/icon_interviewee_2.svg","image/svg+xml","200","OK","Indexable","","0","0.072","",""
"https://www.how-ma.com/market_price/stations/6003","text/html; charset=utf-8","200","OK","Indexable","","8","0.179","",""
"https://www.how-ma.com/market_price/stations/9512","text/html; charset=utf-8","200","OK","Indexable","","8","0.126","",""
"https://www.how-ma.com/market_price/stations/9634","text/html; charset=utf-8","302","Found","Non-Indexable","Redirected","2","0.081","https://www.how-ma.com/market_price/stations/9474","HTTP Redirect"
"https://www.how-ma.com/market_price/stations/6009","text/html; charset=utf-8","302","Found","Non-Indexable","Redirected","3","0.108","https://www.how-ma.com/market_price/stations/1666","HTTP Redirect"
"https://www.how-ma.com/mansions/search/青森県","text/html; charset=utf-8","200","OK","Indexable","","6","0.122","",""
"https://www.how-ma.com/_next/static/chunks/5786-65cda15faa84276f.js","application/javascript; charset=UTF-8","200","OK","Indexable","","0","0.017","",""
"https://www.how-ma.com/mansions/search/東京都/練馬区","text/html; charset=utf-8","200","OK","Indexable","","7","4.761","",""
"https://www.how-ma.com/_next/image?url=%2Fnext%2Flogo_nomura-plus.png&w=256&q=75","image/png","200","OK","Indexable","","0","0.037","",""
"https://static.cloudflareinsights.com/beacon.min.js/v8c78df7c7c0f484497ecbca7046644da1771523124516","text/javascript;charset=UTF-8","200","OK","Indexable","","0","0.041","",""
"https://www.how-ma.com/next/top/icon_customer_5.svg","image/svg+xml","200","OK","Indexable","","0","0.079","",""
"https://www.how-ma.com/market_price/stations/7210","text/html; charset=utf-8","200","OK","Indexable","","8","0.272","",""
"https://www.how-ma.com/_next/static/chunks/9352-0ba277d97b11e4c3.js","application/javascript; charset=UTF-8","200","OK","Indexable","","0","0.016","",""
"https://www.how-ma.com/market_price/stations/9084","text/html; charset=utf-8","302","Found","Non-Indexable","Redirected","3","0.116","https://www.how-ma.com/market_price/stations/2608","HTTP Redirect"
"https://www.how-ma.com/mansions/search/京都府","text/html; charset=utf-8","200","OK","Indexable","","10","0.108","",""
"https://www.how-ma.com/mansions/search/山梨県","text/html; charset=utf-8","200","OK","Indexable","","8","10.835","",""
"https://www.how-ma.com/mansions/search/大分県","text/html; charset=utf-8","200","OK","Indexable","","6","10.279","",""
"https://www.how-ma.com/mag/sell/owner-change","text/html; charset=UTF-8","200","OK","Non-Indexable","Canonicalised","19","0.680","",""
"https://www.how-ma.com/mansions/search/東京都/文京区","text/html; charset=utf-8","200","OK","Indexable","","14","0.101","",""
"https://www.how-ma.com/next/top/customer-border5.svg","image/svg+xml","200","OK","Indexable","","0","1.383","",""
"https://www.how-ma.com/market_price/stations/7786","text/html; charset=utf-8","302","Found","Non-Indexable","Redirected","3","0.090","https://www.how-ma.com/market_price/stations/7770","HTTP Redirect"
"https://www.how-ma.com/mansions/search/滋賀県","text/html; charset=utf-8","200","OK","Indexable","","7","11.960","",""
"https://www.how-ma.com/_next/image?url=%2Fnext%2Ftop%2Fphoto_guide_1.jpg&w=3840&q=75","image/jpeg","200","OK","Indexable","","0","0.109","",""
"https://www.how-ma.com/market_price/stations/7784","text/html; charset=utf-8","302","Found","Non-Indexable","Redirected","3","0.114","https://www.how-ma.com/market_price/stations/6132","HTTP Redirect"
"https://www.how-ma.com/market_price/stations/7785","text/html; charset=utf-8","302","Found","Non-Indexable","Redirected","3","0.125","https://www.how-ma.com/market_price/stations/6131","HTTP Redirect"
"https://www.how-ma.com/_next/image?url=%2Fnext%2Ftop%2Fphoto_guide_4.jpg&w=3840&q=75","image/jpeg","200","OK","Indexable","","0","0.115","",""
"https://www.how-ma.com/market_price/stations/9605","text/html; charset=utf-8","302","Found","Non-Indexable","Redirected","3","0.111","https://www.how-ma.com/market_price/stations/9582","HTTP Redirect"
"https://www.how-ma.com/market_price/stations/9044","text/html; charset=utf-8","200","OK","Indexable","","6","0.199","",""
"https://www.how-ma.com/mag/category/special/page/3/","text/html; charset=UTF-8","200","OK","Indexable","","6","0.254","",""
"https://www.how-ma.com/mag/category/special/page/2/","text/html; charset=UTF-8","200","OK","Indexable","","6","0.398","",""
"https://www.how-ma.com/mag/wp-content/uploads/営業マン５-1.jpg","image/jpeg","200","OK","Indexable","","0","0.033","",""
"https://www.how-ma.com/mag/category/special/page/4/","text/html; charset=UTF-8","200","OK","Indexable","","5","0.302","",""
"https://www.how-ma.com/mansions/search/愛知県/名古屋市","text/html; charset=utf-8","200","OK","Indexable","","4","7.629","",""
"https://www.how-ma.com/mag/wp-content/uploads/2018/03/空き家.jpg","image/jpeg","200","OK","Indexable","","0","0.035","",""
"https://www.how-ma.com/mag/wp-content/uploads/DusbKq75LZISrtu1538531670.jpg","image/jpeg","200","OK","Indexable","","0","0.028","",""
"https://www.how-ma.com/mag/special/post-7544/","text/html; charset=UTF-8","200","OK","Indexable","","21","0.446","",""
"https://www.how-ma.com/mag/wp-content/uploads/2018/03/Fotolia_186478261_XS-e1522229531885.jpg","image/jpeg","200","OK","Indexable","","0","0.046","",""
"https://www.how-ma.com/mag/wp-content/uploads/23526819_m-768x512.jpeg","image/jpeg","200","OK","Indexable","","0","0.048","",""
"https://www.how-ma.com/mag/special/how-to-identify-a-good-real-estate-salesman/","text/html; charset=UTF-8","200","OK","Indexable","","12","0.325","",""
"https://www.how-ma.com/mag/sell/if-series-comic-syojiki-keiyaku/","text/html; charset=UTF-8","200","OK","Indexable","","29","0.317","",""
"https://www.how-ma.com/mag/special/post-6974/","text/html; charset=UTF-8","200","OK","Indexable","","12","0.379","",""
"https://www.how-ma.com/mag/buy/mansion-soba-23ku/","text/html; charset=UTF-8","200","OK","Indexable","","35","0.426","",""
"https://www.how-ma.com/mag/special/condominium-property-values/","text/html; charset=UTF-8","200","OK","Indexable","","10","0.032","",""
"https://www.how-ma.com/mag/special/post-5918/","text/html; charset=UTF-8","200","OK","Indexable","","12","0.382","",""
"https://www.how-ma.com/mag/sell/post-6640/","text/html; charset=UTF-8","200","OK","Indexable","","16","0.419","",""
"https://www.how-ma.com/javascripts/fxlx.js?1775459716","application/javascript","200","OK","Indexable","","0","0.029","",""
"https://www.how-ma.com/mag/wp-content/uploads/2018/07/Fotolia_158322107_XS.jpg","image/jpeg","200","OK","Indexable","","0","0.045","",""
"https://www.how-ma.com/mag/special/post-5804/","text/html; charset=UTF-8","200","OK","Indexable","","13","0.364","",""
"https://www.how-ma.com/mag/wp-content/uploads/2018/03/向き.jpg","image/jpeg","200","OK","Indexable","","0","0.031","",""
"https://www.how-ma.com/mag/wp-content/uploads/tokyo_mansion.jpg","image/jpeg","200","OK","Indexable","","0","0.048","",""
"https://www.how-ma.com/mag/wp-content/uploads/docs1.jpg","image/jpeg","200","OK","Indexable","","0","0.041","",""
"https://www.how-ma.com/mag/wp-content/uploads/completion-of-sale-interview-36-2-768x390.png","image/png","200","OK","Indexable","","0","0.053","",""
"https://www.how-ma.com/mag/wp-content/uploads/completion-of-sale-interview-29-2-768x390.png","image/png","200","OK","Indexable","","0","0.055","",""
"https://www.how-ma.com/mag/special/post-7591/","text/html; charset=UTF-8","200","OK","Indexable","","24","0.266","",""
"https://www.how-ma.com/mag/interview/completion-of-sale-interview-31/","text/html; charset=UTF-8","200","OK","Indexable","","17","0.427","",""
"https://www.how-ma.com/mag/wp-content/uploads/completion-of-sale-interview-35-2-768x390.png","image/png","200","OK","Indexable","","0","0.022","",""
"https://www.how-ma.com/mag/wp-content/uploads/completion-of-sale-interview-33-768x390.png","image/png","200","OK","Indexable","","0","0.048","",""
"https://www.how-ma.com/mag/interview/completion-of-sale-interview-32/","text/html; charset=UTF-8","200","OK","Indexable","","17","0.396","",""
"https://www.how-ma.com/mag/interview/completion-of-sale-interview-33/","text/html; charset=UTF-8","200","OK","Indexable","","16","0.419","",""
"https://www.how-ma.com/mag/wp-content/uploads/completion-of-sale-interview-37-2-768x390.png","image/png","200","OK","Indexable","","0","0.027","",""
"https://www.how-ma.com/mag/interview/completion-of-sale-interview-34/","text/html; charset=UTF-8","200","OK","Indexable","","16","0.236","",""
"https://www.how-ma.com/mag/interview/ccompletion-of-sale-interview-36/","text/html; charset=UTF-8","200","OK","Indexable","","18","0.374","",""
"https://www.how-ma.com/mag/interview/completion-of-sale-interview-30/","text/html; charset=UTF-8","200","OK","Indexable","","19","0.412","",""
"https://www.how-ma.com/mansions/search/岡山県","text/html; charset=utf-8","200","OK","Indexable","","8","10.885","",""
"https://www.how-ma.com/mag/interview/completion-of-sale-interview-28/","text/html; charset=UTF-8","200","OK","Indexable","","16","0.365","",""
"https://www.how-ma.com/mansions/search/山形県","text/html; charset=utf-8","200","OK","Indexable","","7","12.074","",""
"https://www.how-ma.com/mag/interview/completion-of-sale-interview-29/","text/html; charset=UTF-8","200","OK","Indexable","","16","0.357","",""
"https://www.how-ma.com/mag/wp-content/uploads/completion-of-sale-interview-34-2-768x390.png","image/png","200","OK","Indexable","","0","0.026","",""
"https://www.how-ma.com/mag/wp-content/uploads/completion-of-sale-interview-32-3-768x390.png","image/png","200","OK","Indexable","","0","0.035","",""
"https://www.how-ma.com/mag/wp-content/uploads/completion-of-sale-interview-31-768x390.png","image/png","200","OK","Indexable","","0","0.068","",""
"https://www.how-ma.com/mag/wp-content/uploads/completion-of-sale-interview-30-768x390.png","image/png","200","OK","Indexable","","0","0.067","",""
"https://www.how-ma.com/mag/wp-content/uploads/completion-of-sale-interview-28-768x390.png","image/png","200","OK","Indexable","","0","0.058","",""
"https://www.how-ma.com/users/sign_up","text/html; charset=utf-8","200","OK","Indexable","","275","0.091","",""
"https://www.how-ma.com/mag/interview/completion-of-sale-interview-37/","text/html; charset=UTF-8","200","OK","Indexable","","19","0.273","",""
"https://www.how-ma.com/terms","text/html; charset=utf-8","200","OK","Non-Indexable","noindex","153","0.079","",""
"https://www.how-ma.com/mansions","text/html; charset=utf-8","200","OK","Indexable","","308","0.043","",""
"https://www.how-ma.com/faq","text/html; charset=utf-8","200","OK","Indexable","","154","0.034","",""
"https://www.how-ma.com/assets/logo_howma-f78cf5da272537355ef52f19af5501505091d82b88d6f01ae624fa113438672e.svg","image/svg+xml","200","OK","Indexable","","0","0.019","",""
"https://www.how-ma.com/assets/logo_howma_white-13cf5a08e5375f0be244d64266d150d22a6d737ea2ab3da51408c20ba11f1ef7.svg","image/svg+xml","200","OK","Indexable","","0","0.022","",""
"https://www.how-ma.com/javascripts/pages.js?dGQ5bXNy","application/javascript","200","OK","Indexable","","0","0.061","",""
"https://www.how-ma.com/mag/interview/completion-of-sale-interview-35/","text/html; charset=UTF-8","200","OK","Indexable","","15","0.384","",""
"https://www.how-ma.com/mag/page/4/","text/html; charset=UTF-8","200","OK","Indexable","","4","0.268","",""
"https://fonts.googleapis.com/css2?family=Material+Icons&family=Material+Icons+Outlined","text/css; charset=utf-8","200","OK","Indexable","","0","0.044","",""
"https://www.how-ma.com/market_price/areas","text/html; charset=utf-8","200","OK","Indexable","","216","0.073","",""
"https://www.how-ma.com/users/sign_in","text/html; charset=utf-8","200","OK","Non-Indexable","Canonicalised","183","0.037","",""
"https://www.how-ma.com/javascripts/pages_firstview.js?dGQ5bXNy","application/javascript","200","OK","Indexable","","0","0.043","",""
"https://www.how-ma.com/mag/wp-content/uploads/completion-of-sale-interview-45-375x191.png","image/png","200","OK","Indexable","","0","0.023","",""
"https://www.how-ma.com/mag/wp-content/uploads/completion-of-sale-interview-47-1-375x191.png","image/png","200","OK","Indexable","","0","0.026","",""
"https://collab-it.net/","text/html; charset=UTF-8","200","OK","Indexable","","306","0.050","",""
"https://www.how-ma.com/mag/wp-content/uploads/completion-of-sale-interview-46-375x191.png","image/png","200","OK","Indexable","","0","0.059","",""
"https://collab-it.net/privacy/","text/html; charset=UTF-8","200","OK","Indexable","","1","0.172","",""
"https://www.how-ma.com/mag/wp-content/uploads/completion-of-sale-interview-44-375x191.png","image/png","200","OK","Indexable","","0","0.049","",""
"https://www.how-ma.com/mag/wp-content/uploads/completion-of-sale-interview-42-3-375x191.png","image/png","200","OK","Indexable","","0","0.431","",""
"https://www.how-ma.com/mag/category/consultationroom/","text/html; charset=UTF-8","200","OK","Indexable","","76","0.455","",""
"https://www.how-ma.com/mansions/search/福島県","text/html; charset=utf-8","200","OK","Indexable","","9","12.057","",""
"https://secure.gravatar.com/avatar/1263b603e6d50568a7e0e6a8879b1371286745bb4ab024a384320edf61a93bf1?s=96&d=mm&r=g","image/jpeg","200","OK","Indexable","","0","0.009","",""
"https://cdnjs.cloudflare.com/polyfill/v3/polyfill.min.js?version=4.8.0&features=es2022%2Ces2021%2Ces2020%2Ces2019%2Ces2018%2Ces2017%2Ces2016%2Ces2015","text/javascript; charset=UTF-8","200","OK","Indexable","","0","1.043","",""
"https://www.how-ma.com/mag/category/interview/online-selling-interview/","text/html; charset=UTF-8","200","OK","Indexable","","65","0.419","",""
"https://www.how-ma.com/javascripts/fxlx.js?1775459551","application/javascript","200","OK","Indexable","","0","0.079","",""
"https://www.how-ma.com/mag/wp-includes/js/comment-reply.min.js?ver=6.9.4","text/javascript","200","OK","Indexable","","0","0.045","",""
"https://www.how-ma.com/mag/wp-content/uploads/2XiPhone-13-Pro-Max-1.jpeg","image/jpeg","200","OK","Indexable","","0","0.072","",""
"https://www.how-ma.com/mag/wp-content/uploads/interview-online-sell-20220425-1-375x198.jpg","image/jpeg","200","OK","Indexable","","0","0.052","",""
"https://www.how-ma.com/mag/wp-content/uploads/J7K7wACmEf8juuu1602156245_1602156411-375x254.png","image/png","200","OK","Indexable","","0","0.417","",""
"https://www.how-ma.com/mag/sell/interview-online-sell-20220425/","text/html; charset=UTF-8","200","OK","Indexable","","22","0.251","",""
"https://www.how-ma.com/mag/interview/improve-realestate-industry-by-it/","text/html; charset=UTF-8","200","OK","Indexable","","11","0.239","",""
"https://www.how-ma.com/mag/wp-content/uploads/completion-of-sale-interview-2-musashino-375x191.png","image/png","200","OK","Indexable","","0","0.459","",""
"https://www.how-ma.com/mag/wp-content/uploads/completion-of-sale-interview-29-2-375x191.png","image/png","200","OK","Indexable","","0","0.273","",""
"https://www.how-ma.com/mag/category/magazine/","text/html; charset=UTF-8","200","OK","Indexable","","85","0.378","",""
"https://www.how-ma.com/javascripts/fxlx.js?1775459555","application/javascript","200","OK","Indexable","","0","0.040","",""
"https://www.how-ma.com/mag/interview/post-11195/","text/html; charset=UTF-8","200","OK","Indexable","","12","0.253","",""
"https://www.how-ma.com/mag/wp-content/uploads/N様-1.jpg","image/jpeg","200","OK","Indexable","","0","0.319","",""
"https://www.how-ma.com/javascripts/fxlx.js?1775459722","application/javascript","200","OK","Indexable","","0","0.069","",""
"https://www.how-ma.com/mag/sell/completion-of-sale-interview-2/","text/html; charset=UTF-8","200","OK","Indexable","","16","0.225","",""
"https://www.how-ma.com/mag/category/interview/assessment-interview/page/3/","text/html; charset=UTF-8","200","OK","Indexable","","8","0.284","",""
"https://www.how-ma.com/mag/category/interview/assessment-interview/page/4/","text/html; charset=UTF-8","200","OK","Indexable","","8","0.250","",""
"https://www.how-ma.com/_next/image?url=%2Fnext%2Flogo_reform.png&w=384&q=75","image/png","200","OK","Indexable","","0","0.028","",""
"https://www.how-ma.com/mag/category/interview/assessment-interview/page/5/","text/html; charset=UTF-8","200","OK","Indexable","","7","0.418","",""
"https://www.how-ma.com/mag/sell/howto-sumikae","text/html; charset=UTF-8","200","OK","Non-Indexable","Canonicalised","34","0.077","",""
"https://www.how-ma.com/mansions/search/北海道/札幌市","text/html; charset=utf-8","200","OK","Indexable","","4","0.064","",""
"https://www.how-ma.com/mag/category/interview/assessment-interview/page/2/","text/html; charset=UTF-8","200","OK","Indexable","","9","0.443","",""
"https://www.how-ma.com/_next/static/chunks/6766-5541fb6ba0b0e78c.js","application/javascript; charset=UTF-8","200","OK","Indexable","","0","0.018","",""
"https://www.how-ma.com/market_price/stations/10561","text/html; charset=utf-8","200","OK","Indexable","","8","0.150","",""
"https://www.how-ma.com/mansions/search/東京都/足立区","text/html; charset=utf-8","200","OK","Indexable","","6","4.869","",""
"https://www.how-ma.com/market_price/stations/7754","text/html; charset=utf-8","302","Found","Non-Indexable","Redirected","4","0.124","https://www.how-ma.com/market_price/stations/6004","HTTP Redirect"
"https://www.how-ma.com/mansions/search/大阪府/堺市","text/html; charset=utf-8","200","OK","Indexable","","4","5.741","",""
"https://www.how-ma.com/market_price/stations/7753","text/html; charset=utf-8","200","OK","Indexable","","8","0.123","",""
"https://www.how-ma.com/mansions/search/埼玉県","text/html; charset=utf-8","200","OK","Indexable","","11","11.691","",""
"https://www.how-ma.com/next/top/icon_customer_4.svg","image/svg+xml","200","OK","Indexable","","0","0.043","",""
"https://www.how-ma.com/mansions/search/沖縄県","text/html; charset=utf-8","200","OK","Indexable","","3","11.721","",""
"https://www.how-ma.com/_next/static/chunks/app/global-error-950346f1c45b613a.js","application/javascript; charset=UTF-8","200","OK","Indexable","","0","0.020","",""
"https://www.how-ma.com/market_price/stations/7748","text/html; charset=utf-8","302","Found","Non-Indexable","Redirected","3","0.106","https://www.how-ma.com/market_price/stations/6030","HTTP Redirect"
"https://www.how-ma.com/mag/sell/condominium-sale-procedures","text/html; charset=UTF-8","200","OK","Non-Indexable","Canonicalised","17","0.609","",""
"https://www.how-ma.com/mansions/search/富山県","text/html; charset=utf-8","200","OK","Indexable","","7","12.567","",""
"https://www.how-ma.com/_next/image?url=%2Fnext%2Flogo_entetsu.png&w=256&q=75","image/png","200","OK","Indexable","","0","0.051","",""
"https://www.how-ma.com/mansions/search/東京都/新宿区","text/html; charset=utf-8","200","OK","Indexable","","10","3.436","",""
"https://www.how-ma.com/_next/image?url=%2Fnext%2Flogo_nomura.png&w=256&q=75","image/png","200","OK","Indexable","","0","0.033","",""
"https://www.how-ma.com/market_price/stations/2170","text/html; charset=utf-8","302","Found","Non-Indexable","Redirected","5","0.108","https://www.how-ma.com/market_price/stations/1420","HTTP Redirect"
"https://www.how-ma.com/market_price/stations/8032","text/html; charset=utf-8","302","Found","Non-Indexable","Redirected","3","0.098","https://www.how-ma.com/market_price/stations/1422","HTTP Redirect"
"https://www.how-ma.com/market_price/stations/6096","text/html; charset=utf-8","200","OK","Indexable","","4","0.190","",""
"https://www.how-ma.com/market_price/stations/2177","text/html; charset=utf-8","302","Found","Non-Indexable","Redirected","1","0.077","https://www.how-ma.com/market_price/stations/1559","HTTP Redirect"
"https://www.how-ma.com/_next/image?url=%2Fnext%2Ficon_pmark.png&w=96&q=75","image/png","200","OK","Indexable","","0","0.049","",""
"https://www.how-ma.com/mansions/search/東京都/北区","text/html; charset=utf-8","200","OK","Indexable","","8","2.974","",""
"https://www.how-ma.com/market_price/stations/7747","text/html; charset=utf-8","302","Found","Non-Indexable","Redirected","3","0.111","https://www.how-ma.com/market_price/stations/6130","HTTP Redirect"
"https://www.how-ma.com/market_price/stations/7741","text/html; charset=utf-8","302","Found","Non-Indexable","Redirected","4","0.128","https://www.how-ma.com/market_price/stations/6097","HTTP Redirect"
"https://www.how-ma.com/mansions/search/熊本県","text/html; charset=utf-8","200","OK","Indexable","","8","11.178","",""
"https://www.how-ma.com/market_price/stations/8279","text/html; charset=utf-8","200","OK","Indexable","","3","0.194","",""
"https://www.how-ma.com/market_price/stations/7742","text/html; charset=utf-8","200","OK","Indexable","","8","0.118","",""
"https://www.how-ma.com/_next/image?url=%2Fnext%2Ftop%2Fphoto_guide_2.jpg&w=3840&q=75","image/jpeg","200","OK","Indexable","","0","0.030","",""
"https://www.how-ma.com/_next/static/chunks/9013-22ffae9bcc141f93.js","application/javascript; charset=UTF-8","200","OK","Indexable","","0","0.044","",""
"https://www.how-ma.com/market_price/stations/5917","text/html; charset=utf-8","200","OK","Indexable","","12","0.172","",""
"https://www.how-ma.com/market_price/stations/10585","text/html; charset=utf-8","302","Found","Non-Indexable","Redirected","4","0.109","https://www.how-ma.com/market_price/stations/7207","HTTP Redirect"
"https://www.how-ma.com/market_price/stations/10584","text/html; charset=utf-8","200","OK","Indexable","","11","0.191","",""
"https://www.how-ma.com/market_price/stations/10582","text/html; charset=utf-8","200","OK","Indexable","","10","0.187","",""
"https://www.how-ma.com/market_price/stations","text/html; charset=utf-8","200","OK","Indexable","","1","0.054","",""
"https://www.how-ma.com/mansions/search/京都府/京都市","text/html; charset=utf-8","200","OK","Indexable","","4","0.108","",""
"https://www.how-ma.com/_next/image?url=%2Fnext%2Flogo_zuu.jpg&w=384&q=75","image/jpeg","200","OK","Indexable","","0","0.219","",""
"https://www.how-ma.com/next/top/customer-border6.svg","image/svg+xml","200","OK","Indexable","","0","0.064","",""
"https://www.how-ma.com/mag/sell/self_selling","text/html; charset=UTF-8","200","OK","Non-Indexable","Canonicalised","19","0.749","",""
"https://www.how-ma.com/_next/static/chunks/app/not-found-4ece7e251432e5e3.js","application/javascript; charset=UTF-8","200","OK","Indexable","","0","0.026","",""
"https://www.how-ma.com/_next/static/chunks/8851-e11a7774f3e9e712.js","application/javascript; charset=UTF-8","200","OK","Indexable","","0","0.056","",""
"https://www.how-ma.com/next/top/prefectures.svg","image/svg+xml","200","OK","Indexable","","0","0.062","",""
"https://www.how-ma.com/_next/static/chunks/501-69ae6b8c3902a86d.js","application/javascript; charset=UTF-8","200","OK","Indexable","","0","0.058","",""
"https://www.how-ma.com/market_price/stations/6563","text/html; charset=utf-8","302","Found","Non-Indexable","Redirected","3","0.184","https://www.how-ma.com/market_price/stations/6487","HTTP Redirect"
"https://www.how-ma.com/market_price/stations/7776","text/html; charset=utf-8","302","Found","Non-Indexable","Redirected","3","0.178","https://www.how-ma.com/market_price/stations/6021","HTTP Redirect"
"https://www.how-ma.com/market_price/stations/1672","text/html; charset=utf-8","200","OK","Indexable","","5","0.281","",""
"https://www.how-ma.com/_next/static/chunks/6874-803077cd9e51433b.js","application/javascript; charset=UTF-8","200","OK","Indexable","","0","0.021","",""
"https://www.how-ma.com/market_price/stations/5906","text/html; charset=utf-8","200","OK","Indexable","","4","0.244","",""
"https://www.how-ma.com/next/top/play-button.svg","image/svg+xml","200","OK","Indexable","","0","0.033","",""
"https://www.how-ma.com/mansions/search/秋田県","text/html; charset=utf-8","200","OK","Indexable","","7","14.298","",""
"https://www.how-ma.com/mansions/search/兵庫県/神戸市","text/html; charset=utf-8","200","OK","Indexable","","5","7.889","",""
"https://www.how-ma.com/mansions/search/東京都/渋谷区","text/html; charset=utf-8","200","OK","Indexable","","10","3.430","",""
"https://www.how-ma.com/mag/sell/completion-of-sale-interview-12","text/html; charset=UTF-8","200","OK","Non-Indexable","Canonicalised","10","0.763","",""
"https://www.how-ma.com/mansions/search/東京都/板橋区","text/html; charset=utf-8","200","OK","Indexable","","7","4.096","",""
"https://www.how-ma.com/mag/sell/what-is-real-estate-ai-appraisal-explaining-how-it-works-and-its-accuracy","text/html; charset=UTF-8","200","OK","Non-Indexable","Canonicalised","27","0.740","",""
"https://www.how-ma.com/mag/sell/souba-kyukyoku","text/html; charset=UTF-8","200","OK","Non-Indexable","Canonicalised","111","0.036","",""
"https://www.how-ma.com/_next/static/chunks/3353-75ebcf8c9cb82024.js","application/javascript; charset=UTF-8","200","OK","Indexable","","0","0.020","",""
"https://www.how-ma.com/market_price/stations/7767","text/html; charset=utf-8","302","Found","Non-Indexable","Redirected","3","0.102","https://www.how-ma.com/market_price/stations/1439","HTTP Redirect"
"https://www.how-ma.com/mag/sell/kyoyu-sell","text/html; charset=UTF-8","200","OK","Non-Indexable","Canonicalised","20","0.620","",""
"https://www.how-ma.com/market_price/stations/2199","text/html; charset=utf-8","302","Found","Non-Indexable","Redirected","3","0.063","https://www.how-ma.com/market_price/stations/1576","HTTP Redirect"
"https://www.how-ma.com/_next/image?url=%2Fnext%2Ftop%2Fmypage_mock.png&w=640&q=75","image/png","200","OK","Indexable","","0","0.347","",""
"https://www.how-ma.com/mansions/search/静岡県/静岡市","text/html; charset=utf-8","200","OK","Indexable","","4","0.126","",""
"https://www.how-ma.com/next/top/icon_interviewee_1.svg","image/svg+xml","200","OK","Indexable","","0","0.042","",""
"https://www.how-ma.com/mansions/search/広島県/広島市","text/html; charset=utf-8","200","OK","Indexable","","4","10.240","",""
"https://www.how-ma.com/mansions/search/千葉県","text/html; charset=utf-8","200","OK","Indexable","","8","11.962","",""
"https://www.how-ma.com/market_price/stations/5779","text/html; charset=utf-8","200","OK","Indexable","","6","0.142","",""
"https://www.how-ma.com/mansions/search/新潟県","text/html; charset=utf-8","200","OK","Indexable","","9","9.294","",""
"https://www.how-ma.com/market_price/stations/5659","text/html; charset=utf-8","302","Found","Non-Indexable","Redirected","2","0.072","https://www.how-ma.com/market_price/stations/5642","HTTP Redirect"
"https://www.how-ma.com/next/top/dashed_line.svg","image/svg+xml","200","OK","Indexable","","0","0.069","",""
"https://www.how-ma.com/_next/static/chunks/213-74b4e4e7976f8d1a.js","application/javascript; charset=UTF-8","200","OK","Indexable","","0","0.045","",""
"https://www.how-ma.com/market_price/stations/5539","text/html; charset=utf-8","302","Found","Non-Indexable","Redirected","2","0.075","https://www.how-ma.com/market_price/stations/1670","HTTP Redirect"
"https://www.how-ma.com/mansions/search/岐阜県","text/html; charset=utf-8","200","OK","Indexable","","10","14.541","",""
"https://www.how-ma.com/_next/image?url=%2Fnext%2Flogo_zenchin.png&w=384&q=75","image/png","200","OK","Indexable","","0","0.033","",""
"https://www.how-ma.com/market_price/stations/5658","text/html; charset=utf-8","200","OK","Indexable","","5","0.540","",""
"https://www.how-ma.com/market_price/stations/5890","text/html; charset=utf-8","302","Found","Non-Indexable","Redirected","3","0.107","https://www.how-ma.com/market_price/stations/1419","HTTP Redirect"
"https://www.how-ma.com/mansions/search/北海道","text/html; charset=utf-8","200","OK","Indexable","","5","12.949","",""
"https://www.how-ma.com/mansions/search/東京都/中央区","text/html; charset=utf-8","200","OK","Indexable","","9","0.134","",""
"https://www.how-ma.com/market_price/stations/9573","text/html; charset=utf-8","302","Found","Non-Indexable","Redirected","3","0.075","https://www.how-ma.com/market_price/stations/9540","HTTP Redirect"
"https://www.how-ma.com/market_price/stations/11054","text/html; charset=utf-8","302","Found","Non-Indexable","Redirected","3","0.161","https://www.how-ma.com/market_price/stations/1473","HTTP Redirect"
"https://www.how-ma.com/market_price/stations/11051","text/html; charset=utf-8","302","Found","Non-Indexable","Redirected","3","0.116","https://www.how-ma.com/market_price/stations/1441","HTTP Redirect"
"https://www.how-ma.com/market_price/stations/9571","text/html; charset=utf-8","302","Found","Non-Indexable","Redirected","3","0.133","https://www.how-ma.com/market_price/stations/9515","HTTP Redirect"
"https://www.how-ma.com/market_price/stations/5896","text/html; charset=utf-8","200","OK","Indexable","","8","0.160","",""
"https://www.how-ma.com/market_price/stations/5776","text/html; charset=utf-8","200","OK","Indexable","","10","0.191","",""
"https://www.how-ma.com/_next/image?url=%2Fnext%2Flogo_panasonic.png&w=256&q=75","image/png","200","OK","Indexable","","0","0.031","",""
"https://www.how-ma.com/_next/static/chunks/5594-bb06a8d55c5d24f4.js","application/javascript; charset=UTF-8","200","OK","Indexable","","0","0.023","",""
"https://www.how-ma.com/_next/static/chunks/1635-2b8da999a711ed00.js","application/javascript; charset=UTF-8","200","OK","Indexable","","0","0.047","",""
"https://www.how-ma.com/next/top/customer-border7.svg","image/svg+xml","200","OK","Indexable","","0","0.060","",""
"https://www.how-ma.com/_next/image?url=%2Fnext%2Flogo_bsnittere.jpg&w=384&q=75","image/jpeg","200","OK","Indexable","","0","0.094","",""
"https://www.how-ma.com/market_price/stations/7159","text/html; charset=utf-8","302","Found","Non-Indexable","Redirected","3","0.196","https://www.how-ma.com/market_price/stations/3546","HTTP Redirect"
"https://www.how-ma.com/next/top/customer-border2.svg","image/svg+xml","200","OK","Indexable","","0","0.059","",""
"https://www.how-ma.com/market_price/stations/1725","text/html; charset=utf-8","302","Found","Non-Indexable","Redirected","3","0.133","https://www.how-ma.com/market_price/stations/1706","HTTP Redirect"
"https://www.how-ma.com/market_price/stations/5648","text/html; charset=utf-8","200","OK","Indexable","","5","0.303","",""
"https://www.how-ma.com/mansions/search/福岡県/福岡市","text/html; charset=utf-8","200","OK","Indexable","","4","6.647","",""
"https://www.how-ma.com/mansions/search/東京都/台東区","text/html; charset=utf-8","200","OK","Indexable","","12","4.723","",""
"https://www.how-ma.com/next/top/icon_customer_3.svg","image/svg+xml","200","OK","Indexable","","0","0.044","",""
"https://www.how-ma.com/mansions/search/福岡県","text/html; charset=utf-8","200","OK","Indexable","","9","11.005","",""
"https://www.how-ma.com/mansions/search/群馬県","text/html; charset=utf-8","200","OK","Indexable","","8","12.599","",""
"https://www.how-ma.com/market_price/stations/7145","text/html; charset=utf-8","200","OK","Indexable","","7","0.229","",""
"https://www.how-ma.com/market_price/stations/11065","text/html; charset=utf-8","302","Found","Non-Indexable","Redirected","3","0.099","https://www.how-ma.com/market_price/stations/1539","HTTP Redirect"
"https://www.how-ma.com/market_price/stations/6050","text/html; charset=utf-8","200","OK","Indexable","","10","0.163","",""
"https://www.how-ma.com/mansions/search/福井県","text/html; charset=utf-8","200","OK","Indexable","","7","12.932","",""
"https://www.how-ma.com/market_price/stations/7822","text/html; charset=utf-8","302","Found","Non-Indexable","Redirected","3","0.068","https://www.how-ma.com/market_price/stations/6112","HTTP Redirect"
"https://www.how-ma.com/mansions/search/大阪府","text/html; charset=utf-8","200","OK","Indexable","","9","0.130","",""
"https://www.how-ma.com/_next/static/chunks/1017-5a2b66b8bf00c296.js","application/javascript; charset=UTF-8","200","OK","Indexable","","0","0.030","",""
"https://www.how-ma.com/mansions/search/東京都","text/html; charset=utf-8","200","OK","Indexable","","30","13.426","",""
"https://www.how-ma.com/mag/sell/reputation-and-smart-use-of-howma-real-estate-ai-praisal","text/html; charset=UTF-8","200","OK","Non-Indexable","Canonicalised","15","0.378","",""
"https://www.how-ma.com/_next/image?url=%2Fnext%2Flogo_livable.png&w=256&q=75","image/png","200","OK","Indexable","","0","0.027","",""
"https://www.how-ma.com/mansions/search/奈良県","text/html; charset=utf-8","200","OK","Indexable","","7","11.244","",""
"https://www.how-ma.com/_next/image?url=%2Fnext%2Flogo_ttfuhan.png&w=256&q=75","image/png","200","OK","Indexable","","0","0.037","",""
"https://www.how-ma.com/market_price/stations/7783","text/html; charset=utf-8","302","Found","Non-Indexable","Redirected","3","0.093","https://www.how-ma.com/market_price/stations/1440","HTTP Redirect"
"https://www.how-ma.com/mansions/search/宮城県/仙台市","text/html; charset=utf-8","200","OK","Indexable","","4","6.906","",""
"https://www.how-ma.com/mansions/search/栃木県","text/html; charset=utf-8","200","OK","Indexable","","7","12.036","",""
"https://www.how-ma.com/market_price/stations/9051","text/html; charset=utf-8","200","OK","Indexable","","7","0.115","",""
"https://www.how-ma.com/mansions/search/岡山県/岡山市","text/html; charset=utf-8","200","OK","Indexable","","4","4.664","",""
"https://www.how-ma.com/_next/static/chunks/7282-49d4ba96613d3453.js","application/javascript; charset=UTF-8","200","OK","Indexable","","0","0.018","",""
"https://www.how-ma.com/_next/image?url=%2Fnext%2Ftop%2Fmypage_mock.png&w=384&q=75","image/png","200","OK","Indexable","","0","0.056","",""
"https://www.how-ma.com/market_price/stations/5377","text/html; charset=utf-8","302","Found","Non-Indexable","Redirected","3","0.099","https://www.how-ma.com/market_price/stations/1704","HTTP Redirect"
"https://www.how-ma.com/mansions/search/鹿児島県","text/html; charset=utf-8","200","OK","Indexable","","5","12.761","",""
"https://www.how-ma.com/market_price/stations/5810","text/html; charset=utf-8","200","OK","Indexable","","10","1.302","",""
"https://www.how-ma.com/next/logo_howma.svg","image/svg+xml","200","OK","Indexable","","0","0.023","",""
"https://www.how-ma.com/market_price/stations/9052","text/html; charset=utf-8","200","OK","Indexable","","7","0.165","",""
"https://www.how-ma.com/mansions/search/兵庫県","text/html; charset=utf-8","200","OK","Indexable","","11","15.263","",""
"https://www.how-ma.com/_next/static/chunks/8895-8ae484da28ae9517.js","application/javascript; charset=UTF-8","200","OK","Indexable","","0","0.020","",""
"https://www.how-ma.com/next/top/icon_interviewee_3.svg","image/svg+xml","200","OK","Indexable","","0","0.059","",""
"https://www.how-ma.com/_next/image?url=%2Fnext%2Flogo_howma_magazine.png&w=640&q=75","image/png","200","OK","Indexable","","0","0.064","",""
"https://www.how-ma.com/next/top/icon_customer_1.svg","image/svg+xml","200","OK","Indexable","","0","0.063","",""
"https://www.how-ma.com/mansions/search/東京都/目黒区","text/html; charset=utf-8","200","OK","Indexable","","10","4.099","",""
"https://www.how-ma.com/_next/static/chunks/6644-0df008442a957755.js","application/javascript; charset=UTF-8","200","OK","Indexable","","0","0.025","",""
"https://www.how-ma.com/mag/sell/mystery-brokerage","text/html; charset=UTF-8","200","OK","Non-Indexable","Canonicalised","15","0.367","",""
"https://www.how-ma.com/mansions/search/鳥取県","text/html; charset=utf-8","200","OK","Indexable","","7","10.813","",""
"https://www.how-ma.com/_next/static/chunks/6438-879e86746f906139.js","application/javascript; charset=UTF-8","200","OK","Indexable","","0","0.024","",""
"https://www.how-ma.com/market_price/stations/5814","text/html; charset=utf-8","200","OK","Indexable","","9","0.164","",""
"https://www.how-ma.com/market_price/stations/5813","text/html; charset=utf-8","200","OK","Indexable","","9","0.125","",""
"https://www.how-ma.com/mag/sell/rinjin-trouble","text/html; charset=UTF-8","200","OK","Non-Indexable","Canonicalised","18","0.219","",""
"https://www.how-ma.com/mansions/search/東京都/墨田区","text/html; charset=utf-8","200","OK","Indexable","","10","0.083","",""
"https://www.how-ma.com/mansions/search/愛知県","text/html; charset=utf-8","200","OK","Indexable","","8","10.987","",""
"https://www.how-ma.com/market_price/stations/11048","text/html; charset=utf-8","302","Found","Non-Indexable","Redirected","4","0.086","https://www.how-ma.com/market_price/stations/5787","HTTP Redirect"
"https://www.how-ma.com/market_price/stations/11049","text/html; charset=utf-8","302","Found","Non-Indexable","Redirected","3","0.114","https://www.how-ma.com/market_price/stations/1445","HTTP Redirect"
"https://www.how-ma.com/market_price/stations/6038","text/html; charset=utf-8","200","OK","Indexable","","8","0.116","",""
"https://www.how-ma.com/market_price/stations/6036","text/html; charset=utf-8","302","Found","Non-Indexable","Redirected","4","0.075","https://www.how-ma.com/market_price/stations/1447","HTTP Redirect"
"https://www.how-ma.com/next/top/building.svg","image/svg+xml","200","OK","Indexable","","0","0.064","",""
"https://www.how-ma.com/next/top/icon_customer_6.svg","image/svg+xml","200","OK","Indexable","","0","0.071","",""
"https://www.how-ma.com/next/top/customer-border4.svg","image/svg+xml","200","OK","Indexable","","0","0.074","",""
"https://www.how-ma.com/mansions/search/長崎県","text/html; charset=utf-8","200","OK","Indexable","","4","8.482","",""
"https://www.how-ma.com/mansions/search/東京都/葛飾区","text/html; charset=utf-8","200","OK","Indexable","","6","3.406","",""
"https://www.how-ma.com/market_price/stations/11042","text/html; charset=utf-8","302","Found","Non-Indexable","Redirected","3","0.238","https://www.how-ma.com/market_price/stations/3209","HTTP Redirect"
"https://www.how-ma.com/_next/static/chunks/4356-ff6890b0dcdc24dd.js","application/javascript; charset=UTF-8","200","OK","Indexable","","0","0.027","",""
"https://www.how-ma.com/market_price/mansions/53721","text/html; charset=utf-8","200","OK","Indexable","","2","0.070","",""
"https://www.how-ma.com/market_price/stations/6034","text/html; charset=utf-8","302","Found","Non-Indexable","Redirected","3","0.147","https://www.how-ma.com/market_price/stations/1663","HTTP Redirect"
"https://www.how-ma.com/market_price/stations/6033","text/html; charset=utf-8","302","Found","Non-Indexable","Redirected","4","0.098","https://www.how-ma.com/market_price/stations/5777","HTTP Redirect"
"https://www.how-ma.com/market_price/stations/10991","text/html; charset=utf-8","302","Found","Non-Indexable","Redirected","3","0.190","https://www.how-ma.com/market_price/stations/3208","HTTP Redirect"
"https://www.how-ma.com/next/logo_howma_white.svg","image/svg+xml","200","OK","Indexable","","0","0.061","",""
"https://www.how-ma.com/market_price/stations/3204","text/html; charset=utf-8","200","OK","Indexable","","5","0.820","",""
"https://www.how-ma.com/market_price/stations/6031","text/html; charset=utf-8","200","OK","Indexable","","10","0.205","",""
"https://www.how-ma.com/market_price/stations/11047","text/html; charset=utf-8","200","OK","Indexable","","4","0.256","",""
"https://www.how-ma.com/_next/static/chunks/9220-0cc7953133e18f9c.js","application/javascript; charset=UTF-8","200","OK","Indexable","","0","0.060","",""
"https://www.how-ma.com/_next/static/chunks/app/layout-fbe5ca284ef90c1a.js","application/javascript; charset=UTF-8","200","OK","Indexable","","0","0.041","",""
"https://www.how-ma.com/market_price/stations/11050","text/html; charset=utf-8","302","Found","Non-Indexable","Redirected","3","0.160","https://www.how-ma.com/market_price/stations/1442","HTTP Redirect"
"https://www.how-ma.com/market_price/stations/6049","text/html; charset=utf-8","200","OK","Indexable","","13","0.153","",""
"https://www.how-ma.com/mag/buy/mansion-soba-23ku","text/html; charset=UTF-8","200","OK","Non-Indexable","Canonicalised","14","0.352","",""
"https://www.how-ma.com/market_price/stations/6048","text/html; charset=utf-8","200","OK","Indexable","","15","0.171","",""
"https://www.how-ma.com/market_price/stations/6047","text/html; charset=utf-8","200","OK","Indexable","","12","0.189","",""
"https://www.how-ma.com/next/top/right-arrow.svg","image/svg+xml","200","OK","Indexable","","0","0.036","",""
"https://www.how-ma.com/market_price/stations/5876","text/html; charset=utf-8","302","Found","Non-Indexable","Redirected","3","0.093","https://www.how-ma.com/market_price/stations/5811","HTTP Redirect"
"https://bservice.collab-it.net/service/howma-sales-reaction","text/html; charset=UTF-8","200","OK","Indexable","","1","0.071","",""
"https://www.how-ma.com/market_price/stations/5875","text/html; charset=utf-8","302","Found","Non-Indexable","Redirected","3","0.095","https://www.how-ma.com/market_price/stations/2169","HTTP Redirect"
"https://www.how-ma.com/mansions/search/茨城県","text/html; charset=utf-8","200","OK","Indexable","","7","7.188","",""
"https://www.how-ma.com/mansions/search/熊本県/熊本市","text/html; charset=utf-8","200","OK","Indexable","","4","4.811","",""
"https://www.how-ma.com/_next/static/chunks/polyfills-42372ed130431b0a.js","application/javascript; charset=UTF-8","200","OK","Indexable","","0","0.020","",""
"https://www.how-ma.com/mansions/search/東京都/荒川区","text/html; charset=utf-8","200","OK","Indexable","","10","4.259","",""
"https://www.how-ma.com/mansions/search/神奈川県","text/html; charset=utf-8","200","OK","Indexable","","10","10.793","",""
"https://www.how-ma.com/_next/static/chunks/6403-be49c1f6e521e394.js","application/javascript; charset=UTF-8","200","OK","Indexable","","0","0.017","",""
"https://www.how-ma.com/mansions/search/島根県","text/html; charset=utf-8","200","OK","Indexable","","6","14.551","",""
"https://www.how-ma.com/mansions/search/長野県","text/html; charset=utf-8","200","OK","Indexable","","11","0.074","",""
"https://www.how-ma.com/mansions/search/東京都/千代田区","text/html; charset=utf-8","200","OK","Indexable","","12","0.060","",""
"https://www.how-ma.com/mansions/search/東京都/世田谷区","text/html; charset=utf-8","200","OK","Indexable","","9","4.602","",""
"https://www.how-ma.com/mansions/search/東京都/豊島区","text/html; charset=utf-8","200","OK","Indexable","","10","0.096","",""
"https://www.how-ma.com/mansions/search/佐賀県","text/html; charset=utf-8","200","OK","Indexable","","5","15.226","",""
"https://www.how-ma.com/market_price/stations/6016","text/html; charset=utf-8","200","OK","Indexable","","9","0.126","",""
"https://www.how-ma.com/next/top/icon_customer_2.svg","image/svg+xml","200","OK","Indexable","","0","0.132","",""
"https://www.how-ma.com/market_price/stations/6015","text/html; charset=utf-8","200","OK","Indexable","","9","0.166","",""
"https://www.how-ma.com/mansions/search/岩手県","text/html; charset=utf-8","200","OK","Indexable","","8","11.823","",""
"https://www.how-ma.com/mag/sell/consultationroom-18","text/html; charset=UTF-8","200","OK","Non-Indexable","Canonicalised","97","0.394","",""
"https://www.how-ma.com/next/top/customer-border8.svg","image/svg+xml","200","OK","Indexable","","0","0.040","",""
"https://www.how-ma.com/next/top/customer-border1.svg","image/svg+xml","200","OK","Indexable","","0","0.062","",""
"https://privacymark.jp/","text/html; charset=UTF-8","200","OK","Indexable","","1","0.032","",""
"https://www.how-ma.com/_next/static/chunks/2582-b6b5c61cef90b263.js","application/javascript; charset=UTF-8","200","OK","Indexable","","0","0.045","",""
"https://www.how-ma.com/_next/image?url=%2Fnext%2Flogo_economist.png&w=384&q=75","image/png","200","OK","Indexable","","0","0.057","",""
"https://www.how-ma.com/_next/static/chunks/320-a678aabf896f9741.js","application/javascript; charset=UTF-8","200","OK","Indexable","","0","0.039","",""
"https://www.how-ma.com/mansions/search/宮崎県","text/html; charset=utf-8","200","OK","Indexable","","6","0.116","",""
"https://www.how-ma.com/mag/market/detached-house-quotes-by-prefecture","text/html; charset=UTF-8","200","OK","Non-Indexable","Canonicalised","23","0.611","",""
"https://www.how-ma.com/mag/sell/mansion-detachedhouse-assessment","text/html; charset=UTF-8","200","OK","Non-Indexable","Canonicalised","106","0.029","",""
"https://www.how-ma.com/mansions/search/徳島県","text/html; charset=utf-8","200","OK","Indexable","","7","10.995","",""
"https://www.how-ma.com/_next/static/chunks/webpack-928251c7c72ad4a5.js","application/javascript; charset=UTF-8","200","OK","Indexable","","0","0.024","",""
"https://www.how-ma.com/mansions/search/東京都/港区","text/html; charset=utf-8","200","OK","Indexable","","11","5.420","",""
"https://www.how-ma.com/mansions/search/東京都/江戸川区","text/html; charset=utf-8","200","OK","Indexable","","6","4.628","",""
"https://www.how-ma.com/market_price/stations/2102","text/html; charset=utf-8","302","Found","Non-Indexable","Redirected","1","0.116","https://www.how-ma.com/market_price/stations/1492","HTTP Redirect"
"https://www.how-ma.com/mansions/search/東京都/中野区","text/html; charset=utf-8","200","OK","Indexable","","9","3.906","",""
"https://www.how-ma.com/market_price/stations/2101","text/html; charset=utf-8","302","Found","Non-Indexable","Redirected","1","0.074","https://www.how-ma.com/market_price/stations/1555","HTTP Redirect"
"https://www.how-ma.com/_next/static/chunks/app/(public)/(top)/page-12c1e026c1297c8e.js","application/javascript; charset=UTF-8","200","OK","Indexable","","0","0.050","",""
"https://www.how-ma.com/market_price/stations/2104","text/html; charset=utf-8","302","Found","Non-Indexable","Redirected","1","0.096","https://www.how-ma.com/market_price/stations/1609","HTTP Redirect"
"https://www.how-ma.com/market_price/stations/9534","text/html; charset=utf-8","200","OK","Indexable","","8","0.166","",""
"https://www.how-ma.com/users/ba_sign_up/standard","text/html; charset=utf-8","200","OK","Indexable","","94","0.041","",""
"https://www.how-ma.com/market_price/stations/5853","text/html; charset=utf-8","302","Found","Non-Indexable","Redirected","3","0.098","https://www.how-ma.com/market_price/stations/5818","HTTP Redirect"
"https://www.how-ma.com/_next/image?url=%2Fnext%2Ftop%2Fphoto_guide_3.jpg&w=3840&q=75","image/jpeg","200","OK","Indexable","","0","0.063","",""
"https://www.how-ma.com/mansions/search/東京都/杉並区","text/html; charset=utf-8","200","OK","Indexable","","7","4.488","",""
"https://www.how-ma.com/_next/image?url=%2Fnext%2Flogo_nikkei.png&w=384&q=75","image/png","200","OK","Indexable","","0","0.043","",""
"https://www.how-ma.com/_next/image?url=%2Fnext%2Ftop%2Fphoto_concierge_1.jpg&w=640&q=75","image/jpeg","200","OK","Indexable","","0","0.092","",""
"https://www.how-ma.com/market_price/stations/9097","text/html; charset=utf-8","302","Found","Non-Indexable","Redirected","3","0.091","https://www.how-ma.com/market_price/stations/9042","HTTP Redirect"
"https://www.how-ma.com/mansions/search/千葉県/千葉市","text/html; charset=utf-8","200","OK","Indexable","","4","8.931","",""
"https://www.how-ma.com/market_price/stations/6023","text/html; charset=utf-8","302","Found","Non-Indexable","Redirected","4","0.056","https://www.how-ma.com/market_price/stations/2048","HTTP Redirect"
"https://www.how-ma.com/market_price/stations/6142","text/html; charset=utf-8","302","Found","Non-Indexable","Redirected","3","0.103","https://www.how-ma.com/market_price/stations/1449","HTTP Redirect"
"https://www.how-ma.com/_next/static/chunks/4814-e65c9c9b0acff539.js","application/javascript; charset=UTF-8","200","OK","Indexable","","0","0.045","",""
"https://www.how-ma.com/next/top/train.svg","image/svg+xml","200","OK","Indexable","","0","0.055","",""
"https://www.how-ma.com/mansions/search/宮城県","text/html; charset=utf-8","200","OK","Indexable","","8","11.717","",""
"https://www.how-ma.com/mansions/search/東京都/品川区","text/html; charset=utf-8","200","OK","Indexable","","7","3.632","",""
"https://www.how-ma.com/mansions/search/高知県","text/html; charset=utf-8","200","OK","Indexable","","5","12.218","",""
"https://www.how-ma.com/_next/static/chunks/app/(public)/layout-27f0d1b3b7446faa.js","application/javascript; charset=UTF-8","200","OK","Indexable","","0","0.020","",""
"https://www.how-ma.com/mag/sell/8-things-you-should-never-do-when-selling-house","text/html; charset=UTF-8","200","OK","Non-Indexable","Canonicalised","29","0.777","",""
"https://www.how-ma.com/_next/static/chunks/4bd1b696-3227c761ab9a1725.js","application/javascript; charset=UTF-8","200","OK","Indexable","","0","0.022","",""
"https://www.how-ma.com/mansions/search/和歌山県","text/html; charset=utf-8","200","OK","Indexable","","6","10.466","",""
"https://www.how-ma.com/mansions/search/東京都/江東区","text/html; charset=utf-8","200","OK","Indexable","","7","0.111","",""
"https://www.how-ma.com/market_price/stations/8018","text/html; charset=utf-8","302","Found","Non-Indexable","Redirected","3","0.094","https://www.how-ma.com/market_price/stations/1421","HTTP Redirect"
"https://www.how-ma.com/mansions/search/三重県","text/html; charset=utf-8","200","OK","Indexable","","9","10.279","",""
"https://www.how-ma.com/market_price/stations/7960","text/html; charset=utf-8","302","Found","Non-Indexable","Redirected","3","0.074","https://www.how-ma.com/market_price/stations/6098","HTTP Redirect"
"https://www.how-ma.com/market_price/stations/10558","text/html; charset=utf-8","200","OK","Indexable","","11","0.164","",""
"https://www.how-ma.com/mansions/search/埼玉県/さいたま市","text/html; charset=utf-8","200","OK","Indexable","","4","7.422","",""
"https://www.how-ma.com/_next/image?url=%2Fnext%2Flogo_meiwajisyo.png&w=256&q=75","image/png","200","OK","Indexable","","0","0.033","",""
"https://www.how-ma.com/mansions/search/山口県","text/html; charset=utf-8","200","OK","Indexable","","6","9.156","",""
"https://www.how-ma.com/_next/image?url=%2Fnext%2Ftop%2Fphoto_concierge_2.png&w=1920&q=75","image/png","200","OK","Indexable","","0","0.024","",""
"https://www.how-ma.com/mansions/search/神奈川県/横浜市","text/html; charset=utf-8","200","OK","Indexable","","5","11.464","",""
"https://www.how-ma.com/market_price/stations/10559","text/html; charset=utf-8","200","OK","Indexable","","10","0.199","",""
"https://www.how-ma.com/market_price/stations/9581","text/html; charset=utf-8","302","Found","Non-Indexable","Redirected","3","0.127","https://www.how-ma.com/market_price/stations/9570","HTTP Redirect"
"https://www.how-ma.com/_next/static/chunks/9240-364dd5492bee7d4d.js","application/javascript; charset=UTF-8","200","OK","Indexable","","0","0.040","",""
"https://www.how-ma.com/market_price/stations/9583","text/html; charset=utf-8","302","Found","Non-Indexable","Redirected","3","0.205","https://www.how-ma.com/market_price/stations/7192","HTTP Redirect"
"https://www.how-ma.com/mag/sell/sales-contract","text/html; charset=UTF-8","200","OK","Non-Indexable","Canonicalised","24","0.708","",""
"https://www.how-ma.com/market_price/stations/6072","text/html; charset=utf-8","200","OK","Indexable","","8","0.196","",""
"https://www.how-ma.com/mansions/search/東京都/大田区","text/html; charset=utf-8","200","OK","Indexable","","7","3.630","",""
"https://www.how-ma.com/mansions/search/石川県","text/html; charset=utf-8","200","OK","Indexable","","6","7.899","",""
"https://www.how-ma.com/mansions/search/神奈川県/相模原市","text/html; charset=utf-8","200","OK","Indexable","","4","10.723","",""
"https://www.how-ma.com/mansions/search/福岡県/北九州市","text/html; charset=utf-8","200","OK","Indexable","","4","9.370","",""
"https://www.how-ma.com/_next/static/chunks/9507-ab53b83b60e50128.js","application/javascript; charset=UTF-8","200","OK","Indexable","","0","0.018","",""
"https://www.how-ma.com/next/top/right-arrow-circle.svg","image/svg+xml","200","OK","Indexable","","0","0.058","",""
"https://www.how-ma.com/_next/static/chunks/main-app-c55311b0014f9907.js","application/javascript; charset=UTF-8","200","OK","Indexable","","0","0.044","",""
"https://www.how-ma.com/market_price/stations/9586","text/html; charset=utf-8","302","Found","Non-Indexable","Redirected","3","0.076","https://www.how-ma.com/market_price/stations/9542","HTTP Redirect"
"https://www.how-ma.com/_next/static/chunks/526-8c0877b8b0813aca.js","application/javascript; charset=UTF-8","200","OK","Indexable","","0","0.046","",""
"https://www.how-ma.com/mansions/search/静岡県","text/html; charset=utf-8","200","OK","Indexable","","9","7.948","",""
"https://www.how-ma.com/mansions/search/広島県","text/html; charset=utf-8","200","OK","Indexable","","9","11.875","",""
"https://www.how-ma.com/mansions/search/神奈川県/川崎市","text/html; charset=utf-8","200","OK","Indexable","","6","6.713","",""
"https://www.how-ma.com/next/top/heart_on_hand.svg","image/svg+xml","200","OK","Indexable","","0","0.039","",""
"https://www.how-ma.com/next/page_top_button.svg","image/svg+xml","200","OK","Indexable","","0","0.031","",""
"https://www.how-ma.com/_next/image?url=%2Fnext%2Flogo_mec-h.png&w=256&q=75","image/png","200","OK","Indexable","","0","0.055","",""
"https://www.how-ma.com/market_price/stations?type=house","text/html; charset=utf-8","200","OK","Non-Indexable","Canonicalised","3","0.096","",""
"https://www.how-ma.com/_next/image?url=%2Fnext%2Flogo_keio.png&w=256&q=75","image/png","200","OK","Indexable","","0","0.049","",""
"https://www.how-ma.com/mag/sell/sell-step","text/html; charset=UTF-8","200","OK","Non-Indexable","Canonicalised","126","0.635","",""
"https://www.how-ma.com/market_price/stations/9115","text/html; charset=utf-8","302","Found","Non-Indexable","Redirected","4","0.072","https://www.how-ma.com/market_price/stations/9063","HTTP Redirect"
"https://www.how-ma.com/_next/static/chunks/2053-5f153d14781d6f6b.js","application/javascript; charset=UTF-8","200","OK","Indexable","","0","0.017","",""
"https://www.how-ma.com/market_price/stations/2168","text/html; charset=utf-8","200","OK","Indexable","","8","0.174","",""
"https://www.how-ma.com/market_price/mansions/140320","text/html; charset=utf-8","200","OK","Indexable","","2","4.490","",""
"https://www.how-ma.com/_next/static/chunks/7562-e35218570ccba262.js","application/javascript; charset=UTF-8","200","OK","Indexable","","0","0.047","",""
"https://www.how-ma.com/market_price/stations/8027","text/html; charset=utf-8","302","Found","Non-Indexable","Redirected","3","0.083","https://www.how-ma.com/market_price/stations/5921","HTTP Redirect"
"https://www.how-ma.com/market_price/stations/9116","text/html; charset=utf-8","200","OK","Indexable","","6","0.116","",""
"https://www.how-ma.com/market_price/stations/2165","text/html; charset=utf-8","302","Found","Non-Indexable","Redirected","3","0.088","https://www.how-ma.com/market_price/stations/1465","HTTP Redirect"
"https://www.how-ma.com/market_price/stations/5797","text/html; charset=utf-8","200","OK","Indexable","","6","0.153","",""
"https://www.how-ma.com/market_price/stations/8021","text/html; charset=utf-8","302","Found","Non-Indexable","Redirected","5","0.094","https://www.how-ma.com/market_price/stations/1558","HTTP Redirect"
"https://www.how-ma.com/_next/image?url=%2Fnext%2Flogo_daikyo-anabuki.png&w=256&q=75","image/png","200","OK","Indexable","","0","0.038","",""
"https://www.how-ma.com/next/top/customer-border3.svg","image/svg+xml","200","OK","Indexable","","0","0.054","",""
"https://www.how-ma.com/market_price/stations/9593","text/html; charset=utf-8","302","Found","Non-Indexable","Redirected","4","0.096","https://www.how-ma.com/market_price/stations/7153","HTTP Redirect"
"https://www.how-ma.com/market_price/stations/9596","text/html; charset=utf-8","302","Found","Non-Indexable","Redirected","4","0.104","https://www.how-ma.com/market_price/stations/7003","HTTP Redirect"
"https://www.how-ma.com/market_price/stations/8024","text/html; charset=utf-8","200","OK","Indexable","","14","0.237","",""
"https://www.how-ma.com/market_price/stations/9114","text/html; charset=utf-8","302","Found","Non-Indexable","Redirected","4","0.065","https://www.how-ma.com/market_price/stations/9096","HTTP Redirect"
"https://www.how-ma.com/market_price/stations/6088","text/html; charset=utf-8","200","OK","Indexable","","8","0.139","",""
"https://www.how-ma.com/market_price/stations/9594","text/html; charset=utf-8","200","OK","Indexable","","4","0.886","",""
"https://www.how-ma.com/market_price/stations/8022","text/html; charset=utf-8","200","OK","Indexable","","14","0.161","",""
"https://www.how-ma.com/market_price/stations/9112","text/html; charset=utf-8","302","Found","Non-Indexable","Redirected","3","0.179","https://www.how-ma.com/market_price/stations/2607","HTTP Redirect"
"https://www.how-ma.com/market_price/stations/9475","text/html; charset=utf-8","200","OK","Indexable","","7","0.199","",""
"https://www.how-ma.com/market_price/stations/9597","text/html; charset=utf-8","302","Found","Non-Indexable","Redirected","3","0.114","https://www.how-ma.com/market_price/stations/9572","HTTP Redirect"
"https://www.how-ma.com/market_price/stations/8023","text/html; charset=utf-8","200","OK","Indexable","","14","0.220","",""
"https://www.how-ma.com/_next/static/chunks/2140-47d1c9daf205dc85.js","application/javascript; charset=UTF-8","200","OK","Indexable","","0","0.016","",""
"https://www.how-ma.com/mag/category/interview/assessment-interview","text/html; charset=UTF-8","200","OK","Non-Indexable","Canonicalised","3","0.384","",""
"https://www.how-ma.com/_next/static/chunks/2574-96e033d28a36cb2d.js","application/javascript; charset=UTF-8","200","OK","Indexable","","0","0.022","",""
"https://www.how-ma.com/market_price/stations/11080","text/html; charset=utf-8","302","Found","Non-Indexable","Redirected","3","0.227","https://www.how-ma.com/market_price/stations/4592","HTTP Redirect"
"https://www.how-ma.com/mansions/search/愛媛県","text/html; charset=utf-8","200","OK","Indexable","","7","5.709","",""
"https://www.how-ma.com/_next/image?url=%2Fnext%2Flogo_ohkuraya.png&w=256&q=75","image/png","200","OK","Indexable","","0","0.139","",""
"https://www.how-ma.com/_next/image?url=%2Fnext%2Flogo_asahi.png&w=384&q=75","image/png","200","OK","Indexable","","0","0.066","",""
"https://www.how-ma.com/mansions/search/新潟県/新潟市","text/html; charset=utf-8","200","OK","Indexable","","4","6.247","",""
"https://www.how-ma.com/mansions/search/静岡県/浜松市","text/html; charset=utf-8","200","OK","Indexable","","4","5.678","",""
"https://www.how-ma.com/mansions/search/香川県","text/html; charset=utf-8","200","OK","Indexable","","6","4.571","",""
"https://www.how-ma.com/mansions/search/大阪府/大阪市","text/html; charset=utf-8","200","OK","Indexable","","4","8.567","",""
