"Address","Occurrences","Indexability","Indexability Status","Canonical Link Element 1","Canonical Link Element 2","HTTP Canonical","Meta Robots 1","X-Robots-Tag 1","rel=""next"" 1","rel=""prev"" 1","HTTP rel=""next"" 1","HTTP rel=""prev"" 1"
"https://www.how-ma.com/mag/","1","Indexable","","https://www.how-ma.com/mag/","","","max-snippet:-1, max-image-preview:large, max-video-preview:-1","","https://www.how-ma.com/mag/page/2/","","",""
"https://www.how-ma.com/mag/category/special/","1","Indexable","","https://www.how-ma.com/mag/category/special/","","","max-snippet:-1, max-image-preview:large, max-video-preview:-1","","https://www.how-ma.com/mag/category/special/page/2/","","",""
"https://www.how-ma.com/mag","1","Non-Indexable","Canonicalised","https://www.how-ma.com/mag/","","","max-snippet:-1, max-image-preview:large, max-video-preview:-1","","https://www.how-ma.com/mag/page/2/","","",""
"https://www.how-ma.com/mag/page/2/","1","Indexable","","https://www.how-ma.com/mag/page/2/","","","max-snippet:-1, max-image-preview:large, max-video-preview:-1","","https://www.how-ma.com/mag/page/3/","https://www.how-ma.com/mag/","",""
"https://www.how-ma.com/otoiawase/new","1","Non-Indexable","noindex","https://www.how-ma.com/otoiawase/new","","","noindex","","","","",""
"https://www.how-ma.com/privacy","1","Non-Indexable","noindex","https://www.how-ma.com/privacy","","","noindex","","","","",""
"https://www.how-ma.com/mag/interview/completion-of-sale-interview-41/","2","Indexable","","https://www.how-ma.com/mag/interview/completion-of-sale-interview-41/","https://www.how-ma.com/mag/interview/completion-of-sale-interview-41/","","max-snippet:-1, max-image-preview:large, max-video-preview:-1","","","","",""
"https://www.how-ma.com/mag/interview/completion-of-sale-interview-45/","2","Indexable","","https://www.how-ma.com/mag/interview/completion-of-sale-interview-45/","https://www.how-ma.com/mag/interview/completion-of-sale-interview-45/","","max-snippet:-1, max-image-preview:large, max-video-preview:-1","","","","",""
"https://www.how-ma.com/mag/category/interview/assessment-interview/","1","Indexable","","https://www.how-ma.com/mag/category/interview/assessment-interview/","","","max-snippet:-1, max-image-preview:large, max-video-preview:-1","","https://www.how-ma.com/mag/category/interview/assessment-interview/page/2/","","",""
"https://www.how-ma.com/","1","Indexable","","https://www.how-ma.com/","","","","","","","",""
"https://www.how-ma.com/mag/authors/","2","Indexable","","https://www.how-ma.com/mag/authors/","https://www.how-ma.com/mag/authors/","","max-snippet:-1, max-image-preview:large, max-video-preview:-1","","","","",""
"https://www.how-ma.com/mag/sell/completion-of-sale-interview-47/","2","Indexable","","https://www.how-ma.com/mag/sell/completion-of-sale-interview-47/","https://www.how-ma.com/mag/sell/completion-of-sale-interview-47/","","max-snippet:-1, max-image-preview:large, max-video-preview:-1","","","","",""
"https://www.how-ma.com/mag/category/news/","1","Indexable","","https://www.how-ma.com/mag/category/news/","","","max-snippet:-1, max-image-preview:large, max-video-preview:-1","","https://www.how-ma.com/mag/category/news/page/2/","","",""
"https://www.how-ma.com/mag/category/market/","1","Indexable","","https://www.how-ma.com/mag/category/market/","","","max-snippet:-1, max-image-preview:large, max-video-preview:-1","","https://www.how-ma.com/mag/category/market/page/2/","","",""
"https://www.how-ma.com/mag/category/interview/","1","Indexable","","https://www.how-ma.com/mag/category/interview/","","","max-snippet:-1, max-image-preview:large, max-video-preview:-1","","https://www.how-ma.com/mag/category/interview/page/2/","","",""
"https://www.how-ma.com/mag/category/sell/","1","Indexable","","https://www.how-ma.com/mag/category/sell/","","","max-snippet:-1, max-image-preview:large, max-video-preview:-1","","https://www.how-ma.com/mag/category/sell/page/2/","","",""
"https://www.how-ma.com/mag/interview/completion-of-sale-interview-44/","2","Indexable","","https://www.how-ma.com/mag/interview/completion-of-sale-interview-44/","https://www.how-ma.com/mag/interview/completion-of-sale-interview-44/","","max-snippet:-1, max-image-preview:large, max-video-preview:-1","","","","",""
"https://www.how-ma.com/mag/sell/sales-negotiation/","2","Indexable","","https://www.how-ma.com/mag/sell/sales-negotiation/","https://www.how-ma.com/mag/sell/sales-negotiation/","","max-snippet:-1, max-image-preview:large, max-video-preview:-1","","","","",""
"https://www.how-ma.com/mag/sell/price-change/","2","Indexable","","https://www.how-ma.com/mag/sell/price-change/","https://www.how-ma.com/mag/sell/price-change/","","max-snippet:-1, max-image-preview:large, max-video-preview:-1","","","","",""
"https://www.how-ma.com/mag/interview/completion-of-sale-interview-39/","2","Indexable","","https://www.how-ma.com/mag/interview/completion-of-sale-interview-39/","https://www.how-ma.com/mag/interview/completion-of-sale-interview-39/","","max-snippet:-1, max-image-preview:large, max-video-preview:-1","","","","",""
"https://www.how-ma.com/mag/category/money/","1","Indexable","","https://www.how-ma.com/mag/category/money/","","","max-snippet:-1, max-image-preview:large, max-video-preview:-1","","https://www.how-ma.com/mag/category/money/page/2/","","",""
"https://www.how-ma.com/mag/interview/completion-of-sale-interview-43/","2","Indexable","","https://www.how-ma.com/mag/interview/completion-of-sale-interview-43/","https://www.how-ma.com/mag/interview/completion-of-sale-interview-43/","","max-snippet:-1, max-image-preview:large, max-video-preview:-1","","","","",""
"https://www.how-ma.com/mag/page/3/","1","Indexable","","https://www.how-ma.com/mag/page/3/","","","max-snippet:-1, max-image-preview:large, max-video-preview:-1","","https://www.how-ma.com/mag/page/4/","https://www.how-ma.com/mag/page/2/","",""
"https://www.how-ma.com/mag/category/buy/","1","Indexable","","https://www.how-ma.com/mag/category/buy/","","","max-snippet:-1, max-image-preview:large, max-video-preview:-1","","https://www.how-ma.com/mag/category/buy/page/2/","","",""
"https://www.how-ma.com/mag/interview/completion-of-sale-interview-38/","2","Indexable","","https://www.how-ma.com/mag/interview/completion-of-sale-interview-38/","https://www.how-ma.com/mag/interview/completion-of-sale-interview-38/","","max-snippet:-1, max-image-preview:large, max-video-preview:-1","","","","",""
"https://www.how-ma.com/mag/interview/completion-of-sale-interview-46/","2","Indexable","","https://www.how-ma.com/mag/interview/completion-of-sale-interview-46/","https://www.how-ma.com/mag/interview/completion-of-sale-interview-46/","","max-snippet:-1, max-image-preview:large, max-video-preview:-1","","","","",""
"https://www.how-ma.com/mag/sell/completion-of-sale-interview-40/","2","Indexable","","https://www.how-ma.com/mag/sell/completion-of-sale-interview-40/","https://www.how-ma.com/mag/sell/completion-of-sale-interview-40/","","max-snippet:-1, max-image-preview:large, max-video-preview:-1","","","","",""
"https://www.how-ma.com/mag/sell/souba-kyukyoku/","2","Indexable","","https://www.how-ma.com/mag/sell/souba-kyukyoku/","https://www.how-ma.com/mag/sell/souba-kyukyoku/","","max-snippet:-1, max-image-preview:large, max-video-preview:-1","","","","",""
"https://www.how-ma.com/mag/content_policy/","2","Indexable","","https://www.how-ma.com/mag/content_policy/","https://www.how-ma.com/mag/content_policy/","","max-snippet:-1, max-image-preview:large, max-video-preview:-1","","","","",""
"https://www.how-ma.com/mag/interview/completion-of-sale-interview-42/","2","Indexable","","https://www.how-ma.com/mag/interview/completion-of-sale-interview-42/","https://www.how-ma.com/mag/interview/completion-of-sale-interview-42/","","max-snippet:-1, max-image-preview:large, max-video-preview:-1","","","","",""
"https://www.how-ma.com/market_price/stations/5822","1","Indexable","","https://www.how-ma.com/market_price/stations/5822","","","","","","","",""
"https://www.how-ma.com/market_price/stations/7208","1","Indexable","","https://www.how-ma.com/market_price/stations/7208","","","","","","","",""
"https://www.how-ma.com/market_price/stations/5821","1","Indexable","","https://www.how-ma.com/market_price/stations/5821","","","","","","","",""
"https://www.how-ma.com/market_price/stations/7209","1","Indexable","","https://www.how-ma.com/market_price/stations/7209","","","","","","","",""
"https://www.how-ma.com/market_price/stations/6003","1","Indexable","","https://www.how-ma.com/market_price/stations/6003","","","","","","","",""
"https://www.how-ma.com/market_price/stations/9512","1","Indexable","","https://www.how-ma.com/market_price/stations/9512","","","","","","","",""
"https://www.how-ma.com/mansions/search/青森県","1","Indexable","","https://www.how-ma.com/mansions/search/青森県","","","","","","","",""
"https://www.how-ma.com/mansions/search/東京都/練馬区","1","Indexable","","https://www.how-ma.com/mansions/search/東京都/練馬区","","","","","","","",""
"https://www.how-ma.com/market_price/stations/7210","1","Indexable","","https://www.how-ma.com/market_price/stations/7210","","","","","","","",""
"https://www.how-ma.com/mansions/search/京都府","1","Indexable","","https://www.how-ma.com/mansions/search/京都府","","","","","","","",""
"https://www.how-ma.com/mansions/search/山梨県","1","Indexable","","https://www.how-ma.com/mansions/search/山梨県","","","","","","","",""
"https://www.how-ma.com/mansions/search/大分県","1","Indexable","","https://www.how-ma.com/mansions/search/大分県","","","","","","","",""
"https://www.how-ma.com/mag/sell/owner-change","2","Non-Indexable","Canonicalised","https://www.how-ma.com/mag/sell/owner-change/","https://www.how-ma.com/mag/sell/owner-change/","","max-snippet:-1, max-image-preview:large, max-video-preview:-1","","","","",""
"https://www.how-ma.com/mansions/search/東京都/文京区","1","Indexable","","https://www.how-ma.com/mansions/search/東京都/文京区","","","","","","","",""
"https://www.how-ma.com/mansions/search/滋賀県","1","Indexable","","https://www.how-ma.com/mansions/search/滋賀県","","","","","","","",""
"https://www.how-ma.com/market_price/stations/9044","1","Indexable","","https://www.how-ma.com/market_price/stations/9044","","","","","","","",""
"https://www.how-ma.com/mag/category/special/page/3/","1","Indexable","","https://www.how-ma.com/mag/category/special/page/3/","","","max-snippet:-1, max-image-preview:large, max-video-preview:-1","","https://www.how-ma.com/mag/category/special/page/4/","https://www.how-ma.com/mag/category/special/page/2/","",""
"https://www.how-ma.com/mag/category/special/page/2/","1","Indexable","","https://www.how-ma.com/mag/category/special/page/2/","","","max-snippet:-1, max-image-preview:large, max-video-preview:-1","","https://www.how-ma.com/mag/category/special/page/3/","https://www.how-ma.com/mag/category/special/","",""
"https://www.how-ma.com/mag/category/special/page/4/","1","Indexable","","https://www.how-ma.com/mag/category/special/page/4/","","","max-snippet:-1, max-image-preview:large, max-video-preview:-1","","","https://www.how-ma.com/mag/category/special/page/3/","",""
"https://www.how-ma.com/mansions/search/愛知県/名古屋市","1","Indexable","","https://www.how-ma.com/mansions/search/愛知県/名古屋市","","","","","","","",""
"https://www.how-ma.com/mag/special/post-7544/","2","Indexable","","https://www.how-ma.com/mag/special/post-7544/","https://www.how-ma.com/mag/special/post-7544/","","max-snippet:-1, max-image-preview:large, max-video-preview:-1","","","","",""
"https://www.how-ma.com/mag/special/how-to-identify-a-good-real-estate-salesman/","2","Indexable","","https://www.how-ma.com/mag/special/how-to-identify-a-good-real-estate-salesman/","https://www.how-ma.com/mag/special/how-to-identify-a-good-real-estate-salesman/","","max-snippet:-1, max-image-preview:large, max-video-preview:-1","","","","",""
"https://www.how-ma.com/mag/sell/if-series-comic-syojiki-keiyaku/","2","Indexable","","https://www.how-ma.com/mag/sell/if-series-comic-syojiki-keiyaku/","https://www.how-ma.com/mag/sell/if-series-comic-syojiki-keiyaku/","","max-snippet:-1, max-image-preview:large, max-video-preview:-1","","","","",""
"https://www.how-ma.com/mag/special/post-6974/","2","Indexable","","https://www.how-ma.com/mag/special/post-6974/","https://www.how-ma.com/mag/special/post-6974/","","max-snippet:-1, max-image-preview:large, max-video-preview:-1","","","","",""
"https://www.how-ma.com/mag/buy/mansion-soba-23ku/","2","Indexable","","https://www.how-ma.com/mag/buy/mansion-soba-23ku/","https://www.how-ma.com/mag/buy/mansion-soba-23ku/","","max-snippet:-1, max-image-preview:large, max-video-preview:-1","","","","",""
"https://www.how-ma.com/mag/special/condominium-property-values/","2","Indexable","","https://www.how-ma.com/mag/special/condominium-property-values/","https://www.how-ma.com/mag/special/condominium-property-values/","","max-snippet:-1, max-image-preview:large, max-video-preview:-1","","","","",""
"https://www.how-ma.com/mag/special/post-5918/","2","Indexable","","https://www.how-ma.com/mag/special/post-5918/","https://www.how-ma.com/mag/special/post-5918/","","max-snippet:-1, max-image-preview:large, max-video-preview:-1","","","","",""
"https://www.how-ma.com/mag/sell/post-6640/","2","Indexable","","https://www.how-ma.com/mag/sell/post-6640/","https://www.how-ma.com/mag/sell/post-6640/","","max-snippet:-1, max-image-preview:large, max-video-preview:-1","","","","",""
"https://www.how-ma.com/mag/special/post-5804/","2","Indexable","","https://www.how-ma.com/mag/special/post-5804/","https://www.how-ma.com/mag/special/post-5804/","","max-snippet:-1, max-image-preview:large, max-video-preview:-1","","","","",""
"https://www.how-ma.com/mag/special/post-7591/","2","Indexable","","https://www.how-ma.com/mag/special/post-7591/","https://www.how-ma.com/mag/special/post-7591/","","max-snippet:-1, max-image-preview:large, max-video-preview:-1","","","","",""
"https://www.how-ma.com/mag/interview/completion-of-sale-interview-31/","2","Indexable","","https://www.how-ma.com/mag/interview/completion-of-sale-interview-31/","https://www.how-ma.com/mag/interview/completion-of-sale-interview-31/","","max-snippet:-1, max-image-preview:large, max-video-preview:-1","","","","",""
"https://www.how-ma.com/mag/interview/completion-of-sale-interview-32/","2","Indexable","","https://www.how-ma.com/mag/interview/completion-of-sale-interview-32/","https://www.how-ma.com/mag/interview/completion-of-sale-interview-32/","","max-snippet:-1, max-image-preview:large, max-video-preview:-1","","","","",""
"https://www.how-ma.com/mag/interview/completion-of-sale-interview-33/","2","Indexable","","https://www.how-ma.com/mag/interview/completion-of-sale-interview-33/","https://www.how-ma.com/mag/interview/completion-of-sale-interview-33/","","max-snippet:-1, max-image-preview:large, max-video-preview:-1","","","","",""
"https://www.how-ma.com/mag/interview/completion-of-sale-interview-34/","2","Indexable","","https://www.how-ma.com/mag/interview/completion-of-sale-interview-34/","https://www.how-ma.com/mag/interview/completion-of-sale-interview-34/","","max-snippet:-1, max-image-preview:large, max-video-preview:-1","","","","",""
"https://www.how-ma.com/mag/interview/ccompletion-of-sale-interview-36/","2","Indexable","","https://www.how-ma.com/mag/interview/ccompletion-of-sale-interview-36/","https://www.how-ma.com/mag/interview/ccompletion-of-sale-interview-36/","","max-snippet:-1, max-image-preview:large, max-video-preview:-1","","","","",""
"https://www.how-ma.com/mag/interview/completion-of-sale-interview-30/","2","Indexable","","https://www.how-ma.com/mag/interview/completion-of-sale-interview-30/","https://www.how-ma.com/mag/interview/completion-of-sale-interview-30/","","max-snippet:-1, max-image-preview:large, max-video-preview:-1","","","","",""
"https://www.how-ma.com/mansions/search/岡山県","1","Indexable","","https://www.how-ma.com/mansions/search/岡山県","","","","","","","",""
"https://www.how-ma.com/mag/interview/completion-of-sale-interview-28/","2","Indexable","","https://www.how-ma.com/mag/interview/completion-of-sale-interview-28/","https://www.how-ma.com/mag/interview/completion-of-sale-interview-28/","","max-snippet:-1, max-image-preview:large, max-video-preview:-1","","","","",""
"https://www.how-ma.com/mansions/search/山形県","1","Indexable","","https://www.how-ma.com/mansions/search/山形県","","","","","","","",""
"https://www.how-ma.com/mag/interview/completion-of-sale-interview-29/","2","Indexable","","https://www.how-ma.com/mag/interview/completion-of-sale-interview-29/","https://www.how-ma.com/mag/interview/completion-of-sale-interview-29/","","max-snippet:-1, max-image-preview:large, max-video-preview:-1","","","","",""
"https://www.how-ma.com/users/sign_up","1","Indexable","","https://www.how-ma.com/users/sign_up","","","","","","","",""
"https://www.how-ma.com/mag/interview/completion-of-sale-interview-37/","2","Indexable","","https://www.how-ma.com/mag/interview/completion-of-sale-interview-37/","https://www.how-ma.com/mag/interview/completion-of-sale-interview-37/","","max-snippet:-1, max-image-preview:large, max-video-preview:-1","","","","",""
"https://www.how-ma.com/terms","1","Non-Indexable","noindex","https://www.how-ma.com/terms","","","noindex","","","","",""
"https://www.how-ma.com/mansions","1","Indexable","","https://www.how-ma.com/mansions","","","","","","","",""
"https://www.how-ma.com/faq","1","Indexable","","https://www.how-ma.com/faq","","","","","","","",""
"https://www.how-ma.com/mag/interview/completion-of-sale-interview-35/","2","Indexable","","https://www.how-ma.com/mag/interview/completion-of-sale-interview-35/","https://www.how-ma.com/mag/interview/completion-of-sale-interview-35/","","max-snippet:-1, max-image-preview:large, max-video-preview:-1","","","","",""
"https://www.how-ma.com/mag/page/4/","1","Indexable","","https://www.how-ma.com/mag/page/4/","","","max-snippet:-1, max-image-preview:large, max-video-preview:-1","","https://www.how-ma.com/mag/page/5/","https://www.how-ma.com/mag/page/3/","",""
"https://www.how-ma.com/market_price/areas","1","Indexable","","https://www.how-ma.com/market_price/areas","","","","","","","",""
"https://www.how-ma.com/users/sign_in","1","Non-Indexable","Canonicalised","https://www.how-ma.com/","","","","","","","",""
"https://www.how-ma.com/mag/category/consultationroom/","1","Indexable","","https://www.how-ma.com/mag/category/consultationroom/","","","max-snippet:-1, max-image-preview:large, max-video-preview:-1","","https://www.how-ma.com/mag/category/consultationroom/page/2/","","",""
"https://www.how-ma.com/mansions/search/福島県","1","Indexable","","https://www.how-ma.com/mansions/search/福島県","","","","","","","",""
"https://www.how-ma.com/mag/category/interview/online-selling-interview/","1","Indexable","","https://www.how-ma.com/mag/category/interview/online-selling-interview/","","","max-snippet:-1, max-image-preview:large, max-video-preview:-1","","https://www.how-ma.com/mag/category/interview/online-selling-interview/page/2/","","",""
"https://www.how-ma.com/mag/sell/interview-online-sell-20220425/","2","Indexable","","https://www.how-ma.com/mag/sell/interview-online-sell-20220425/","https://www.how-ma.com/mag/sell/interview-online-sell-20220425/","","max-snippet:-1, max-image-preview:large, max-video-preview:-1","","","","",""
"https://www.how-ma.com/mag/interview/improve-realestate-industry-by-it/","2","Indexable","","https://www.how-ma.com/mag/interview/improve-realestate-industry-by-it/","https://www.how-ma.com/mag/interview/improve-realestate-industry-by-it/","","max-snippet:-1, max-image-preview:large, max-video-preview:-1","","","","",""
"https://www.how-ma.com/mag/category/magazine/","1","Indexable","","https://www.how-ma.com/mag/category/magazine/","","","max-snippet:-1, max-image-preview:large, max-video-preview:-1","","","","",""
"https://www.how-ma.com/mag/interview/post-11195/","2","Indexable","","https://www.how-ma.com/mag/interview/post-11195/","https://www.how-ma.com/mag/interview/post-11195/","","max-snippet:-1, max-image-preview:large, max-video-preview:-1","","","","",""
"https://www.how-ma.com/mag/sell/completion-of-sale-interview-2/","2","Indexable","","https://www.how-ma.com/mag/sell/completion-of-sale-interview-2/","https://www.how-ma.com/mag/sell/completion-of-sale-interview-2/","","max-snippet:-1, max-image-preview:large, max-video-preview:-1","","","","",""
"https://www.how-ma.com/mag/category/interview/assessment-interview/page/3/","1","Indexable","","https://www.how-ma.com/mag/category/interview/assessment-interview/page/3/","","","max-snippet:-1, max-image-preview:large, max-video-preview:-1","","https://www.how-ma.com/mag/category/interview/assessment-interview/page/4/","https://www.how-ma.com/mag/category/interview/assessment-interview/page/2/","",""
"https://www.how-ma.com/mag/category/interview/assessment-interview/page/4/","1","Indexable","","https://www.how-ma.com/mag/category/interview/assessment-interview/page/4/","","","max-snippet:-1, max-image-preview:large, max-video-preview:-1","","https://www.how-ma.com/mag/category/interview/assessment-interview/page/5/","https://www.how-ma.com/mag/category/interview/assessment-interview/page/3/","",""
"https://www.how-ma.com/mag/category/interview/assessment-interview/page/5/","1","Indexable","","https://www.how-ma.com/mag/category/interview/assessment-interview/page/5/","","","max-snippet:-1, max-image-preview:large, max-video-preview:-1","","","https://www.how-ma.com/mag/category/interview/assessment-interview/page/4/","",""
"https://www.how-ma.com/mag/sell/howto-sumikae","2","Non-Indexable","Canonicalised","https://www.how-ma.com/mag/sell/howto-sumikae/","https://www.how-ma.com/mag/sell/howto-sumikae/","","max-snippet:-1, max-image-preview:large, max-video-preview:-1","","","","",""
"https://www.how-ma.com/mansions/search/北海道/札幌市","1","Indexable","","https://www.how-ma.com/mansions/search/北海道/札幌市","","","","","","","",""
"https://www.how-ma.com/mag/category/interview/assessment-interview/page/2/","1","Indexable","","https://www.how-ma.com/mag/category/interview/assessment-interview/page/2/","","","max-snippet:-1, max-image-preview:large, max-video-preview:-1","","https://www.how-ma.com/mag/category/interview/assessment-interview/page/3/","https://www.how-ma.com/mag/category/interview/assessment-interview/","",""
"https://www.how-ma.com/market_price/stations/10561","1","Indexable","","https://www.how-ma.com/market_price/stations/10561","","","","","","","",""
"https://www.how-ma.com/mansions/search/東京都/足立区","1","Indexable","","https://www.how-ma.com/mansions/search/東京都/足立区","","","","","","","",""
"https://www.how-ma.com/mansions/search/大阪府/堺市","1","Indexable","","https://www.how-ma.com/mansions/search/大阪府/堺市","","","","","","","",""
"https://www.how-ma.com/market_price/stations/7753","1","Indexable","","https://www.how-ma.com/market_price/stations/7753","","","","","","","",""
"https://www.how-ma.com/mansions/search/埼玉県","1","Indexable","","https://www.how-ma.com/mansions/search/埼玉県","","","","","","","",""
"https://www.how-ma.com/mansions/search/沖縄県","1","Indexable","","https://www.how-ma.com/mansions/search/沖縄県","","","","","","","",""
"https://www.how-ma.com/mag/sell/condominium-sale-procedures","2","Non-Indexable","Canonicalised","https://www.how-ma.com/mag/sell/condominium-sale-procedures/","https://www.how-ma.com/mag/sell/condominium-sale-procedures/","","max-snippet:-1, max-image-preview:large, max-video-preview:-1","","","","",""
"https://www.how-ma.com/mansions/search/富山県","1","Indexable","","https://www.how-ma.com/mansions/search/富山県","","","","","","","",""
"https://www.how-ma.com/mansions/search/東京都/新宿区","1","Indexable","","https://www.how-ma.com/mansions/search/東京都/新宿区","","","","","","","",""
"https://www.how-ma.com/market_price/stations/6096","1","Indexable","","https://www.how-ma.com/market_price/stations/6096","","","","","","","",""
"https://www.how-ma.com/mansions/search/東京都/北区","1","Indexable","","https://www.how-ma.com/mansions/search/東京都/北区","","","","","","","",""
"https://www.how-ma.com/mansions/search/熊本県","1","Indexable","","https://www.how-ma.com/mansions/search/熊本県","","","","","","","",""
"https://www.how-ma.com/market_price/stations/8279","1","Indexable","","https://www.how-ma.com/market_price/stations/8279","","","","","","","",""
"https://www.how-ma.com/market_price/stations/7742","1","Indexable","","https://www.how-ma.com/market_price/stations/7742","","","","","","","",""
"https://www.how-ma.com/market_price/stations/5917","1","Indexable","","https://www.how-ma.com/market_price/stations/5917","","","","","","","",""
"https://www.how-ma.com/market_price/stations/10584","1","Indexable","","https://www.how-ma.com/market_price/stations/10584","","","","","","","",""
"https://www.how-ma.com/market_price/stations/10582","1","Indexable","","https://www.how-ma.com/market_price/stations/10582","","","","","","","",""
"https://www.how-ma.com/market_price/stations","1","Indexable","","https://www.how-ma.com/market_price/stations","","","","","","","",""
"https://www.how-ma.com/mansions/search/京都府/京都市","1","Indexable","","https://www.how-ma.com/mansions/search/京都府/京都市","","","","","","","",""
"https://www.how-ma.com/mag/sell/self_selling","2","Non-Indexable","Canonicalised","https://www.how-ma.com/mag/sell/self_selling/","https://www.how-ma.com/mag/sell/self_selling/","","max-snippet:-1, max-image-preview:large, max-video-preview:-1","","","","",""
"https://www.how-ma.com/market_price/stations/1672","1","Indexable","","https://www.how-ma.com/market_price/stations/1672","","","","","","","",""
"https://www.how-ma.com/market_price/stations/5906","1","Indexable","","https://www.how-ma.com/market_price/stations/5906","","","","","","","",""
"https://www.how-ma.com/mansions/search/秋田県","1","Indexable","","https://www.how-ma.com/mansions/search/秋田県","","","","","","","",""
"https://www.how-ma.com/mansions/search/兵庫県/神戸市","1","Indexable","","https://www.how-ma.com/mansions/search/兵庫県/神戸市","","","","","","","",""
"https://www.how-ma.com/mansions/search/東京都/渋谷区","1","Indexable","","https://www.how-ma.com/mansions/search/東京都/渋谷区","","","","","","","",""
"https://www.how-ma.com/mag/sell/completion-of-sale-interview-12","2","Non-Indexable","Canonicalised","https://www.how-ma.com/mag/sell/completion-of-sale-interview-12/","https://www.how-ma.com/mag/sell/completion-of-sale-interview-12/","","max-snippet:-1, max-image-preview:large, max-video-preview:-1","","","","",""
"https://www.how-ma.com/mansions/search/東京都/板橋区","1","Indexable","","https://www.how-ma.com/mansions/search/東京都/板橋区","","","","","","","",""
"https://www.how-ma.com/mag/sell/what-is-real-estate-ai-appraisal-explaining-how-it-works-and-its-accuracy","2","Non-Indexable","Canonicalised","https://www.how-ma.com/mag/sell/what-is-real-estate-ai-appraisal-explaining-how-it-works-and-its-accuracy/","https://www.how-ma.com/mag/sell/what-is-real-estate-ai-appraisal-explaining-how-it-works-and-its-accuracy/","","max-snippet:-1, max-image-preview:large, max-video-preview:-1","","","","",""
"https://www.how-ma.com/mag/sell/souba-kyukyoku","2","Non-Indexable","Canonicalised","https://www.how-ma.com/mag/sell/souba-kyukyoku/","https://www.how-ma.com/mag/sell/souba-kyukyoku/","","max-snippet:-1, max-image-preview:large, max-video-preview:-1","","","","",""
"https://www.how-ma.com/mag/sell/kyoyu-sell","2","Non-Indexable","Canonicalised","https://www.how-ma.com/mag/sell/kyoyu-sell/","https://www.how-ma.com/mag/sell/kyoyu-sell/","","max-snippet:-1, max-image-preview:large, max-video-preview:-1","","","","",""
"https://www.how-ma.com/mansions/search/静岡県/静岡市","1","Indexable","","https://www.how-ma.com/mansions/search/静岡県/静岡市","","","","","","","",""
"https://www.how-ma.com/mansions/search/広島県/広島市","1","Indexable","","https://www.how-ma.com/mansions/search/広島県/広島市","","","","","","","",""
"https://www.how-ma.com/mansions/search/千葉県","1","Indexable","","https://www.how-ma.com/mansions/search/千葉県","","","","","","","",""
"https://www.how-ma.com/market_price/stations/5779","1","Indexable","","https://www.how-ma.com/market_price/stations/5779","","","","","","","",""
"https://www.how-ma.com/mansions/search/新潟県","1","Indexable","","https://www.how-ma.com/mansions/search/新潟県","","","","","","","",""
"https://www.how-ma.com/mansions/search/岐阜県","1","Indexable","","https://www.how-ma.com/mansions/search/岐阜県","","","","","","","",""
"https://www.how-ma.com/market_price/stations/5658","1","Indexable","","https://www.how-ma.com/market_price/stations/5658","","","","","","","",""
"https://www.how-ma.com/mansions/search/北海道","1","Indexable","","https://www.how-ma.com/mansions/search/北海道","","","","","","","",""
"https://www.how-ma.com/mansions/search/東京都/中央区","1","Indexable","","https://www.how-ma.com/mansions/search/東京都/中央区","","","","","","","",""
"https://www.how-ma.com/market_price/stations/5896","1","Indexable","","https://www.how-ma.com/market_price/stations/5896","","","","","","","",""
"https://www.how-ma.com/market_price/stations/5776","1","Indexable","","https://www.how-ma.com/market_price/stations/5776","","","","","","","",""
"https://www.how-ma.com/market_price/stations/5648","1","Indexable","","https://www.how-ma.com/market_price/stations/5648","","","","","","","",""
"https://www.how-ma.com/mansions/search/福岡県/福岡市","1","Indexable","","https://www.how-ma.com/mansions/search/福岡県/福岡市","","","","","","","",""
"https://www.how-ma.com/mansions/search/東京都/台東区","1","Indexable","","https://www.how-ma.com/mansions/search/東京都/台東区","","","","","","","",""
"https://www.how-ma.com/mansions/search/福岡県","1","Indexable","","https://www.how-ma.com/mansions/search/福岡県","","","","","","","",""
"https://www.how-ma.com/mansions/search/群馬県","1","Indexable","","https://www.how-ma.com/mansions/search/群馬県","","","","","","","",""
"https://www.how-ma.com/market_price/stations/7145","1","Indexable","","https://www.how-ma.com/market_price/stations/7145","","","","","","","",""
"https://www.how-ma.com/market_price/stations/6050","1","Indexable","","https://www.how-ma.com/market_price/stations/6050","","","","","","","",""
"https://www.how-ma.com/mansions/search/福井県","1","Indexable","","https://www.how-ma.com/mansions/search/福井県","","","","","","","",""
"https://www.how-ma.com/mansions/search/大阪府","1","Indexable","","https://www.how-ma.com/mansions/search/大阪府","","","","","","","",""
"https://www.how-ma.com/mansions/search/東京都","1","Indexable","","https://www.how-ma.com/mansions/search/東京都","","","","","","","",""
"https://www.how-ma.com/mag/sell/reputation-and-smart-use-of-howma-real-estate-ai-praisal","2","Non-Indexable","Canonicalised","https://www.how-ma.com/mag/sell/reputation-and-smart-use-of-howma-real-estate-ai-praisal/","https://www.how-ma.com/mag/sell/reputation-and-smart-use-of-howma-real-estate-ai-praisal/","","max-snippet:-1, max-image-preview:large, max-video-preview:-1","","","","",""
"https://www.how-ma.com/mansions/search/奈良県","1","Indexable","","https://www.how-ma.com/mansions/search/奈良県","","","","","","","",""
"https://www.how-ma.com/mansions/search/宮城県/仙台市","1","Indexable","","https://www.how-ma.com/mansions/search/宮城県/仙台市","","","","","","","",""
"https://www.how-ma.com/mansions/search/栃木県","1","Indexable","","https://www.how-ma.com/mansions/search/栃木県","","","","","","","",""
"https://www.how-ma.com/market_price/stations/9051","1","Indexable","","https://www.how-ma.com/market_price/stations/9051","","","","","","","",""
"https://www.how-ma.com/mansions/search/岡山県/岡山市","1","Indexable","","https://www.how-ma.com/mansions/search/岡山県/岡山市","","","","","","","",""
"https://www.how-ma.com/mansions/search/鹿児島県","1","Indexable","","https://www.how-ma.com/mansions/search/鹿児島県","","","","","","","",""
"https://www.how-ma.com/market_price/stations/5810","1","Indexable","","https://www.how-ma.com/market_price/stations/5810","","","","","","","",""
"https://www.how-ma.com/market_price/stations/9052","1","Indexable","","https://www.how-ma.com/market_price/stations/9052","","","","","","","",""
"https://www.how-ma.com/mansions/search/兵庫県","1","Indexable","","https://www.how-ma.com/mansions/search/兵庫県","","","","","","","",""
"https://www.how-ma.com/mansions/search/東京都/目黒区","1","Indexable","","https://www.how-ma.com/mansions/search/東京都/目黒区","","","","","","","",""
"https://www.how-ma.com/mag/sell/mystery-brokerage","2","Non-Indexable","Canonicalised","https://www.how-ma.com/mag/sell/mystery-brokerage/","https://www.how-ma.com/mag/sell/mystery-brokerage/","","max-snippet:-1, max-image-preview:large, max-video-preview:-1","","","","",""
"https://www.how-ma.com/mansions/search/鳥取県","1","Indexable","","https://www.how-ma.com/mansions/search/鳥取県","","","","","","","",""
"https://www.how-ma.com/market_price/stations/5814","1","Indexable","","https://www.how-ma.com/market_price/stations/5814","","","","","","","",""
"https://www.how-ma.com/market_price/stations/5813","1","Indexable","","https://www.how-ma.com/market_price/stations/5813","","","","","","","",""
"https://www.how-ma.com/mag/sell/rinjin-trouble","2","Non-Indexable","Canonicalised","https://www.how-ma.com/mag/sell/rinjin-trouble/","https://www.how-ma.com/mag/sell/rinjin-trouble/","","max-snippet:-1, max-image-preview:large, max-video-preview:-1","","","","",""
"https://www.how-ma.com/mansions/search/東京都/墨田区","1","Indexable","","https://www.how-ma.com/mansions/search/東京都/墨田区","","","","","","","",""
"https://www.how-ma.com/mansions/search/愛知県","1","Indexable","","https://www.how-ma.com/mansions/search/愛知県","","","","","","","",""
"https://www.how-ma.com/market_price/stations/6038","1","Indexable","","https://www.how-ma.com/market_price/stations/6038","","","","","","","",""
"https://www.how-ma.com/mansions/search/長崎県","1","Indexable","","https://www.how-ma.com/mansions/search/長崎県","","","","","","","",""
"https://www.how-ma.com/mansions/search/東京都/葛飾区","1","Indexable","","https://www.how-ma.com/mansions/search/東京都/葛飾区","","","","","","","",""
"https://www.how-ma.com/market_price/mansions/53721","1","Indexable","","https://www.how-ma.com/market_price/mansions/53721","","","","","","","",""
"https://www.how-ma.com/market_price/stations/3204","1","Indexable","","https://www.how-ma.com/market_price/stations/3204","","","","","","","",""
"https://www.how-ma.com/market_price/stations/6031","1","Indexable","","https://www.how-ma.com/market_price/stations/6031","","","","","","","",""
"https://www.how-ma.com/market_price/stations/11047","1","Indexable","","https://www.how-ma.com/market_price/stations/11047","","","","","","","",""
"https://www.how-ma.com/market_price/stations/6049","1","Indexable","","https://www.how-ma.com/market_price/stations/6049","","","","","","","",""
"https://www.how-ma.com/mag/buy/mansion-soba-23ku","2","Non-Indexable","Canonicalised","https://www.how-ma.com/mag/buy/mansion-soba-23ku/","https://www.how-ma.com/mag/buy/mansion-soba-23ku/","","max-snippet:-1, max-image-preview:large, max-video-preview:-1","","","","",""
"https://www.how-ma.com/market_price/stations/6048","1","Indexable","","https://www.how-ma.com/market_price/stations/6048","","","","","","","",""
"https://www.how-ma.com/market_price/stations/6047","1","Indexable","","https://www.how-ma.com/market_price/stations/6047","","","","","","","",""
"https://www.how-ma.com/mansions/search/茨城県","1","Indexable","","https://www.how-ma.com/mansions/search/茨城県","","","","","","","",""
"https://www.how-ma.com/mansions/search/熊本県/熊本市","1","Indexable","","https://www.how-ma.com/mansions/search/熊本県/熊本市","","","","","","","",""
"https://www.how-ma.com/mansions/search/東京都/荒川区","1","Indexable","","https://www.how-ma.com/mansions/search/東京都/荒川区","","","","","","","",""
"https://www.how-ma.com/mansions/search/神奈川県","1","Indexable","","https://www.how-ma.com/mansions/search/神奈川県","","","","","","","",""
"https://www.how-ma.com/mansions/search/島根県","1","Indexable","","https://www.how-ma.com/mansions/search/島根県","","","","","","","",""
"https://www.how-ma.com/mansions/search/長野県","1","Indexable","","https://www.how-ma.com/mansions/search/長野県","","","","","","","",""
"https://www.how-ma.com/mansions/search/東京都/千代田区","1","Indexable","","https://www.how-ma.com/mansions/search/東京都/千代田区","","","","","","","",""
"https://www.how-ma.com/mansions/search/東京都/世田谷区","1","Indexable","","https://www.how-ma.com/mansions/search/東京都/世田谷区","","","","","","","",""
"https://www.how-ma.com/mansions/search/東京都/豊島区","1","Indexable","","https://www.how-ma.com/mansions/search/東京都/豊島区","","","","","","","",""
"https://www.how-ma.com/mansions/search/佐賀県","1","Indexable","","https://www.how-ma.com/mansions/search/佐賀県","","","","","","","",""
"https://www.how-ma.com/market_price/stations/6016","1","Indexable","","https://www.how-ma.com/market_price/stations/6016","","","","","","","",""
"https://www.how-ma.com/market_price/stations/6015","1","Indexable","","https://www.how-ma.com/market_price/stations/6015","","","","","","","",""
"https://www.how-ma.com/mansions/search/岩手県","1","Indexable","","https://www.how-ma.com/mansions/search/岩手県","","","","","","","",""
"https://www.how-ma.com/mag/sell/consultationroom-18","2","Non-Indexable","Canonicalised","https://www.how-ma.com/mag/sell/consultationroom-18/","https://www.how-ma.com/mag/sell/consultationroom-18/","","max-snippet:-1, max-image-preview:large, max-video-preview:-1","","","","",""
"https://www.how-ma.com/mansions/search/宮崎県","1","Indexable","","https://www.how-ma.com/mansions/search/宮崎県","","","","","","","",""
"https://www.how-ma.com/mag/market/detached-house-quotes-by-prefecture","2","Non-Indexable","Canonicalised","https://www.how-ma.com/mag/market/detached-house-quotes-by-prefecture/","https://www.how-ma.com/mag/market/detached-house-quotes-by-prefecture/","","max-snippet:-1, max-image-preview:large, max-video-preview:-1","","","","",""
"https://www.how-ma.com/mag/sell/mansion-detachedhouse-assessment","2","Non-Indexable","Canonicalised","https://www.how-ma.com/mag/sell/mansion-detachedhouse-assessment/","https://www.how-ma.com/mag/sell/mansion-detachedhouse-assessment/","","max-snippet:-1, max-image-preview:large, max-video-preview:-1","","","","",""
"https://www.how-ma.com/mansions/search/徳島県","1","Indexable","","https://www.how-ma.com/mansions/search/徳島県","","","","","","","",""
"https://www.how-ma.com/mansions/search/東京都/港区","1","Indexable","","https://www.how-ma.com/mansions/search/東京都/港区","","","","","","","",""
"https://www.how-ma.com/mansions/search/東京都/江戸川区","1","Indexable","","https://www.how-ma.com/mansions/search/東京都/江戸川区","","","","","","","",""
"https://www.how-ma.com/mansions/search/東京都/中野区","1","Indexable","","https://www.how-ma.com/mansions/search/東京都/中野区","","","","","","","",""
"https://www.how-ma.com/market_price/stations/9534","1","Indexable","","https://www.how-ma.com/market_price/stations/9534","","","","","","","",""
"https://www.how-ma.com/users/ba_sign_up/standard","1","Indexable","","https://www.how-ma.com/users/ba_sign_up/standard","","","","","","","",""
"https://www.how-ma.com/mansions/search/東京都/杉並区","1","Indexable","","https://www.how-ma.com/mansions/search/東京都/杉並区","","","","","","","",""
"https://www.how-ma.com/mansions/search/千葉県/千葉市","1","Indexable","","https://www.how-ma.com/mansions/search/千葉県/千葉市","","","","","","","",""
"https://www.how-ma.com/mansions/search/宮城県","1","Indexable","","https://www.how-ma.com/mansions/search/宮城県","","","","","","","",""
"https://www.how-ma.com/mansions/search/東京都/品川区","1","Indexable","","https://www.how-ma.com/mansions/search/東京都/品川区","","","","","","","",""
"https://www.how-ma.com/mansions/search/高知県","1","Indexable","","https://www.how-ma.com/mansions/search/高知県","","","","","","","",""
"https://www.how-ma.com/mag/sell/8-things-you-should-never-do-when-selling-house","2","Non-Indexable","Canonicalised","https://www.how-ma.com/mag/sell/8-things-you-should-never-do-when-selling-house/","https://www.how-ma.com/mag/sell/8-things-you-should-never-do-when-selling-house/","","max-snippet:-1, max-image-preview:large, max-video-preview:-1","","","","",""
"https://www.how-ma.com/mansions/search/和歌山県","1","Indexable","","https://www.how-ma.com/mansions/search/和歌山県","","","","","","","",""
"https://www.how-ma.com/mansions/search/東京都/江東区","1","Indexable","","https://www.how-ma.com/mansions/search/東京都/江東区","","","","","","","",""
"https://www.how-ma.com/mansions/search/三重県","1","Indexable","","https://www.how-ma.com/mansions/search/三重県","","","","","","","",""
"https://www.how-ma.com/market_price/stations/10558","1","Indexable","","https://www.how-ma.com/market_price/stations/10558","","","","","","","",""
"https://www.how-ma.com/mansions/search/埼玉県/さいたま市","1","Indexable","","https://www.how-ma.com/mansions/search/埼玉県/さいたま市","","","","","","","",""
"https://www.how-ma.com/mansions/search/山口県","1","Indexable","","https://www.how-ma.com/mansions/search/山口県","","","","","","","",""
"https://www.how-ma.com/mansions/search/神奈川県/横浜市","1","Indexable","","https://www.how-ma.com/mansions/search/神奈川県/横浜市","","","","","","","",""
"https://www.how-ma.com/market_price/stations/10559","1","Indexable","","https://www.how-ma.com/market_price/stations/10559","","","","","","","",""
"https://www.how-ma.com/mag/sell/sales-contract","2","Non-Indexable","Canonicalised","https://www.how-ma.com/mag/sell/sales-contract/","https://www.how-ma.com/mag/sell/sales-contract/","","max-snippet:-1, max-image-preview:large, max-video-preview:-1","","","","",""
"https://www.how-ma.com/market_price/stations/6072","1","Indexable","","https://www.how-ma.com/market_price/stations/6072","","","","","","","",""
"https://www.how-ma.com/mansions/search/東京都/大田区","1","Indexable","","https://www.how-ma.com/mansions/search/東京都/大田区","","","","","","","",""
"https://www.how-ma.com/mansions/search/石川県","1","Indexable","","https://www.how-ma.com/mansions/search/石川県","","","","","","","",""
"https://www.how-ma.com/mansions/search/神奈川県/相模原市","1","Indexable","","https://www.how-ma.com/mansions/search/神奈川県/相模原市","","","","","","","",""
"https://www.how-ma.com/mansions/search/福岡県/北九州市","1","Indexable","","https://www.how-ma.com/mansions/search/福岡県/北九州市","","","","","","","",""
"https://www.how-ma.com/mansions/search/静岡県","1","Indexable","","https://www.how-ma.com/mansions/search/静岡県","","","","","","","",""
"https://www.how-ma.com/mansions/search/広島県","1","Indexable","","https://www.how-ma.com/mansions/search/広島県","","","","","","","",""
"https://www.how-ma.com/mansions/search/神奈川県/川崎市","1","Indexable","","https://www.how-ma.com/mansions/search/神奈川県/川崎市","","","","","","","",""
"https://www.how-ma.com/market_price/stations?type=house","1","Non-Indexable","Canonicalised","https://www.how-ma.com/market_price/stations","","","","","","","",""
"https://www.how-ma.com/mag/sell/sell-step","2","Non-Indexable","Canonicalised","https://www.how-ma.com/mag/sell/sell-step/","https://www.how-ma.com/mag/sell/sell-step/","","max-snippet:-1, max-image-preview:large, max-video-preview:-1","","","","",""
"https://www.how-ma.com/market_price/stations/2168","1","Indexable","","https://www.how-ma.com/market_price/stations/2168","","","","","","","",""
"https://www.how-ma.com/market_price/mansions/140320","1","Indexable","","https://www.how-ma.com/market_price/mansions/140320","","","","","","","",""
"https://www.how-ma.com/market_price/stations/9116","1","Indexable","","https://www.how-ma.com/market_price/stations/9116","","","","","","","",""
"https://www.how-ma.com/market_price/stations/5797","1","Indexable","","https://www.how-ma.com/market_price/stations/5797","","","","","","","",""
"https://www.how-ma.com/market_price/stations/8024","1","Indexable","","https://www.how-ma.com/market_price/stations/8024","","","","","","","",""
"https://www.how-ma.com/market_price/stations/6088","1","Indexable","","https://www.how-ma.com/market_price/stations/6088","","","","","","","",""
"https://www.how-ma.com/market_price/stations/9594","1","Indexable","","https://www.how-ma.com/market_price/stations/9594","","","","","","","",""
"https://www.how-ma.com/market_price/stations/8022","1","Indexable","","https://www.how-ma.com/market_price/stations/8022","","","","","","","",""
"https://www.how-ma.com/market_price/stations/9475","1","Indexable","","https://www.how-ma.com/market_price/stations/9475","","","","","","","",""
"https://www.how-ma.com/market_price/stations/8023","1","Indexable","","https://www.how-ma.com/market_price/stations/8023","","","","","","","",""
"https://www.how-ma.com/mag/category/interview/assessment-interview","1","Non-Indexable","Canonicalised","https://www.how-ma.com/mag/category/interview/assessment-interview/","","","max-snippet:-1, max-image-preview:large, max-video-preview:-1","","https://www.how-ma.com/mag/category/interview/assessment-interview/page/2/","","",""
"https://www.how-ma.com/mansions/search/愛媛県","1","Indexable","","https://www.how-ma.com/mansions/search/愛媛県","","","","","","","",""
"https://www.how-ma.com/mansions/search/新潟県/新潟市","1","Indexable","","https://www.how-ma.com/mansions/search/新潟県/新潟市","","","","","","","",""
"https://www.how-ma.com/mansions/search/静岡県/浜松市","1","Indexable","","https://www.how-ma.com/mansions/search/静岡県/浜松市","","","","","","","",""
"https://www.how-ma.com/mansions/search/香川県","1","Indexable","","https://www.how-ma.com/mansions/search/香川県","","","","","","","",""
"https://www.how-ma.com/mansions/search/大阪府/大阪市","1","Indexable","","https://www.how-ma.com/mansions/search/大阪府/大阪市","","","","","","","",""
