"Address","Occurrences","H2-1","H2-1 Length","H2-2","H2-2 Length","Indexability","Indexability Status"
"https://www.how-ma.com/mag/","14","不動産売却","5","市況","2","Indexable",""
"https://www.how-ma.com/mag/category/special/","13","不動産売却","5","市況","2","Indexable",""
"https://www.how-ma.com/mag","14","不動産売却","5","市況","2","Non-Indexable","Canonicalised"
"https://www.how-ma.com/mag/page/2/","13","不動産売却","5","市況","2","Indexable",""
"https://www.how-ma.com/otoiawase/new","0","","0","","0","Non-Indexable","noindex"
"https://www.how-ma.com/privacy","0","","0","","0","Non-Indexable","noindex"
"https://www.how-ma.com/mag/interview/completion-of-sale-interview-41/","22","不動産売却","5","市況","2","Indexable",""
"https://www.how-ma.com/mag/interview/completion-of-sale-interview-45/","21","不動産売却","5","市況","2","Indexable",""
"https://www.how-ma.com/mag/category/interview/assessment-interview/","13","不動産売却","5","市況","2","Indexable",""
"https://www.how-ma.com/","15","こんな人におすすめです","11","なぜ高く売却するのに、AIの事前査定がマストなのか？","26","Indexable",""
"https://www.how-ma.com/mag/authors/","9","不動産売却","5","市況","2","Indexable",""
"https://www.how-ma.com/mag/sell/completion-of-sale-interview-47/","23","不動産売却","5","市況","2","Indexable",""
"https://www.how-ma.com/mag/category/news/","13","不動産売却","5","市況","2","Indexable",""
"https://www.how-ma.com/mag/category/market/","13","不動産売却","5","市況","2","Indexable",""
"https://www.how-ma.com/mag/category/interview/","13","不動産売却","5","市況","2","Indexable",""
"https://www.how-ma.com/mag/category/sell/","13","不動産売却","5","市況","2","Indexable",""
"https://www.how-ma.com/mag/interview/completion-of-sale-interview-44/","21","不動産売却","5","市況","2","Indexable",""
"https://www.how-ma.com/mag/sell/sales-negotiation/","18","不動産売却","5","市況","2","Indexable",""
"https://www.how-ma.com/mag/sell/price-change/","16","不動産売却","5","市況","2","Indexable",""
"https://www.how-ma.com/mag/interview/completion-of-sale-interview-39/","23","不動産売却","5","市況","2","Indexable",""
"https://www.how-ma.com/mag/category/money/","13","不動産売却","5","市況","2","Indexable",""
"https://www.how-ma.com/mag/interview/completion-of-sale-interview-43/","21","不動産売却","5","市況","2","Indexable",""
"https://www.how-ma.com/mag/page/3/","13","不動産売却","5","市況","2","Indexable",""
"https://www.how-ma.com/mag/category/buy/","13","不動産売却","5","市況","2","Indexable",""
"https://www.how-ma.com/mag/interview/completion-of-sale-interview-38/","21","不動産売却","5","市況","2","Indexable",""
"https://www.how-ma.com/mag/interview/completion-of-sale-interview-46/","20","不動産売却","5","市況","2","Indexable",""
"https://www.how-ma.com/mag/sell/completion-of-sale-interview-40/","21","不動産売却","5","市況","2","Indexable",""
"https://www.how-ma.com/mag/sell/souba-kyukyoku/","20","不動産売却","5","市況","2","Indexable",""
"https://www.how-ma.com/mag/content_policy/","8","不動産売却","5","市況","2","Indexable",""
"https://www.how-ma.com/mag/interview/completion-of-sale-interview-42/","18","不動産売却","5","市況","2","Indexable",""
"https://www.how-ma.com/market_price/stations/5822","13","鷺沼駅の中古マンションの売却相場価格","18","今すぐあなたの不動産を査定する","15","Indexable",""
"https://www.how-ma.com/market_price/stations/7208","12","西鉄平尾駅の中古マンションの売却相場価格","20","今すぐあなたの不動産を査定する","15","Indexable",""
"https://www.how-ma.com/market_price/stations/5821","13","宮前平駅の中古マンションの売却相場価格","19","今すぐあなたの不動産を査定する","15","Indexable",""
"https://www.how-ma.com/market_price/stations/7209","12","高宮駅の中古マンションの売却相場価格","18","今すぐあなたの不動産を査定する","15","Indexable",""
"https://www.how-ma.com/market_price/stations/6003","13","西新宿駅の中古マンションの売却相場価格","19","今すぐあなたの不動産を査定する","15","Indexable",""
"https://www.how-ma.com/market_price/stations/9512","13","中津駅の中古マンションの売却相場価格","18","今すぐあなたの不動産を査定する","15","Indexable",""
"https://www.how-ma.com/mansions/search/青森県","11","青森県の2026年4月時点マンション売却相場は1,997万円","30","青森県のマンションの直近3年の売却相場推移","21","Indexable",""
"https://www.how-ma.com/mansions/search/東京都/練馬区","11","東京都練馬区の2026年4月時点マンション売却相場は5,296万円","33","東京都練馬区のマンションの直近3年の売却相場推移","24","Indexable",""
"https://www.how-ma.com/market_price/stations/7210","12","大橋駅の中古マンションの売却相場価格","18","今すぐあなたの不動産を査定する","15","Indexable",""
"https://www.how-ma.com/mansions/search/京都府","11","京都府の2026年4月時点マンション売却相場は3,167万円","30","京都府のマンションの直近3年の売却相場推移","21","Indexable",""
"https://www.how-ma.com/mansions/search/山梨県","11","山梨県の2026年4月時点マンション売却相場は928万円","28","山梨県のマンションの直近3年の売却相場推移","21","Indexable",""
"https://www.how-ma.com/mansions/search/大分県","11","大分県の2026年4月時点マンション売却相場は1,347万円","30","大分県のマンションの直近3年の売却相場推移","21","Indexable",""
"https://www.how-ma.com/mag/sell/owner-change","15","不動産売却","5","市況","2","Non-Indexable","Canonicalised"
"https://www.how-ma.com/mansions/search/東京都/文京区","11","東京都文京区の2026年4月時点マンション売却相場は10,584万円","34","東京都文京区のマンションの直近3年の売却相場推移","24","Indexable",""
"https://www.how-ma.com/mansions/search/滋賀県","11","滋賀県の2026年4月時点マンション売却相場は2,043万円","30","滋賀県のマンションの直近3年の売却相場推移","21","Indexable",""
"https://www.how-ma.com/market_price/stations/9044","12","新栄町駅の中古マンションの売却相場価格","19","今すぐあなたの不動産を査定する","15","Indexable",""
"https://www.how-ma.com/mag/category/special/page/3/","13","不動産売却","5","市況","2","Indexable",""
"https://www.how-ma.com/mag/category/special/page/2/","13","不動産売却","5","市況","2","Indexable",""
"https://www.how-ma.com/mag/category/special/page/4/","8","不動産売却","5","市況","2","Indexable",""
"https://www.how-ma.com/mansions/search/愛知県/名古屋市","11","愛知県名古屋市の2026年4月時点マンション売却相場は2,188万円","34","愛知県名古屋市のマンションの直近3年の売却相場推移","25","Indexable",""
"https://www.how-ma.com/mag/special/post-7544/","15","不動産売却","5","市況","2","Indexable",""
"https://www.how-ma.com/mag/special/how-to-identify-a-good-real-estate-salesman/","18","不動産売却","5","市況","2","Indexable",""
"https://www.how-ma.com/mag/sell/if-series-comic-syojiki-keiyaku/","15","不動産売却","5","市況","2","Indexable",""
"https://www.how-ma.com/mag/special/post-6974/","15","不動産売却","5","市況","2","Indexable",""
"https://www.how-ma.com/mag/buy/mansion-soba-23ku/","16","不動産売却","5","市況","2","Indexable",""
"https://www.how-ma.com/mag/special/condominium-property-values/","18","不動産売却","5","市況","2","Indexable",""
"https://www.how-ma.com/mag/special/post-5918/","16","不動産売却","5","市況","2","Indexable",""
"https://www.how-ma.com/mag/sell/post-6640/","15","不動産売却","5","市況","2","Indexable",""
"https://www.how-ma.com/mag/special/post-5804/","17","不動産売却","5","市況","2","Indexable",""
"https://www.how-ma.com/mag/special/post-7591/","16","不動産売却","5","市況","2","Indexable",""
"https://www.how-ma.com/mag/interview/completion-of-sale-interview-31/","21","不動産売却","5","市況","2","Indexable",""
"https://www.how-ma.com/mag/interview/completion-of-sale-interview-32/","23","不動産売却","5","市況","2","Indexable",""
"https://www.how-ma.com/mag/interview/completion-of-sale-interview-33/","22","不動産売却","5","市況","2","Indexable",""
"https://www.how-ma.com/mag/interview/completion-of-sale-interview-34/","22","不動産売却","5","市況","2","Indexable",""
"https://www.how-ma.com/mag/interview/ccompletion-of-sale-interview-36/","24","不動産売却","5","市況","2","Indexable",""
"https://www.how-ma.com/mag/interview/completion-of-sale-interview-30/","21","不動産売却","5","市況","2","Indexable",""
"https://www.how-ma.com/mansions/search/岡山県","11","岡山県の2026年4月時点マンション売却相場は1,907万円","30","岡山県のマンションの直近3年の売却相場推移","21","Indexable",""
"https://www.how-ma.com/mag/interview/completion-of-sale-interview-28/","20","不動産売却","5","市況","2","Indexable",""
"https://www.how-ma.com/mansions/search/山形県","11","山形県の2026年4月時点マンション売却相場は1,408万円","30","山形県のマンションの直近3年の売却相場推移","21","Indexable",""
"https://www.how-ma.com/mag/interview/completion-of-sale-interview-29/","20","不動産売却","5","市況","2","Indexable",""
"https://www.how-ma.com/users/sign_up","0","","0","","0","Indexable",""
"https://www.how-ma.com/mag/interview/completion-of-sale-interview-37/","21","不動産売却","5","市況","2","Indexable",""
"https://www.how-ma.com/terms","0","","0","","0","Non-Indexable","noindex"
"https://www.how-ma.com/mansions","10","キーワード","5","築年","2","Indexable",""
"https://www.how-ma.com/faq","1","よくあるご質問","7","","0","Indexable",""
"https://www.how-ma.com/mag/interview/completion-of-sale-interview-35/","21","不動産売却","5","市況","2","Indexable",""
"https://www.how-ma.com/mag/page/4/","13","不動産売却","5","市況","2","Indexable",""
"https://www.how-ma.com/market_price/areas","7","北海道・東北","6","関東","2","Indexable",""
"https://www.how-ma.com/users/sign_in","0","","0","","0","Non-Indexable","Canonicalised"
"https://www.how-ma.com/mag/category/consultationroom/","13","不動産売却","5","市況","2","Indexable",""
"https://www.how-ma.com/mansions/search/福島県","11","福島県の2026年4月時点マンション売却相場は1,271万円","30","福島県のマンションの直近3年の売却相場推移","21","Indexable",""
"https://www.how-ma.com/mag/category/interview/online-selling-interview/","13","不動産売却","5","市況","2","Indexable",""
"https://www.how-ma.com/mag/sell/interview-online-sell-20220425/","18","不動産売却","5","市況","2","Indexable",""
"https://www.how-ma.com/mag/interview/improve-realestate-industry-by-it/","17","不動産売却","5","市況","2","Indexable",""
"https://www.how-ma.com/mag/category/magazine/","11","不動産売却","5","市況","2","Indexable",""
"https://www.how-ma.com/mag/interview/post-11195/","18","不動産売却","5","市況","2","Indexable",""
"https://www.how-ma.com/mag/sell/completion-of-sale-interview-2/","19","不動産売却","5","市況","2","Indexable",""
"https://www.how-ma.com/mag/category/interview/assessment-interview/page/3/","13","不動産売却","5","市況","2","Indexable",""
"https://www.how-ma.com/mag/category/interview/assessment-interview/page/4/","13","不動産売却","5","市況","2","Indexable",""
"https://www.how-ma.com/mag/category/interview/assessment-interview/page/5/","9","不動産売却","5","市況","2","Indexable",""
"https://www.how-ma.com/mag/sell/howto-sumikae","31","不動産売却","5","市況","2","Non-Indexable","Canonicalised"
"https://www.how-ma.com/mansions/search/北海道/札幌市","11","北海道札幌市の2026年4月時点マンション売却相場は1,834万円","33","北海道札幌市のマンションの直近3年の売却相場推移","24","Indexable",""
"https://www.how-ma.com/mag/category/interview/assessment-interview/page/2/","13","不動産売却","5","市況","2","Indexable",""
"https://www.how-ma.com/market_price/stations/10561","12","西新駅の中古マンションの売却相場価格","18","今すぐあなたの不動産を査定する","15","Indexable",""
"https://www.how-ma.com/mansions/search/東京都/足立区","11","東京都足立区の2026年4月時点マンション売却相場は4,077万円","33","東京都足立区のマンションの直近3年の売却相場推移","24","Indexable",""
"https://www.how-ma.com/mansions/search/大阪府/堺市","11","大阪府堺市の2026年4月時点マンション売却相場は2,189万円","32","大阪府堺市のマンションの直近3年の売却相場推移","23","Indexable",""
"https://www.how-ma.com/market_price/stations/7753","13","西新宿五丁目駅の中古マンションの売却相場価格","22","今すぐあなたの不動産を査定する","15","Indexable",""
"https://www.how-ma.com/mansions/search/埼玉県","11","埼玉県の2026年4月時点マンション売却相場は2,627万円","30","埼玉県のマンションの直近3年の売却相場推移","21","Indexable",""
"https://www.how-ma.com/mansions/search/沖縄県","10","沖縄県の2026年4月時点マンション売却相場は3,989万円","30","沖縄県のマンションの直近3年の売却相場推移","21","Indexable",""
"https://www.how-ma.com/mag/sell/condominium-sale-procedures","16","不動産売却","5","市況","2","Non-Indexable","Canonicalised"
"https://www.how-ma.com/mansions/search/富山県","11","富山県の2026年4月時点マンション売却相場は1,241万円","30","富山県のマンションの直近3年の売却相場推移","21","Indexable",""
"https://www.how-ma.com/mansions/search/東京都/新宿区","11","東京都新宿区の2026年4月時点マンション売却相場は10,932万円","34","東京都新宿区のマンションの直近3年の売却相場推移","24","Indexable",""
"https://www.how-ma.com/market_price/stations/6096","13","新富町駅の中古マンションの売却相場価格","19","今すぐあなたの不動産を査定する","15","Indexable",""
"https://www.how-ma.com/mansions/search/東京都/北区","11","東京都北区の2026年4月時点マンション売却相場は6,769万円","32","東京都北区のマンションの直近3年の売却相場推移","23","Indexable",""
"https://www.how-ma.com/mansions/search/熊本県","11","熊本県の2026年4月時点マンション売却相場は1,698万円","30","熊本県のマンションの直近3年の売却相場推移","21","Indexable",""
"https://www.how-ma.com/market_price/stations/8279","13","多摩センター駅の中古マンションの売却相場価格","22","今すぐあなたの不動産を査定する","15","Indexable",""
"https://www.how-ma.com/market_price/stations/7742","13","勝どき駅の中古マンションの売却相場価格","19","今すぐあなたの不動産を査定する","15","Indexable",""
"https://www.how-ma.com/market_price/stations/5917","13","黄金町駅の中古マンションの売却相場価格","19","今すぐあなたの不動産を査定する","15","Indexable",""
"https://www.how-ma.com/market_price/stations/10584","12","薬院大通駅の中古マンションの売却相場価格","20","今すぐあなたの不動産を査定する","15","Indexable",""
"https://www.how-ma.com/market_price/stations/10582","12","六本松駅の中古マンションの売却相場価格","19","今すぐあなたの不動産を査定する","15","Indexable",""
"https://www.how-ma.com/market_price/stations","3","キーワードで探す","8","都道府県から探す","8","Indexable",""
"https://www.how-ma.com/mansions/search/京都府/京都市","11","京都府京都市の2026年4月時点マンション売却相場は3,695万円","33","京都府京都市のマンションの直近3年の売却相場推移","24","Indexable",""
"https://www.how-ma.com/mag/sell/self_selling","17","不動産売却","5","市況","2","Non-Indexable","Canonicalised"
"https://www.how-ma.com/market_price/stations/1672","13","武蔵小金井駅の中古マンションの売却相場価格","21","今すぐあなたの不動産を査定する","15","Indexable",""
"https://www.how-ma.com/market_price/stations/5906","13","京急鶴見駅の中古マンションの売却相場価格","20","今すぐあなたの不動産を査定する","15","Indexable",""
"https://www.how-ma.com/mansions/search/秋田県","11","秋田県の2026年4月時点マンション売却相場は1,603万円","30","秋田県のマンションの直近3年の売却相場推移","21","Indexable",""
"https://www.how-ma.com/mansions/search/兵庫県/神戸市","11","兵庫県神戸市の2026年4月時点マンション売却相場は2,198万円","33","兵庫県神戸市のマンションの直近3年の売却相場推移","24","Indexable",""
"https://www.how-ma.com/mansions/search/東京都/渋谷区","11","東京都渋谷区の2026年4月時点マンション売却相場は14,939万円","34","東京都渋谷区のマンションの直近3年の売却相場推移","24","Indexable",""
"https://www.how-ma.com/mag/sell/completion-of-sale-interview-12","19","不動産売却","5","市況","2","Non-Indexable","Canonicalised"
"https://www.how-ma.com/mansions/search/東京都/板橋区","11","東京都板橋区の2026年4月時点マンション売却相場は5,263万円","33","東京都板橋区のマンションの直近3年の売却相場推移","24","Indexable",""
"https://www.how-ma.com/mag/sell/what-is-real-estate-ai-appraisal-explaining-how-it-works-and-its-accuracy","22","不動産売却","5","市況","2","Non-Indexable","Canonicalised"
"https://www.how-ma.com/mag/sell/souba-kyukyoku","20","不動産売却","5","市況","2","Non-Indexable","Canonicalised"
"https://www.how-ma.com/mag/sell/kyoyu-sell","19","不動産売却","5","市況","2","Non-Indexable","Canonicalised"
"https://www.how-ma.com/mansions/search/静岡県/静岡市","11","静岡県静岡市の2026年4月時点マンション売却相場は1,695万円","33","静岡県静岡市のマンションの直近3年の売却相場推移","24","Indexable",""
"https://www.how-ma.com/mansions/search/広島県/広島市","11","広島県広島市の2026年4月時点マンション売却相場は2,232万円","33","広島県広島市のマンションの直近3年の売却相場推移","24","Indexable",""
"https://www.how-ma.com/mansions/search/千葉県","11","千葉県の2026年4月時点マンション売却相場は2,324万円","30","千葉県のマンションの直近3年の売却相場推移","21","Indexable",""
"https://www.how-ma.com/market_price/stations/5779","13","学芸大学駅の中古マンションの売却相場価格","20","今すぐあなたの不動産を査定する","15","Indexable",""
"https://www.how-ma.com/mansions/search/新潟県","11","新潟県の2026年4月時点マンション売却相場は1,035万円","30","新潟県のマンションの直近3年の売却相場推移","21","Indexable",""
"https://www.how-ma.com/mansions/search/岐阜県","11","岐阜県の2026年4月時点マンション売却相場は1,225万円","30","岐阜県のマンションの直近3年の売却相場推移","21","Indexable",""
"https://www.how-ma.com/market_price/stations/5658","13","京王八王子駅の中古マンションの売却相場価格","21","今すぐあなたの不動産を査定する","15","Indexable",""
"https://www.how-ma.com/mansions/search/北海道","11","北海道の2026年4月時点マンション売却相場は1,671万円","30","北海道のマンションの直近3年の売却相場推移","21","Indexable",""
"https://www.how-ma.com/mansions/search/東京都/中央区","11","東京都中央区の2026年4月時点マンション売却相場は16,054万円","34","東京都中央区のマンションの直近3年の売却相場推移","24","Indexable",""
"https://www.how-ma.com/market_price/stations/5896","13","大森海岸駅の中古マンションの売却相場価格","20","今すぐあなたの不動産を査定する","15","Indexable",""
"https://www.how-ma.com/market_price/stations/5776","13","代官山駅の中古マンションの売却相場価格","19","今すぐあなたの不動産を査定する","15","Indexable",""
"https://www.how-ma.com/market_price/stations/5648","13","府中駅の中古マンションの売却相場価格","18","今すぐあなたの不動産を査定する","15","Indexable",""
"https://www.how-ma.com/mansions/search/福岡県/福岡市","11","福岡県福岡市の2026年4月時点マンション売却相場は2,979万円","33","福岡県福岡市のマンションの直近3年の売却相場推移","24","Indexable",""
"https://www.how-ma.com/mansions/search/東京都/台東区","11","東京都台東区の2026年4月時点マンション売却相場は8,677万円","33","東京都台東区のマンションの直近3年の売却相場推移","24","Indexable",""
"https://www.how-ma.com/mansions/search/福岡県","11","福岡県の2026年4月時点マンション売却相場は2,139万円","30","福岡県のマンションの直近3年の売却相場推移","21","Indexable",""
"https://www.how-ma.com/mansions/search/群馬県","11","群馬県の2026年4月時点マンション売却相場は1,240万円","30","群馬県のマンションの直近3年の売却相場推移","21","Indexable",""
"https://www.how-ma.com/market_price/stations/7145","13","南千里駅の中古マンションの売却相場価格","19","今すぐあなたの不動産を査定する","15","Indexable",""
"https://www.how-ma.com/market_price/stations/6050","13","葛西駅の中古マンションの売却相場価格","18","今すぐあなたの不動産を査定する","15","Indexable",""
"https://www.how-ma.com/mansions/search/福井県","11","福井県の2026年4月時点マンション売却相場は1,915万円","30","福井県のマンションの直近3年の売却相場推移","21","Indexable",""
"https://www.how-ma.com/mansions/search/大阪府","11","大阪府の2026年4月時点マンション売却相場は3,038万円","30","大阪府のマンションの直近3年の売却相場推移","21","Indexable",""
"https://www.how-ma.com/mansions/search/東京都","11","東京都の2026年4月時点マンション売却相場は7,832万円","30","東京都のマンションの直近3年の売却相場推移","21","Indexable",""
"https://www.how-ma.com/mag/sell/reputation-and-smart-use-of-howma-real-estate-ai-praisal","17","不動産売却","5","市況","2","Non-Indexable","Canonicalised"
"https://www.how-ma.com/mansions/search/奈良県","11","奈良県の2026年4月時点マンション売却相場は1,441万円","30","奈良県のマンションの直近3年の売却相場推移","21","Indexable",""
"https://www.how-ma.com/mansions/search/宮城県/仙台市","11","宮城県仙台市の2026年4月時点マンション売却相場は2,076万円","33","宮城県仙台市のマンションの直近3年の売却相場推移","24","Indexable",""
"https://www.how-ma.com/mansions/search/栃木県","11","栃木県の2026年4月時点マンション売却相場は1,630万円","30","栃木県のマンションの直近3年の売却相場推移","21","Indexable",""
"https://www.how-ma.com/market_price/stations/9051","12","星ヶ丘駅の中古マンションの売却相場価格","19","今すぐあなたの不動産を査定する","15","Indexable",""
"https://www.how-ma.com/mansions/search/岡山県/岡山市","11","岡山県岡山市の2026年4月時点マンション売却相場は1,901万円","33","岡山県岡山市のマンションの直近3年の売却相場推移","24","Indexable",""
"https://www.how-ma.com/mansions/search/鹿児島県","11","鹿児島県の2026年4月時点マンション売却相場は2,020万円","31","鹿児島県のマンションの直近3年の売却相場推移","22","Indexable",""
"https://www.how-ma.com/market_price/stations/5810","13","池尻大橋駅の中古マンションの売却相場価格","20","今すぐあなたの不動産を査定する","15","Indexable",""
"https://www.how-ma.com/market_price/stations/9052","12","一社駅の中古マンションの売却相場価格","18","今すぐあなたの不動産を査定する","15","Indexable",""
"https://www.how-ma.com/mansions/search/兵庫県","11","兵庫県の2026年4月時点マンション売却相場は2,045万円","30","兵庫県のマンションの直近3年の売却相場推移","21","Indexable",""
"https://www.how-ma.com/mansions/search/東京都/目黒区","11","東京都目黒区の2026年4月時点マンション売却相場は11,129万円","34","東京都目黒区のマンションの直近3年の売却相場推移","24","Indexable",""
"https://www.how-ma.com/mag/sell/mystery-brokerage","16","不動産売却","5","市況","2","Non-Indexable","Canonicalised"
"https://www.how-ma.com/mansions/search/鳥取県","11","鳥取県の2026年4月時点マンション売却相場は1,627万円","30","鳥取県のマンションの直近3年の売却相場推移","21","Indexable",""
"https://www.how-ma.com/market_price/stations/5814","13","用賀駅の中古マンションの売却相場価格","18","今すぐあなたの不動産を査定する","15","Indexable",""
"https://www.how-ma.com/market_price/stations/5813","13","桜新町駅の中古マンションの売却相場価格","19","今すぐあなたの不動産を査定する","15","Indexable",""
"https://www.how-ma.com/mag/sell/rinjin-trouble","16","不動産売却","5","市況","2","Non-Indexable","Canonicalised"
"https://www.how-ma.com/mansions/search/東京都/墨田区","11","東京都墨田区の2026年4月時点マンション売却相場は7,111万円","33","東京都墨田区のマンションの直近3年の売却相場推移","24","Indexable",""
"https://www.how-ma.com/mansions/search/愛知県","11","愛知県の2026年4月時点マンション売却相場は1,826万円","30","愛知県のマンションの直近3年の売却相場推移","21","Indexable",""
"https://www.how-ma.com/market_price/stations/6038","13","神楽坂駅の中古マンションの売却相場価格","19","今すぐあなたの不動産を査定する","15","Indexable",""
"https://www.how-ma.com/mansions/search/長崎県","11","長崎県の2026年4月時点マンション売却相場は1,650万円","30","長崎県のマンションの直近3年の売却相場推移","21","Indexable",""
"https://www.how-ma.com/mansions/search/東京都/葛飾区","11","東京都葛飾区の2026年4月時点マンション売却相場は4,419万円","33","東京都葛飾区のマンションの直近3年の売却相場推移","24","Indexable",""
"https://www.how-ma.com/market_price/mansions/53721","12","売却相場","4","売却単価","4","Indexable",""
"https://www.how-ma.com/market_price/stations/3204","13","千里丘駅の中古マンションの売却相場価格","19","今すぐあなたの不動産を査定する","15","Indexable",""
"https://www.how-ma.com/market_price/stations/6031","13","広尾駅の中古マンションの売却相場価格","18","今すぐあなたの不動産を査定する","15","Indexable",""
"https://www.how-ma.com/market_price/stations/11047","13","新綱島駅の中古マンションの売却相場価格","19","今すぐあなたの不動産を査定する","15","Indexable",""
"https://www.how-ma.com/market_price/stations/6049","13","西葛西駅の中古マンションの売却相場価格","19","今すぐあなたの不動産を査定する","15","Indexable",""
"https://www.how-ma.com/mag/buy/mansion-soba-23ku","16","不動産売却","5","市況","2","Non-Indexable","Canonicalised"
"https://www.how-ma.com/market_price/stations/6048","13","南砂町駅の中古マンションの売却相場価格","19","今すぐあなたの不動産を査定する","15","Indexable",""
"https://www.how-ma.com/market_price/stations/6047","13","東陽町駅の中古マンションの売却相場価格","19","今すぐあなたの不動産を査定する","15","Indexable",""
"https://www.how-ma.com/mansions/search/茨城県","11","茨城県の2026年4月時点マンション売却相場は1,675万円","30","茨城県のマンションの直近3年の売却相場推移","21","Indexable",""
"https://www.how-ma.com/mansions/search/熊本県/熊本市","11","熊本県熊本市の2026年4月時点マンション売却相場は1,692万円","33","熊本県熊本市のマンションの直近3年の売却相場推移","24","Indexable",""
"https://www.how-ma.com/mansions/search/東京都/荒川区","11","東京都荒川区の2026年4月時点マンション売却相場は6,493万円","33","東京都荒川区のマンションの直近3年の売却相場推移","24","Indexable",""
"https://www.how-ma.com/mansions/search/神奈川県","11","神奈川県の2026年4月時点マンション売却相場は3,300万円","31","神奈川県のマンションの直近3年の売却相場推移","22","Indexable",""
"https://www.how-ma.com/mansions/search/島根県","11","島根県の2026年4月時点マンション売却相場は1,903万円","30","島根県のマンションの直近3年の売却相場推移","21","Indexable",""
"https://www.how-ma.com/mansions/search/長野県","11","長野県の2026年4月時点マンション売却相場は1,574万円","30","長野県のマンションの直近3年の売却相場推移","21","Indexable",""
"https://www.how-ma.com/mansions/search/東京都/千代田区","11","東京都千代田区の2026年4月時点マンション売却相場は18,287万円","35","東京都千代田区のマンションの直近3年の売却相場推移","25","Indexable",""
"https://www.how-ma.com/mansions/search/東京都/世田谷区","11","東京都世田谷区の2026年4月時点マンション売却相場は7,700万円","34","東京都世田谷区のマンションの直近3年の売却相場推移","25","Indexable",""
"https://www.how-ma.com/mansions/search/東京都/豊島区","11","東京都豊島区の2026年4月時点マンション売却相場は8,750万円","33","東京都豊島区のマンションの直近3年の売却相場推移","24","Indexable",""
"https://www.how-ma.com/mansions/search/佐賀県","11","佐賀県の2026年4月時点マンション売却相場は1,613万円","30","佐賀県のマンションの直近3年の売却相場推移","21","Indexable",""
"https://www.how-ma.com/market_price/stations/6016","13","入谷駅の中古マンションの売却相場価格","18","今すぐあなたの不動産を査定する","15","Indexable",""
"https://www.how-ma.com/market_price/stations/6015","13","三ノ輪駅の中古マンションの売却相場価格","19","今すぐあなたの不動産を査定する","15","Indexable",""
"https://www.how-ma.com/mansions/search/岩手県","11","岩手県の2026年4月時点マンション売却相場は1,334万円","30","岩手県のマンションの直近3年の売却相場推移","21","Indexable",""
"https://www.how-ma.com/mag/sell/consultationroom-18","14","不動産売却","5","市況","2","Non-Indexable","Canonicalised"
"https://www.how-ma.com/mansions/search/宮崎県","11","宮崎県の2026年4月時点マンション売却相場は1,730万円","30","宮崎県のマンションの直近3年の売却相場推移","21","Indexable",""
"https://www.how-ma.com/mag/market/detached-house-quotes-by-prefecture","18","不動産売却","5","市況","2","Non-Indexable","Canonicalised"
"https://www.how-ma.com/mag/sell/mansion-detachedhouse-assessment","17","不動産売却","5","市況","2","Non-Indexable","Canonicalised"
"https://www.how-ma.com/mansions/search/徳島県","11","徳島県の2026年4月時点マンション売却相場は1,115万円","30","徳島県のマンションの直近3年の売却相場推移","21","Indexable",""
"https://www.how-ma.com/mansions/search/東京都/港区","11","東京都港区の2026年4月時点マンション売却相場は19,860万円","33","東京都港区のマンションの直近3年の売却相場推移","23","Indexable",""
"https://www.how-ma.com/mansions/search/東京都/江戸川区","11","東京都江戸川区の2026年4月時点マンション売却相場は5,151万円","34","東京都江戸川区のマンションの直近3年の売却相場推移","25","Indexable",""
"https://www.how-ma.com/mansions/search/東京都/中野区","11","東京都中野区の2026年4月時点マンション売却相場は7,640万円","33","東京都中野区のマンションの直近3年の売却相場推移","24","Indexable",""
"https://www.how-ma.com/market_price/stations/9534","13","都島駅の中古マンションの売却相場価格","18","今すぐあなたの不動産を査定する","15","Indexable",""
"https://www.how-ma.com/users/ba_sign_up/standard","0","","0","","0","Indexable",""
"https://www.how-ma.com/mansions/search/東京都/杉並区","11","東京都杉並区の2026年4月時点マンション売却相場は6,495万円","33","東京都杉並区のマンションの直近3年の売却相場推移","24","Indexable",""
"https://www.how-ma.com/mansions/search/千葉県/千葉市","11","千葉県千葉市の2026年4月時点マンション売却相場は2,216万円","33","千葉県千葉市のマンションの直近3年の売却相場推移","24","Indexable",""
"https://www.how-ma.com/mansions/search/宮城県","11","宮城県の2026年4月時点マンション売却相場は2,015万円","30","宮城県のマンションの直近3年の売却相場推移","21","Indexable",""
"https://www.how-ma.com/mansions/search/東京都/品川区","11","東京都品川区の2026年4月時点マンション売却相場は10,770万円","34","東京都品川区のマンションの直近3年の売却相場推移","24","Indexable",""
"https://www.how-ma.com/mansions/search/高知県","11","高知県の2026年4月時点マンション売却相場は1,735万円","30","高知県のマンションの直近3年の売却相場推移","21","Indexable",""
"https://www.how-ma.com/mag/sell/8-things-you-should-never-do-when-selling-house","24","不動産売却","5","市況","2","Non-Indexable","Canonicalised"
"https://www.how-ma.com/mansions/search/和歌山県","11","和歌山県の2026年4月時点マンション売却相場は767万円","29","和歌山県のマンションの直近3年の売却相場推移","22","Indexable",""
"https://www.how-ma.com/mansions/search/東京都/江東区","11","東京都江東区の2026年4月時点マンション売却相場は9,831万円","33","東京都江東区のマンションの直近3年の売却相場推移","24","Indexable",""
"https://www.how-ma.com/mansions/search/三重県","11","三重県の2026年4月時点マンション売却相場は1,305万円","30","三重県のマンションの直近3年の売却相場推移","21","Indexable",""
"https://www.how-ma.com/market_price/stations/10558","12","赤坂駅の中古マンションの売却相場価格","18","今すぐあなたの不動産を査定する","15","Indexable",""
"https://www.how-ma.com/mansions/search/埼玉県/さいたま市","11","埼玉県さいたま市の2026年4月時点マンション売却相場は3,276万円","35","埼玉県さいたま市のマンションの直近3年の売却相場推移","26","Indexable",""
"https://www.how-ma.com/mansions/search/山口県","11","山口県の2026年4月時点マンション売却相場は1,394万円","30","山口県のマンションの直近3年の売却相場推移","21","Indexable",""
"https://www.how-ma.com/mansions/search/神奈川県/横浜市","11","神奈川県横浜市の2026年4月時点マンション売却相場は3,455万円","34","神奈川県横浜市のマンションの直近3年の売却相場推移","25","Indexable",""
"https://www.how-ma.com/market_price/stations/10559","12","大濠公園駅の中古マンションの売却相場価格","20","今すぐあなたの不動産を査定する","15","Indexable",""
"https://www.how-ma.com/mag/sell/sales-contract","16","不動産売却","5","市況","2","Non-Indexable","Canonicalised"
"https://www.how-ma.com/market_price/stations/6072","13","乃木坂駅の中古マンションの売却相場価格","19","今すぐあなたの不動産を査定する","15","Indexable",""
"https://www.how-ma.com/mansions/search/東京都/大田区","11","東京都大田区の2026年4月時点マンション売却相場は6,180万円","33","東京都大田区のマンションの直近3年の売却相場推移","24","Indexable",""
"https://www.how-ma.com/mansions/search/石川県","11","石川県の2026年4月時点マンション売却相場は1,632万円","30","石川県のマンションの直近3年の売却相場推移","21","Indexable",""
"https://www.how-ma.com/mansions/search/神奈川県/相模原市","11","神奈川県相模原市の2026年4月時点マンション売却相場は2,500万円","35","神奈川県相模原市のマンションの直近3年の売却相場推移","26","Indexable",""
"https://www.how-ma.com/mansions/search/福岡県/北九州市","11","福岡県北九州市の2026年4月時点マンション売却相場は1,006万円","34","福岡県北九州市のマンションの直近3年の売却相場推移","25","Indexable",""
"https://www.how-ma.com/mansions/search/静岡県","11","静岡県の2026年4月時点マンション売却相場は1,182万円","30","静岡県のマンションの直近3年の売却相場推移","21","Indexable",""
"https://www.how-ma.com/mansions/search/広島県","11","広島県の2026年4月時点マンション売却相場は2,126万円","30","広島県のマンションの直近3年の売却相場推移","21","Indexable",""
"https://www.how-ma.com/mansions/search/神奈川県/川崎市","11","神奈川県川崎市の2026年4月時点マンション売却相場は4,355万円","34","神奈川県川崎市のマンションの直近3年の売却相場推移","25","Indexable",""
"https://www.how-ma.com/market_price/stations?type=house","3","キーワードで探す","8","都道府県から探す","8","Non-Indexable","Canonicalised"
"https://www.how-ma.com/mag/sell/sell-step","20","不動産売却","5","市況","2","Non-Indexable","Canonicalised"
"https://www.how-ma.com/market_price/stations/2168","13","大森駅の中古マンションの売却相場価格","18","今すぐあなたの不動産を査定する","15","Indexable",""
"https://www.how-ma.com/market_price/mansions/140320","12","売却相場","4","売却単価","4","Indexable",""
"https://www.how-ma.com/market_price/stations/9116","12","高岳駅の中古マンションの売却相場価格","18","今すぐあなたの不動産を査定する","15","Indexable",""
"https://www.how-ma.com/market_price/stations/5797","13","不動前駅の中古マンションの売却相場価格","19","今すぐあなたの不動産を査定する","15","Indexable",""
"https://www.how-ma.com/market_price/stations/8024","13","吉野町駅の中古マンションの売却相場価格","19","今すぐあなたの不動産を査定する","15","Indexable",""
"https://www.how-ma.com/market_price/stations/6088","13","江戸川橋駅の中古マンションの売却相場価格","20","今すぐあなたの不動産を査定する","15","Indexable",""
"https://www.how-ma.com/market_price/stations/9594","13","扇町駅の中古マンションの売却相場価格","18","今すぐあなたの不動産を査定する","15","Indexable",""
"https://www.how-ma.com/market_price/stations/8022","13","伊勢佐木長者町駅の中古マンションの売却相場価格","23","今すぐあなたの不動産を査定する","15","Indexable",""
"https://www.how-ma.com/market_price/stations/9475","13","桃山台駅の中古マンションの売却相場価格","19","今すぐあなたの不動産を査定する","15","Indexable",""
"https://www.how-ma.com/market_price/stations/8023","13","阪東橋駅の中古マンションの売却相場価格","19","今すぐあなたの不動産を査定する","15","Indexable",""
"https://www.how-ma.com/mag/category/interview/assessment-interview","13","不動産売却","5","市況","2","Non-Indexable","Canonicalised"
"https://www.how-ma.com/mansions/search/愛媛県","11","愛媛県の2026年4月時点マンション売却相場は1,459万円","30","愛媛県のマンションの直近3年の売却相場推移","21","Indexable",""
"https://www.how-ma.com/mansions/search/新潟県/新潟市","11","新潟県新潟市の2026年4月時点マンション売却相場は1,378万円","33","新潟県新潟市のマンションの直近3年の売却相場推移","24","Indexable",""
"https://www.how-ma.com/mansions/search/静岡県/浜松市","11","静岡県浜松市の2026年4月時点マンション売却相場は1,209万円","33","静岡県浜松市のマンションの直近3年の売却相場推移","24","Indexable",""
"https://www.how-ma.com/mansions/search/香川県","11","香川県の2026年4月時点マンション売却相場は1,014万円","30","香川県のマンションの直近3年の売却相場推移","21","Indexable",""
"https://www.how-ma.com/mansions/search/大阪府/大阪市","11","大阪府大阪市の2026年4月時点マンション売却相場は4,377万円","33","大阪府大阪市のマンションの直近3年の売却相場推移","24","Indexable",""
