"Address","Content Type","Size (bytes)","IMG Inlinks","Indexability","Indexability Status","Dimensions"
"https://www.how-ma.com/mag/wp-content/uploads/completion-of-sale-interview-39-768x390.png","image/png","457104","6","Indexable","",""
"https://www.how-ma.com/mag/wp-content/uploads/completion-of-sale-interview-42-3-768x390.png","image/png","375929","6","Indexable","",""
"https://www.how-ma.com/mag/wp-content/uploads/completion-of-sale-interview-47-1-768x390.png","image/png","389773","7","Indexable","",""
"https://www.how-ma.com/mag/wp-content/uploads/completion-of-sale-interview-46-768x390.png","image/png","282032","6","Indexable","",""
"https://www.how-ma.com/mag/wp-content/uploads/2016/10/424-4.jpeg","image/jpeg","27420","13","Indexable","",""
"https://www.how-ma.com/mag/wp-content/uploads/completion-of-sale-interview-45-768x390.png","image/png","334685","6","Indexable","",""
"https://www.how-ma.com/mag/wp-content/uploads/completion-of-sale-interview-44-768x390.png","image/png","343481","6","Indexable","",""
"https://www.how-ma.com/mag/wp-content/uploads/howma_magazine_logo-1.png","image/png","18638","81","Indexable","",""
"https://www.how-ma.com/mag/wp-content/uploads/completion-of-sale-interview-43-2-768x390.png","image/png","369915","6","Indexable","",""
"https://www.how-ma.com/mag/wp-content/uploads/ab2556a3998e0d13dabf56980cf21176_s.jpg","image/jpeg","26275","3","Indexable","",""
"https://www.how-ma.com/mag/wp-content/uploads/completion-of-sale-interview-38-2-768x390.png","image/png","361966","6","Indexable","",""
"https://www.how-ma.com/mag/wp-content/uploads/2018/05/21a42f360b0effb11804517fd783059f_s.jpg","image/jpeg","96070","6","Indexable","",""
"https://www.how-ma.com/mag/wp-content/uploads/completion-of-sale-interview-40-768x390.png","image/png","369504","7","Indexable","",""
"https://www.how-ma.com/mag/wp-content/uploads/completion-of-sale-interview-41-2-768x390.png","image/png","337034","6","Indexable","",""
"https://www.how-ma.com/_next/image?url=%2Fnext%2Flogo_gigazine.png&w=384&q=75","image/png","4636","1","Indexable","",""
"https://www.how-ma.com/_next/image?url=%2Fnext%2Flogo_cnet.jpg&w=384&q=75","image/jpeg","2628","1","Indexable","",""
"https://www.how-ma.com/next/top/icon_interviewee_2.svg","image/svg+xml","0","1","Indexable","",""
"https://www.how-ma.com/_next/image?url=%2Fnext%2Flogo_nomura-plus.png&w=256&q=75","image/png","2519","1","Indexable","",""
"https://www.how-ma.com/next/top/icon_customer_5.svg","image/svg+xml","0","1","Indexable","",""
"https://www.how-ma.com/next/top/customer-border5.svg","image/svg+xml","0","1","Indexable","",""
"https://www.how-ma.com/_next/image?url=%2Fnext%2Ftop%2Fphoto_guide_1.jpg&w=3840&q=75","image/jpeg","7921","1","Indexable","",""
"https://www.how-ma.com/_next/image?url=%2Fnext%2Ftop%2Fphoto_guide_4.jpg&w=3840&q=75","image/jpeg","8939","1","Indexable","",""
"https://www.how-ma.com/mag/wp-content/uploads/営業マン５-1.jpg","image/jpeg","48985","3","Indexable","",""
"https://www.how-ma.com/mag/wp-content/uploads/2018/03/空き家.jpg","image/jpeg","133756","4","Indexable","",""
"https://www.how-ma.com/mag/wp-content/uploads/DusbKq75LZISrtu1538531670.jpg","image/jpeg","123044","4","Indexable","",""
"https://www.how-ma.com/mag/wp-content/uploads/2018/03/Fotolia_186478261_XS-e1522229531885.jpg","image/jpeg","22670","4","Indexable","",""
"https://www.how-ma.com/mag/wp-content/uploads/23526819_m-768x512.jpeg","image/jpeg","32618","2","Indexable","",""
"https://www.how-ma.com/mag/wp-content/uploads/2018/07/Fotolia_158322107_XS.jpg","image/jpeg","32430","9","Indexable","",""
"https://www.how-ma.com/mag/wp-content/uploads/2018/03/向き.jpg","image/jpeg","324984","2","Indexable","",""
"https://www.how-ma.com/mag/wp-content/uploads/tokyo_mansion.jpg","image/jpeg","32879","12","Indexable","",""
"https://www.how-ma.com/mag/wp-content/uploads/docs1.jpg","image/jpeg","295457","2","Indexable","",""
"https://www.how-ma.com/mag/wp-content/uploads/completion-of-sale-interview-36-2-768x390.png","image/png","336500","3","Indexable","",""
"https://www.how-ma.com/mag/wp-content/uploads/completion-of-sale-interview-29-2-768x390.png","image/png","380229","3","Indexable","",""
"https://www.how-ma.com/mag/wp-content/uploads/completion-of-sale-interview-35-2-768x390.png","image/png","329450","3","Indexable","",""
"https://www.how-ma.com/mag/wp-content/uploads/completion-of-sale-interview-33-768x390.png","image/png","399784","3","Indexable","",""
"https://www.how-ma.com/mag/wp-content/uploads/completion-of-sale-interview-37-2-768x390.png","image/png","366623","3","Indexable","",""
"https://www.how-ma.com/mag/wp-content/uploads/completion-of-sale-interview-34-2-768x390.png","image/png","361862","3","Indexable","",""
"https://www.how-ma.com/mag/wp-content/uploads/completion-of-sale-interview-32-3-768x390.png","image/png","407422","3","Indexable","",""
"https://www.how-ma.com/mag/wp-content/uploads/completion-of-sale-interview-31-768x390.png","image/png","338693","3","Indexable","",""
"https://www.how-ma.com/mag/wp-content/uploads/completion-of-sale-interview-30-768x390.png","image/png","300373","3","Indexable","",""
"https://www.how-ma.com/mag/wp-content/uploads/completion-of-sale-interview-28-768x390.png","image/png","570215","3","Indexable","",""
"https://www.how-ma.com/assets/logo_howma-f78cf5da272537355ef52f19af5501505091d82b88d6f01ae624fa113438672e.svg","image/svg+xml","2590","61","Indexable","",""
"https://www.how-ma.com/assets/logo_howma_white-13cf5a08e5375f0be244d64266d150d22a6d737ea2ab3da51408c20ba11f1ef7.svg","image/svg+xml","2447","61","Indexable","",""
"https://www.how-ma.com/mag/wp-content/uploads/completion-of-sale-interview-45-375x191.png","image/png","89213","23","Indexable","",""
"https://www.how-ma.com/mag/wp-content/uploads/completion-of-sale-interview-47-1-375x191.png","image/png","101944","39","Indexable","",""
"https://www.how-ma.com/mag/wp-content/uploads/completion-of-sale-interview-46-375x191.png","image/png","89325","23","Indexable","",""
"https://www.how-ma.com/mag/wp-content/uploads/completion-of-sale-interview-44-375x191.png","image/png","90958","22","Indexable","",""
"https://www.how-ma.com/mag/wp-content/uploads/completion-of-sale-interview-42-3-375x191.png","image/png","102007","1","Indexable","",""
"https://secure.gravatar.com/avatar/1263b603e6d50568a7e0e6a8879b1371286745bb4ab024a384320edf61a93bf1?s=96&d=mm&r=g","image/jpeg","1387","20","Indexable","",""
"https://www.how-ma.com/mag/wp-content/uploads/2XiPhone-13-Pro-Max-1.jpeg","image/jpeg","175846","57","Indexable","",""
"https://www.how-ma.com/mag/wp-content/uploads/interview-online-sell-20220425-1-375x198.jpg","image/jpeg","16762","6","Indexable","",""
"https://www.how-ma.com/mag/wp-content/uploads/J7K7wACmEf8juuu1602156245_1602156411-375x254.png","image/png","154847","2","Indexable","",""
"https://www.how-ma.com/mag/wp-content/uploads/completion-of-sale-interview-2-musashino-375x191.png","image/png","101414","2","Indexable","",""
"https://www.how-ma.com/mag/wp-content/uploads/completion-of-sale-interview-29-2-375x191.png","image/png","102863","1","Indexable","",""
"https://www.how-ma.com/mag/wp-content/uploads/N様-1.jpg","image/jpeg","13952","3","Indexable","",""
"https://www.how-ma.com/_next/image?url=%2Fnext%2Flogo_reform.png&w=384&q=75","image/png","4887","1","Indexable","",""
"https://www.how-ma.com/next/top/icon_customer_4.svg","image/svg+xml","0","1","Indexable","",""
"https://www.how-ma.com/_next/image?url=%2Fnext%2Flogo_entetsu.png&w=256&q=75","image/png","4984","1","Indexable","",""
"https://www.how-ma.com/_next/image?url=%2Fnext%2Flogo_nomura.png&w=256&q=75","image/png","1657","1","Indexable","",""
"https://www.how-ma.com/_next/image?url=%2Fnext%2Ficon_pmark.png&w=96&q=75","image/png","4294","1","Indexable","",""
"https://www.how-ma.com/_next/image?url=%2Fnext%2Ftop%2Fphoto_guide_2.jpg&w=3840&q=75","image/jpeg","10399","1","Indexable","",""
"https://www.how-ma.com/_next/image?url=%2Fnext%2Flogo_zuu.jpg&w=384&q=75","image/jpeg","4069","1","Indexable","",""
"https://www.how-ma.com/next/top/customer-border6.svg","image/svg+xml","0","1","Indexable","",""
"https://www.how-ma.com/next/top/prefectures.svg","image/svg+xml","0","1","Indexable","",""
"https://www.how-ma.com/next/top/play-button.svg","image/svg+xml","0","1","Indexable","",""
"https://www.how-ma.com/_next/image?url=%2Fnext%2Ftop%2Fmypage_mock.png&w=640&q=75","image/png","51413","1","Indexable","",""
"https://www.how-ma.com/next/top/icon_interviewee_1.svg","image/svg+xml","0","1","Indexable","",""
"https://www.how-ma.com/next/top/dashed_line.svg","image/svg+xml","0","2","Indexable","",""
"https://www.how-ma.com/_next/image?url=%2Fnext%2Flogo_zenchin.png&w=384&q=75","image/png","5665","1","Indexable","",""
"https://www.how-ma.com/_next/image?url=%2Fnext%2Flogo_panasonic.png&w=256&q=75","image/png","1372","1","Indexable","",""
"https://www.how-ma.com/next/top/customer-border7.svg","image/svg+xml","0","1","Indexable","",""
"https://www.how-ma.com/_next/image?url=%2Fnext%2Flogo_bsnittere.jpg&w=384&q=75","image/jpeg","4006","1","Indexable","",""
"https://www.how-ma.com/next/top/customer-border2.svg","image/svg+xml","0","1","Indexable","",""
"https://www.how-ma.com/next/top/icon_customer_3.svg","image/svg+xml","0","1","Indexable","",""
"https://www.how-ma.com/_next/image?url=%2Fnext%2Flogo_livable.png&w=256&q=75","image/png","2021","1","Indexable","",""
"https://www.how-ma.com/_next/image?url=%2Fnext%2Flogo_ttfuhan.png&w=256&q=75","image/png","3599","1","Indexable","",""
"https://www.how-ma.com/_next/image?url=%2Fnext%2Ftop%2Fmypage_mock.png&w=384&q=75","image/png","28334","1","Indexable","",""
"https://www.how-ma.com/next/logo_howma.svg","image/svg+xml","0","1","Indexable","",""
"https://www.how-ma.com/next/top/icon_interviewee_3.svg","image/svg+xml","0","1","Indexable","",""
"https://www.how-ma.com/_next/image?url=%2Fnext%2Flogo_howma_magazine.png&w=640&q=75","image/png","2684","1","Indexable","",""
"https://www.how-ma.com/next/top/icon_customer_1.svg","image/svg+xml","0","1","Indexable","",""
"https://www.how-ma.com/next/top/building.svg","image/svg+xml","0","1","Indexable","",""
"https://www.how-ma.com/next/top/icon_customer_6.svg","image/svg+xml","0","1","Indexable","",""
"https://www.how-ma.com/next/top/customer-border4.svg","image/svg+xml","0","1","Indexable","",""
"https://www.how-ma.com/next/logo_howma_white.svg","image/svg+xml","0","97","Indexable","",""
"https://www.how-ma.com/next/top/right-arrow.svg","image/svg+xml","0","7","Indexable","",""
"https://www.how-ma.com/next/top/icon_customer_2.svg","image/svg+xml","0","1","Indexable","",""
"https://www.how-ma.com/next/top/customer-border8.svg","image/svg+xml","0","1","Indexable","",""
"https://www.how-ma.com/next/top/customer-border1.svg","image/svg+xml","0","1","Indexable","",""
"https://www.how-ma.com/_next/image?url=%2Fnext%2Flogo_economist.png&w=384&q=75","image/png","2388","1","Indexable","",""
"https://www.how-ma.com/_next/image?url=%2Fnext%2Ftop%2Fphoto_guide_3.jpg&w=3840&q=75","image/jpeg","7895","1","Indexable","",""
"https://www.how-ma.com/_next/image?url=%2Fnext%2Flogo_nikkei.png&w=384&q=75","image/png","4761","1","Indexable","",""
"https://www.how-ma.com/_next/image?url=%2Fnext%2Ftop%2Fphoto_concierge_1.jpg&w=640&q=75","image/jpeg","13042","1","Indexable","",""
"https://www.how-ma.com/next/top/train.svg","image/svg+xml","0","1","Indexable","",""
"https://www.how-ma.com/_next/image?url=%2Fnext%2Flogo_meiwajisyo.png&w=256&q=75","image/png","1566","1","Indexable","",""
"https://www.how-ma.com/_next/image?url=%2Fnext%2Ftop%2Fphoto_concierge_2.png&w=1920&q=75","image/png","46046","1","Indexable","",""
"https://www.how-ma.com/next/top/right-arrow-circle.svg","image/svg+xml","0","13","Indexable","",""
"https://www.how-ma.com/next/top/heart_on_hand.svg","image/svg+xml","0","1","Indexable","",""
"https://www.how-ma.com/next/page_top_button.svg","image/svg+xml","0","91","Indexable","",""
"https://www.how-ma.com/_next/image?url=%2Fnext%2Flogo_mec-h.png&w=256&q=75","image/png","1862","1","Indexable","",""
"https://www.how-ma.com/_next/image?url=%2Fnext%2Flogo_keio.png&w=256&q=75","image/png","2217","1","Indexable","",""
"https://www.how-ma.com/_next/image?url=%2Fnext%2Flogo_daikyo-anabuki.png&w=256&q=75","image/png","2453","1","Indexable","",""
"https://www.how-ma.com/next/top/customer-border3.svg","image/svg+xml","0","1","Indexable","",""
"https://www.how-ma.com/_next/image?url=%2Fnext%2Flogo_ohkuraya.png&w=256&q=75","image/png","1629","1","Indexable","",""
"https://www.how-ma.com/_next/image?url=%2Fnext%2Flogo_asahi.png&w=384&q=75","image/png","4435","1","Indexable","",""
