"Address","Occurrences","Meta Description 1","Meta Description 1 Length","Meta Description 1 Pixel Width","Meta Description 2","Meta Description 2 Length","Meta Description 2 Pixel Width","Indexability","Indexability Status"
"https://www.how-ma.com/mag/","2","「家を売る」「いつか売る」「もしかしたら売る」に役立つ情報、不動産の相場レポートや売買契約の詳細、売却時の注意点などを中心に住まいの売買に関わる情報を発信。","78","921","AI査定のHowMaが運営、不動産売買ノウハウや最新情報をプロ視点で執筆するWebマガジン","45","511","Indexable",""
"https://www.how-ma.com/mag/category/special/","0","","0","0","","0","0","Indexable",""
"https://www.how-ma.com/mag","2","「家を売る」「いつか売る」「もしかしたら売る」に役立つ情報、不動産の相場レポートや売買契約の詳細、売却時の注意点などを中心に住まいの売買に関わる情報を発信。","78","921","AI査定のHowMaが運営、不動産売買ノウハウや最新情報をプロ視点で執筆するWebマガジン","45","511","Non-Indexable","Canonicalised"
"https://www.how-ma.com/mag/page/2/","2","「家を売る」「いつか売る」「もしかしたら売る」に役立つ情報、不動産の相場レポートや売買契約の詳細、売却時の注意点などを中心に住まいの売買に関わる情報を発信。 - 2ページ目","86","993","AI査定のHowMaが運営、不動産売買ノウハウや最新情報をプロ視点で執筆するWebマガジン","45","511","Indexable",""
"https://www.how-ma.com/otoiawase/new","0","","0","0","","0","0","Non-Indexable","noindex"
"https://www.how-ma.com/privacy","0","","0","0","","0","0","Non-Indexable","noindex"
"https://www.how-ma.com/mag/interview/completion-of-sale-interview-41/","1","3,300万円で買った浅草ワンルームが、わずか5年で4,000万円に。「まさか上がるとは思わなかった」と語る杉山様は、AI査定をきっかけに売却を決意。6社の査定を比較し、強引な営業を断り、自分のペースで売却成功へ。“AI査定が判断軸になった”リアルな体験談です。","131","1449","","0","0","Indexable",""
"https://www.how-ma.com/mag/interview/completion-of-sale-interview-45/","1","5年前に買った3LDK。子どもと犬2匹が増えて手狭になり、試しにAI査定をしてみると購入価格よりも高い金額が。一括査定で分かった6社の熱意と査定スタンスの違いに驚きつつも、AI査定も参考にチャレンジ価格を決めて、売却成功。内覧対応で苦労したことや、HowMaを使ってよかったこと・改善点までを率直に伺いました。","155","1725","","0","0","Indexable",""
"https://www.how-ma.com/mag/category/interview/assessment-interview/","0","","0","0","","0","0","Indexable",""
"https://www.how-ma.com/","1","日本全国のマンション・土地・戸建の大量の不動産相場情報を常時収集。AIを活用して不動産の価格を査定。地域事情や市場トレンドを考慮した「コラボ査定」を開発。チャレンジ・安全・AI価格と専用チャットであなたの不動産を高く早く売るために強力にサポートします。","126","1457","","0","0","Indexable",""
"https://www.how-ma.com/mag/authors/","2","HowMa(ハウマ)マガジンは、「家を売る、いつか売るに備える」をコンセプトとしたWEBメディアです。宅建士・不動産鑑定士を含む4名で運営しています。各々の仲介経験や売買経験を通して得た知見や裏話、売主様へのインタビューを通して分かったことを、素直にまるっとお届けします。","136","1507","HowMa(ハウマ)マガジンは、宅建士・不動産鑑定士を含む4名で運営しています。","40","437","Indexable",""
"https://www.how-ma.com/mag/sell/completion-of-sale-interview-47/","0","","0","0","","0","0","Indexable",""
"https://www.how-ma.com/mag/category/news/","0","","0","0","","0","0","Indexable",""
"https://www.how-ma.com/mag/category/market/","0","","0","0","","0","0","Indexable",""
"https://www.how-ma.com/mag/category/interview/","0","","0","0","","0","0","Indexable",""
"https://www.how-ma.com/mag/category/sell/","0","","0","0","","0","0","Indexable",""
"https://www.how-ma.com/mag/interview/completion-of-sale-interview-44/","1","静岡への転勤を機に、8年住んだ押上のマンション売却を決意した幸田様。AI査定で相場を把握したことと、最後の大胆な値下げで即決に導きました。コロナ前の売り時を逃した苦い経験をバネに、納得の金額で利益確定した再現性の高い売却方法を伺いました。","119","1416","","0","0","Indexable",""
"https://www.how-ma.com/mag/sell/sales-negotiation/","1","買主と物件価格の交渉をする際の3つの注意点と5つのチェクポイントについて解説します。値下げ交渉をされた時に、有利な条件を引き出すための価格交渉の方法も紹介します。","81","955","","0","0","Indexable",""
"https://www.how-ma.com/mag/sell/price-change/","2","売れない期間が長引くと不動産会社は値下げを要求してきます。ただ何も考えず、言われるがまま売出し価格を値下げするのはおすすめできません。あなた自身もいつ価格変更するのか、どれくらい値下げするのかを考える必要があります。売出し価格変更のタイミングやポイントを知って、売却活動を成功させるために今から挽回していきましょう！","158","1841","ご自宅の売却活動で、なかなか売れないことってありますよね。売れない物件をどうしたら売れるようにするかノウハウをまとめました。","62","687","Indexable",""
"https://www.how-ma.com/mag/interview/completion-of-sale-interview-39/","1","東急線エリアが大好きで中古マンションを購入してから6年、住み替えが必要になり売却を決断した小林様。AI査定で価格感をつかみ、一括査定で見積もりを比較して「誰に任せるべきか」「専任か一般か」「本当にこの会社を信じていいのか」を悩んだそう。そんな中で、自分なりの納得解を見つけるまでのリアルなプロセスを詳しく伺いました。","158","1806","","0","0","Indexable",""
"https://www.how-ma.com/mag/category/money/","0","","0","0","","0","0","Indexable",""
"https://www.how-ma.com/mag/interview/completion-of-sale-interview-43/","1","金利上昇を察知し、10年保有した投資用マンションを1ヶ月で売却。HowMaのAI査定を2018年から使い続けてきた田中様が語るのは、相場を知り続けることで最適な出口タイミングを逃さない投資戦略でした。","100","1124","","0","0","Indexable",""
"https://www.how-ma.com/mag/page/3/","2","「家を売る」「いつか売る」「もしかしたら売る」に役立つ情報、不動産の相場レポートや売買契約の詳細、売却時の注意点などを中心に住まいの売買に関わる情報を発信。 - 3ページ目","86","993","AI査定のHowMaが運営、不動産売買ノウハウや最新情報をプロ視点で執筆するWebマガジン","45","511","Indexable",""
"https://www.how-ma.com/mag/category/buy/","0","","0","0","","0","0","Indexable",""
"https://www.how-ma.com/mag/interview/completion-of-sale-interview-38/","1","査定額のバラつきに悩んだ玉置様は、AI査定を判断軸にしながら、自宅の付加価値を言語化し、希望の2,200万円で売却を実現。不動産会社の査定を鵜呑みにせず、自分で価格を決めた実例から、あなたの売却判断のヒントが見つかります。","111","1313","","0","0","Indexable",""
"https://www.how-ma.com/mag/interview/completion-of-sale-interview-46/","1","新NISAのスタートをきっかけに、不動産から株式投資へ舵を切った30代の会社員。HowMaのAI査定で価格を見ながら悩み続けた1年。その過程で見えてきたのは、「相場を知ること」が資産を動かす第一歩だというリアルな気づきでした。","113","1256","","0","0","Indexable",""
"https://www.how-ma.com/mag/sell/completion-of-sale-interview-40/","1","試しにAI査定を使ってみたら、思ったより高いかも？と気づけた。両国のワンルーム購入から4年後、子供がうまれて不安も多い中、AI査定が悪くない水準だったので売却を決断。AI査定が行動のきっかけになったリアルなマンション売却体験談です。","116","1310","","0","0","Indexable",""
"https://www.how-ma.com/mag/sell/souba-kyukyoku/","1","自宅の売却活動を不動産会社へ依頼する前に、売主自身が相場感を身に付けておくことが重要です。そこで誰にも知られず調べる方法を、3つのポイントを軸に解説していきます。①AI査定を用いた「手間をかけずに自分で」今の相場感を知る。②不動産情報ライブラリ・路線価を使って周辺の相場を把握する③不動産ポータルを活用して周辺の売出価格を調べる","164","1961","","0","0","Indexable",""
"https://www.how-ma.com/mag/content_policy/","1","HowMaマガジン（ハウママガジン）は株式会社コラビットが運営する、「家を売る」「いつか売る」に備えるWEBメディアです。不動産売却に関する正しい知識や、最新の不動産市場状況を発信し、不動産を売る人が「あの時知っていたら」と後悔しないためのサイトを目指しています。","132","1479","","0","0","Indexable",""
"https://www.how-ma.com/mag/interview/completion-of-sale-interview-42/","1","サブリース契約の現実に直面し、2年間の売却活動を経験した30代の中野様。「何を信じたらいいのか分からない」中で出会ったのが、AI査定でした。不動産会社の査定額を比較する際には、客観的なAI査定を判断軸として、サブリースでも売却を勝ち取ったリアルな体験談です。","129","1497","","0","0","Indexable",""
"https://www.how-ma.com/market_price/stations/5822","0","","0","0","","0","0","Indexable",""
"https://www.how-ma.com/market_price/stations/7208","0","","0","0","","0","0","Indexable",""
"https://www.how-ma.com/market_price/stations/5821","0","","0","0","","0","0","Indexable",""
"https://www.how-ma.com/market_price/stations/7209","0","","0","0","","0","0","Indexable",""
"https://www.how-ma.com/market_price/stations/6003","0","","0","0","","0","0","Indexable",""
"https://www.how-ma.com/market_price/stations/9512","0","","0","0","","0","0","Indexable",""
"https://www.how-ma.com/mansions/search/青森県","1","青森県の中古マンションの2026年04月時点の売却相場や、直近3年の売却相場推移、近隣エリアの相場、売却実績、販売期間、物件流通量などのデータを幅広くまとめました。","82","969","","0","0","Indexable",""
"https://www.how-ma.com/mansions/search/東京都/練馬区","1","東京都練馬区の中古マンションの2026年04月時点の売却相場や、直近3年の売却相場推移、近隣エリアの相場、売却実績、販売期間、物件流通量などのデータを幅広くまとめました。","85","1011","","0","0","Indexable",""
"https://www.how-ma.com/market_price/stations/7210","0","","0","0","","0","0","Indexable",""
"https://www.how-ma.com/mansions/search/京都府","1","京都府の中古マンションの2026年04月時点の売却相場や、直近3年の売却相場推移、近隣エリアの相場、売却実績、販売期間、物件流通量などのデータを幅広くまとめました。","82","969","","0","0","Indexable",""
"https://www.how-ma.com/mansions/search/山梨県","1","山梨県の中古マンションの2026年04月時点の売却相場や、直近3年の売却相場推移、近隣エリアの相場、売却実績、販売期間、物件流通量などのデータを幅広くまとめました。","82","969","","0","0","Indexable",""
"https://www.how-ma.com/mansions/search/大分県","1","大分県の中古マンションの2026年04月時点の売却相場や、直近3年の売却相場推移、近隣エリアの相場、売却実績、販売期間、物件流通量などのデータを幅広くまとめました。","82","969","","0","0","Indexable",""
"https://www.how-ma.com/mag/sell/owner-change","2","入居中でもそのまま家賃が入るオーナーチェンジ物件。しかしサブリース契約やランニングコスト、新築ボーナスを誤解すると赤字リスクも。本記事では失敗を防ぐ5つの注意点と見極めポイントをわかりやすく解説します。","101","1145","入居者がいる物件を売買することをオーナーチェンジ物件といいます。空き物件を売買するよりも様々なメリットがあり、入居者もそのまま住み続けられるので投資物件として人気があります。リスクを理解し現在の物件の状況を詳しく調べてから購入を決めてください。","122","1402","Non-Indexable","Canonicalised"
"https://www.how-ma.com/mansions/search/東京都/文京区","1","東京都文京区の中古マンションの2026年04月時点の売却相場や、直近3年の売却相場推移、近隣エリアの相場、売却実績、販売期間、物件流通量などのデータを幅広くまとめました。","85","1011","","0","0","Indexable",""
"https://www.how-ma.com/mansions/search/滋賀県","1","滋賀県の中古マンションの2026年04月時点の売却相場や、直近3年の売却相場推移、近隣エリアの相場、売却実績、販売期間、物件流通量などのデータを幅広くまとめました。","82","969","","0","0","Indexable",""
"https://www.how-ma.com/market_price/stations/9044","0","","0","0","","0","0","Indexable",""
"https://www.how-ma.com/mag/category/special/page/3/","0","","0","0","","0","0","Indexable",""
"https://www.how-ma.com/mag/category/special/page/2/","0","","0","0","","0","0","Indexable",""
"https://www.how-ma.com/mag/category/special/page/4/","0","","0","0","","0","0","Indexable",""
"https://www.how-ma.com/mansions/search/愛知県/名古屋市","1","愛知県名古屋市の中古マンションの2026年04月時点の売却相場や、直近3年の売却相場推移、近隣エリアの相場、売却実績、販売期間、物件流通量などのデータを幅広くまとめました。","86","1025","","0","0","Indexable",""
"https://www.how-ma.com/mag/special/post-7544/","0","","0","0","","0","0","Indexable",""
"https://www.how-ma.com/mag/special/how-to-identify-a-good-real-estate-salesman/","0","","0","0","","0","0","Indexable",""
"https://www.how-ma.com/mag/sell/if-series-comic-syojiki-keiyaku/","2","漫画「正直不動産」単行本第1巻の第3・4話で出てきた契約形態の話をテーマに、買い手が見つかりやすくするコツをご紹介します。","61","706","漫画「正直不動産」単行本第1巻の第3・4話で出てきた契約形態の話をテーマに、買い手が見つかりやすくするコツをご紹介します。","61","706","Indexable",""
"https://www.how-ma.com/mag/special/post-6974/","0","","0","0","","0","0","Indexable",""
"https://www.how-ma.com/mag/buy/mansion-soba-23ku/","2","東京23区内のマンション相場価格ランキングを2024年1~12月分で更新しました。それぞれの区ごとに売買・賃貸価格を算出したり、東京23区内の主要駅徒歩10分以内の相場価格、東京23区のマンション相場の3つの特徴などを調査。さらに東京23区のマンション相場が上昇すると予想される5つの要因を解説します。","151","1706","東京23区内のマンション相場価格ランキングを2024年1~12月分で更新しました。それぞれの区ごとに売買・賃貸価格を算出したり、東京23区内の主要駅徒歩10分以内の相場価格、東京23区のマンション相場の3つの特徴などを調査。さらに東京23区のマンション相場が上昇すると予想される5つの要因を解説します。","151","1706","Indexable",""
"https://www.how-ma.com/mag/special/condominium-property-values/","1","マンションの場合は高層階ほど購入価格が高く、資産価値が下がりにい傾向です。階数以外に物件価格に影響するポイントを事例を交えて3つ紹介します。","70","836","","0","0","Indexable",""
"https://www.how-ma.com/mag/special/post-5918/","0","","0","0","","0","0","Indexable",""
"https://www.how-ma.com/mag/sell/post-6640/","1","不動産会社の選定基準から営業マンの見極め方、高い査定、囲い込みなどについて伺った内容を紹介します！","49","605","","0","0","Indexable",""
"https://www.how-ma.com/mag/special/post-5804/","0","","0","0","","0","0","Indexable",""
"https://www.how-ma.com/mag/special/post-7591/","1","不動産売買における「商品」に位置する売り物件を獲得するための営業、いわゆる「物上げ（ぶつあげ）」をどうやっているかについて説明します。","67","759","","0","0","Indexable",""
"https://www.how-ma.com/mag/interview/completion-of-sale-interview-31/","1","「営業電話だけは、絶対イヤだった」初めて親のマンションを相続した50代の斎藤様。車の売却で経験した電話の嵐を避けるため、彼が選んだのは「静かに始められる」AI査定でした。しかし、AI査定価格の通り売れるとは限りません。10ヶ月にわたる売却活動の末、辿り着いた納得のゴールまでのリアルな葛藤を詳しく伺いました。","154","1741","","0","0","Indexable",""
"https://www.how-ma.com/mag/interview/completion-of-sale-interview-32/","1","「マイホーム買ったばかりなのに愛知に転勤？」念願の注文住宅を建てたのは、わずか3年前。車好きの彼がこだわり抜いた間取りと設備。売るか、貸すか。赤字は絶対に避けたい。そんなプレッシャーの中、彼が選んだのは「賃貸」という道でした。6社の不動産会社と交渉し、家賃を下げ、スピード決着。その裏にあった現実的な判断を伺いました。","159","1841","","0","0","Indexable",""
"https://www.how-ma.com/mag/interview/completion-of-sale-interview-33/","1","夫の転勤で始まった突然の自宅売却。3人の子育てと仕事の合間に、12社と比較しながらたどり着いた納得の売却とは？最初は不安だった泉谷様が、AI査定をきっかけに面白いと思ったリアルな体験を伺いました。","98","1137","","0","0","Indexable",""
"https://www.how-ma.com/mag/interview/completion-of-sale-interview-34/","1","両親が老人ホームへ。空き家になった大分のマンション。自分は愛知に住んでいて、大分の不動産事情なんて全然わからない。でも、「両手仲介は避けたい」という明確な意思があった。そこで見つけたのがHowMaのAI査定。資産価値を確認してから、3社に査定依頼。マメにメールをくれた1社を選び、購入時と同じ980万円で売り出したら、わずか1ヶ月で成約。宅建の知識も武器に、61歳が遠隔地売却をスマートにやり遂げた全記録。","203","2331","","0","0","Indexable",""
"https://www.how-ma.com/mag/interview/ccompletion-of-sale-interview-36/","1","子育て期を杉並で過ごし、家族の成長をきっかけに新宿へ住み替えた金本様。購入先行でローンが2本という不安の中でも、価格の妥当性を見極めながら満額成約へ。HowMaのAI査定や相場チェックをどう活用し、納得の売却につながったのか、リアルな体験談を紹介します。","127","1482","","0","0","Indexable",""
"https://www.how-ma.com/mag/interview/completion-of-sale-interview-30/","1","「毎月の家賃収入と節税」に夢を見て、投資用マンションを2戸購入した塚本様。しかし金利上昇の影響で、ローン返済費用が家賃収入より高くなり、売却を決意。不動産の知識ゼロから始まった9ヶ月の売却活動。その中で、AI査定をどのように活用し、納得の売却を勝ち取ったのか、売却活動のすべてを伺いました。","145","1700","","0","0","Indexable",""
"https://www.how-ma.com/mansions/search/岡山県","1","岡山県の中古マンションの2026年04月時点の売却相場や、直近3年の売却相場推移、近隣エリアの相場、売却実績、販売期間、物件流通量などのデータを幅広くまとめました。","82","969","","0","0","Indexable",""
"https://www.how-ma.com/mag/interview/completion-of-sale-interview-28/","1","「買った時から、5年後には売るつもりでした」。不動産投資歴10年超の佐藤様が相場を測るものさしとして使い続けるのがAI査定サービスHowMa。なぜプロはAI査定の価格に踊らされず、20社以上の業者と渡り合い、常に利益を出し続けられるのか？詳しく伺いました。","128","1433","","0","0","Indexable",""
"https://www.how-ma.com/mansions/search/山形県","1","山形県の中古マンションの2026年04月時点の売却相場や、直近3年の売却相場推移、近隣エリアの相場、売却実績、販売期間、物件流通量などのデータを幅広くまとめました。","82","969","","0","0","Indexable",""
"https://www.how-ma.com/mag/interview/completion-of-sale-interview-29/","1","金利上昇の不安をきっかけに、4社の不動産会社を比較して1ヶ月で売却を成功させた鈴木様。感情に流されず、AI査定を交渉の武器として活用し、情報と戦略で納得の売却を実現しました。HowMaが支えた理性的な選択の裏側を伺いました。","112","1317","","0","0","Indexable",""
"https://www.how-ma.com/users/sign_up","0","","0","0","","0","0","Indexable",""
"https://www.how-ma.com/mag/interview/completion-of-sale-interview-37/","1","売れる物件しか買わない、そしてキャピタルゲインは追わない。IT企業を経営する40代の投資家・佐藤様は、都心に7軒の不動産を所有。なぜ彼はAI査定の急騰に踊らされず、冷静に「売り時」と「持ち続ける意味」を天秤にかけられるのか？その数字とロジックに裏打ちされた、失敗しないための新時代の資産防衛術に迫ります。","152","1758","","0","0","Indexable",""
"https://www.how-ma.com/terms","0","","0","0","","0","0","Non-Indexable","noindex"
"https://www.how-ma.com/mansions","1","【不動産AI査定のHowMa】全国のマンションの相場推移や未来予測、現在の査定価格、過去の販売事例、新築分譲価格、売り出し中の物件などをご覧いただけます。","77","919","","0","0","Indexable",""
"https://www.how-ma.com/faq","0","","0","0","","0","0","Indexable",""
"https://www.how-ma.com/mag/interview/completion-of-sale-interview-35/","1","母の死をきっかけに相続した実家。AI査定の結果に落胆し、売却を先送りしていた笠原様。しかし「草刈り地獄」に限界を感じ、Facebookで見つけたHowMaのAI査定を活用。4社と契約し、530万円の値引きゼロで売却。行動した先に見えた、実家じまい成功のヒントを伺いました。","136","1489","","0","0","Indexable",""
"https://www.how-ma.com/mag/page/4/","2","「家を売る」「いつか売る」「もしかしたら売る」に役立つ情報、不動産の相場レポートや売買契約の詳細、売却時の注意点などを中心に住まいの売買に関わる情報を発信。 - 4ページ目","86","993","AI査定のHowMaが運営、不動産売買ノウハウや最新情報をプロ視点で執筆するWebマガジン","45","511","Indexable",""
"https://www.how-ma.com/market_price/areas","0","","0","0","","0","0","Indexable",""
"https://www.how-ma.com/users/sign_in","0","","0","0","","0","0","Non-Indexable","Canonicalised"
"https://www.how-ma.com/mag/category/consultationroom/","0","","0","0","","0","0","Indexable",""
"https://www.how-ma.com/mansions/search/福島県","1","福島県の中古マンションの2026年04月時点の売却相場や、直近3年の売却相場推移、近隣エリアの相場、売却実績、販売期間、物件流通量などのデータを幅広くまとめました。","82","969","","0","0","Indexable",""
"https://www.how-ma.com/mag/category/interview/online-selling-interview/","0","","0","0","","0","0","Indexable",""
"https://www.how-ma.com/mag/sell/interview-online-sell-20220425/","1","チャレンジングな希望価格でも1ヶ月のスピード売却に成功したM様にインタビューをしました。「仕事をしながら効率的に不動産売却したい人にはぜひHowMaのサービスを勧めたい」と嬉しいお言葉をいただきました。フォローの手厚さ・フェアな伴走、そして6社が切磋琢磨したことが売却成功の大きな要因でした。","146","1632","","0","0","Indexable",""
"https://www.how-ma.com/mag/interview/improve-realestate-industry-by-it/","1","HowMaは、AIの査定額の変動や市場の状況を定期的に確認できるのが良いです。マイページ内でいつでも見れるのは、他のサービスではない特徴だと思っています。またHowMaコンシャルジュの渡邉さんは、さりげないアドバイスをしてくださり安心感がありました。","125","1384","","0","0","Indexable",""
"https://www.how-ma.com/mag/category/magazine/","0","","0","0","","0","0","Indexable",""
"https://www.how-ma.com/mag/interview/post-11195/","0","","0","0","","0","0","Indexable",""
"https://www.how-ma.com/mag/sell/completion-of-sale-interview-2/","1","投資用マンションを2つ、そしてお住まいの戸建てとご実家をHowMaにご登録いただいていたO様。HowMaコラボ査定を利用し、6ヶ月で80万の値引きだけで買いたいという人が見つかりました。そんなO様にコラボ査定をご利用いただいた理由や、利用してみてのご感想を聞いてきました。","136","1500","","0","0","Indexable",""
"https://www.how-ma.com/mag/category/interview/assessment-interview/page/3/","0","","0","0","","0","0","Indexable",""
"https://www.how-ma.com/mag/category/interview/assessment-interview/page/4/","0","","0","0","","0","0","Indexable",""
"https://www.how-ma.com/mag/category/interview/assessment-interview/page/5/","0","","0","0","","0","0","Indexable",""
"https://www.how-ma.com/mag/sell/howto-sumikae","2","住み替えを検討している方に向けて、流れ・費用・注意点などを丁寧にわかりやすく整理しました。ポイントは、①住み替えには「売り先行／買い先行」の2パターンがあり自分に合った方法を選ぶ。②必要な費用・ローンの仕組みを早めに把握する。③住み替え成功の鍵は、綿密な計画とタイミング調整。 の3つです。","145","1677","住み替えでは売り先行型、買い先行型で迷う方が多いので、それぞれのメリット・デメリットや住み替え時に利用できる住宅ローンをご紹介します。","67","768","Non-Indexable","Canonicalised"
"https://www.how-ma.com/mansions/search/北海道/札幌市","1","北海道札幌市の中古マンションの2026年04月時点の売却相場や、直近3年の売却相場推移、近隣エリアの相場、売却実績、販売期間、物件流通量などのデータを幅広くまとめました。","85","1011","","0","0","Indexable",""
"https://www.how-ma.com/mag/category/interview/assessment-interview/page/2/","0","","0","0","","0","0","Indexable",""
"https://www.how-ma.com/market_price/stations/10561","0","","0","0","","0","0","Indexable",""
"https://www.how-ma.com/mansions/search/東京都/足立区","1","東京都足立区の中古マンションの2026年04月時点の売却相場や、直近3年の売却相場推移、近隣エリアの相場、売却実績、販売期間、物件流通量などのデータを幅広くまとめました。","85","1011","","0","0","Indexable",""
"https://www.how-ma.com/mansions/search/大阪府/堺市","1","大阪府堺市の中古マンションの2026年04月時点の売却相場や、直近3年の売却相場推移、近隣エリアの相場、売却実績、販売期間、物件流通量などのデータを幅広くまとめました。","84","997","","0","0","Indexable",""
"https://www.how-ma.com/market_price/stations/7753","0","","0","0","","0","0","Indexable",""
"https://www.how-ma.com/mansions/search/埼玉県","1","埼玉県の中古マンションの2026年04月時点の売却相場や、直近3年の売却相場推移、近隣エリアの相場、売却実績、販売期間、物件流通量などのデータを幅広くまとめました。","82","969","","0","0","Indexable",""
"https://www.how-ma.com/mansions/search/沖縄県","1","沖縄県の中古マンションの2026年04月時点の売却相場や、直近3年の売却相場推移、近隣エリアの相場、売却実績、販売期間、物件流通量などのデータを幅広くまとめました。","82","969","","0","0","Indexable",""
"https://www.how-ma.com/mag/sell/condominium-sale-procedures","0","","0","0","","0","0","Non-Indexable","Canonicalised"
"https://www.how-ma.com/mansions/search/富山県","1","富山県の中古マンションの2026年04月時点の売却相場や、直近3年の売却相場推移、近隣エリアの相場、売却実績、販売期間、物件流通量などのデータを幅広くまとめました。","82","969","","0","0","Indexable",""
"https://www.how-ma.com/mansions/search/東京都/新宿区","1","東京都新宿区の中古マンションの2026年04月時点の売却相場や、直近3年の売却相場推移、近隣エリアの相場、売却実績、販売期間、物件流通量などのデータを幅広くまとめました。","85","1011","","0","0","Indexable",""
"https://www.how-ma.com/market_price/stations/6096","0","","0","0","","0","0","Indexable",""
"https://www.how-ma.com/mansions/search/東京都/北区","1","東京都北区の中古マンションの2026年04月時点の売却相場や、直近3年の売却相場推移、近隣エリアの相場、売却実績、販売期間、物件流通量などのデータを幅広くまとめました。","84","997","","0","0","Indexable",""
"https://www.how-ma.com/mansions/search/熊本県","1","熊本県の中古マンションの2026年04月時点の売却相場や、直近3年の売却相場推移、近隣エリアの相場、売却実績、販売期間、物件流通量などのデータを幅広くまとめました。","82","969","","0","0","Indexable",""
"https://www.how-ma.com/market_price/stations/8279","0","","0","0","","0","0","Indexable",""
"https://www.how-ma.com/market_price/stations/7742","0","","0","0","","0","0","Indexable",""
"https://www.how-ma.com/market_price/stations/5917","0","","0","0","","0","0","Indexable",""
"https://www.how-ma.com/market_price/stations/10584","0","","0","0","","0","0","Indexable",""
"https://www.how-ma.com/market_price/stations/10582","0","","0","0","","0","0","Indexable",""
"https://www.how-ma.com/market_price/stations","0","","0","0","","0","0","Indexable",""
"https://www.how-ma.com/mansions/search/京都府/京都市","1","京都府京都市の中古マンションの2026年04月時点の売却相場や、直近3年の売却相場推移、近隣エリアの相場、売却実績、販売期間、物件流通量などのデータを幅広くまとめました。","85","1011","","0","0","Indexable",""
"https://www.how-ma.com/mag/sell/self_selling","2","土地の個人間での売買は法的にも問題なく行えますが、契約書の作成や必要となる資料や書類を収集することなど大変手間がかかります。さらには買主を探し、価格や条件交渉などのやり取りも多く、不動産業者を介さないとリスクが高いので、プロに任せることが、売主買主双方にとっても安心です。","136","1612","土地を売買したい時、不動産会社に依頼せず個人で取引を行えたらと考えることもあるでしょう。果たしてそれは可能なのでしょうか。メリット・デメリットを解説、実際の流れを説明し、注意する点をまとめました。","98","1093","Non-Indexable","Canonicalised"
"https://www.how-ma.com/market_price/stations/1672","0","","0","0","","0","0","Indexable",""
"https://www.how-ma.com/market_price/stations/5906","0","","0","0","","0","0","Indexable",""
"https://www.how-ma.com/mansions/search/秋田県","1","秋田県の中古マンションの2026年04月時点の売却相場や、直近3年の売却相場推移、近隣エリアの相場、売却実績、販売期間、物件流通量などのデータを幅広くまとめました。","82","969","","0","0","Indexable",""
"https://www.how-ma.com/mansions/search/兵庫県/神戸市","1","兵庫県神戸市の中古マンションの2026年04月時点の売却相場や、直近3年の売却相場推移、近隣エリアの相場、売却実績、販売期間、物件流通量などのデータを幅広くまとめました。","85","1011","","0","0","Indexable",""
"https://www.how-ma.com/mansions/search/東京都/渋谷区","1","東京都渋谷区の中古マンションの2026年04月時点の売却相場や、直近3年の売却相場推移、近隣エリアの相場、売却実績、販売期間、物件流通量などのデータを幅広くまとめました。","85","1011","","0","0","Indexable",""
"https://www.how-ma.com/mag/sell/completion-of-sale-interview-12","1","他の一括査定サイトで「査定額は高いけど、ピンとこない…」と感じたことはありませんか？ITのプロが9年間愛用したHowMaで、本当に信頼できる“正直な”不動産会社を見つけた方法を全公開。価格戦略の裏側まで、リアルな体験談が満載です。","115","1324","","0","0","Non-Indexable","Canonicalised"
"https://www.how-ma.com/mansions/search/東京都/板橋区","1","東京都板橋区の中古マンションの2026年04月時点の売却相場や、直近3年の売却相場推移、近隣エリアの相場、売却実績、販売期間、物件流通量などのデータを幅広くまとめました。","85","1011","","0","0","Indexable",""
"https://www.how-ma.com/mag/sell/what-is-real-estate-ai-appraisal-explaining-how-it-works-and-its-accuracy","1","①AI査定がどんな仕組みで動いているのか②どんな物件が得意で、どんな物件が苦手なのか③AI査定の正しい使い方、AI価格推定エンジンの企画・開発に携わる不動産鑑定士の横山への取材をもとに、知られざるAI査定の裏側を深く解説します。","114","1351","","0","0","Non-Indexable","Canonicalised"
"https://www.how-ma.com/mag/sell/souba-kyukyoku","1","自宅の売却活動を不動産会社へ依頼する前に、売主自身が相場感を身に付けておくことが重要です。そこで誰にも知られず調べる方法を、3つのポイントを軸に解説していきます。①AI査定を用いた「手間をかけずに自分で」今の相場感を知る。②不動産情報ライブラリ・路線価を使って周辺の相場を把握する③不動産ポータルを活用して周辺の売出価格を調べる","164","1961","","0","0","Non-Indexable","Canonicalised"
"https://www.how-ma.com/mag/sell/kyoyu-sell","1","離婚や相続で共有名義の不動産を売却・現金化するにあたって、特に住宅ローンが残っている場合は注意が必要です。住宅ローン完済できない場合の対応方法も解説します。","78","954","","0","0","Non-Indexable","Canonicalised"
"https://www.how-ma.com/mansions/search/静岡県/静岡市","1","静岡県静岡市の中古マンションの2026年04月時点の売却相場や、直近3年の売却相場推移、近隣エリアの相場、売却実績、販売期間、物件流通量などのデータを幅広くまとめました。","85","1011","","0","0","Indexable",""
"https://www.how-ma.com/mansions/search/広島県/広島市","1","広島県広島市の中古マンションの2026年04月時点の売却相場や、直近3年の売却相場推移、近隣エリアの相場、売却実績、販売期間、物件流通量などのデータを幅広くまとめました。","85","1011","","0","0","Indexable",""
"https://www.how-ma.com/mansions/search/千葉県","1","千葉県の中古マンションの2026年04月時点の売却相場や、直近3年の売却相場推移、近隣エリアの相場、売却実績、販売期間、物件流通量などのデータを幅広くまとめました。","82","969","","0","0","Indexable",""
"https://www.how-ma.com/market_price/stations/5779","0","","0","0","","0","0","Indexable",""
"https://www.how-ma.com/mansions/search/新潟県","1","新潟県の中古マンションの2026年04月時点の売却相場や、直近3年の売却相場推移、近隣エリアの相場、売却実績、販売期間、物件流通量などのデータを幅広くまとめました。","82","969","","0","0","Indexable",""
"https://www.how-ma.com/mansions/search/岐阜県","1","岐阜県の中古マンションの2026年04月時点の売却相場や、直近3年の売却相場推移、近隣エリアの相場、売却実績、販売期間、物件流通量などのデータを幅広くまとめました。","82","969","","0","0","Indexable",""
"https://www.how-ma.com/market_price/stations/5658","0","","0","0","","0","0","Indexable",""
"https://www.how-ma.com/mansions/search/北海道","1","北海道の中古マンションの2026年04月時点の売却相場や、直近3年の売却相場推移、近隣エリアの相場、売却実績、販売期間、物件流通量などのデータを幅広くまとめました。","82","969","","0","0","Indexable",""
"https://www.how-ma.com/mansions/search/東京都/中央区","1","東京都中央区の中古マンションの2026年04月時点の売却相場や、直近3年の売却相場推移、近隣エリアの相場、売却実績、販売期間、物件流通量などのデータを幅広くまとめました。","85","1011","","0","0","Indexable",""
"https://www.how-ma.com/market_price/stations/5896","0","","0","0","","0","0","Indexable",""
"https://www.how-ma.com/market_price/stations/5776","0","","0","0","","0","0","Indexable",""
"https://www.how-ma.com/market_price/stations/5648","0","","0","0","","0","0","Indexable",""
"https://www.how-ma.com/mansions/search/福岡県/福岡市","1","福岡県福岡市の中古マンションの2026年04月時点の売却相場や、直近3年の売却相場推移、近隣エリアの相場、売却実績、販売期間、物件流通量などのデータを幅広くまとめました。","85","1011","","0","0","Indexable",""
"https://www.how-ma.com/mansions/search/東京都/台東区","1","東京都台東区の中古マンションの2026年04月時点の売却相場や、直近3年の売却相場推移、近隣エリアの相場、売却実績、販売期間、物件流通量などのデータを幅広くまとめました。","85","1011","","0","0","Indexable",""
"https://www.how-ma.com/mansions/search/福岡県","1","福岡県の中古マンションの2026年04月時点の売却相場や、直近3年の売却相場推移、近隣エリアの相場、売却実績、販売期間、物件流通量などのデータを幅広くまとめました。","82","969","","0","0","Indexable",""
"https://www.how-ma.com/mansions/search/群馬県","1","群馬県の中古マンションの2026年04月時点の売却相場や、直近3年の売却相場推移、近隣エリアの相場、売却実績、販売期間、物件流通量などのデータを幅広くまとめました。","82","969","","0","0","Indexable",""
"https://www.how-ma.com/market_price/stations/7145","0","","0","0","","0","0","Indexable",""
"https://www.how-ma.com/market_price/stations/6050","0","","0","0","","0","0","Indexable",""
"https://www.how-ma.com/mansions/search/福井県","1","福井県の中古マンションの2026年04月時点の売却相場や、直近3年の売却相場推移、近隣エリアの相場、売却実績、販売期間、物件流通量などのデータを幅広くまとめました。","82","969","","0","0","Indexable",""
"https://www.how-ma.com/mansions/search/大阪府","1","大阪府の中古マンションの2026年04月時点の売却相場や、直近3年の売却相場推移、近隣エリアの相場、売却実績、販売期間、物件流通量などのデータを幅広くまとめました。","82","969","","0","0","Indexable",""
"https://www.how-ma.com/mansions/search/東京都","1","東京都の中古マンションの2026年04月時点の売却相場や、直近3年の売却相場推移、近隣エリアの相場、売却実績、販売期間、物件流通量などのデータを幅広くまとめました。","82","969","","0","0","Indexable",""
"https://www.how-ma.com/mag/sell/reputation-and-smart-use-of-howma-real-estate-ai-praisal","1","①自宅の価格は今いくらだろう？②売るか持ち続けるか迷っているのでまず相場だけ知りたい③売却中だが問い合わせが無く、値下げが本当に必要か知りたい、とお考えの方にとって、不動産AI査定サービスは非常に手軽なツールです。HowMaに寄せられた利用者のリアルな声から見えてきたAI査定の本当のメリットと賢い使い方を解説します。","159","1833","","0","0","Non-Indexable","Canonicalised"
"https://www.how-ma.com/mansions/search/奈良県","1","奈良県の中古マンションの2026年04月時点の売却相場や、直近3年の売却相場推移、近隣エリアの相場、売却実績、販売期間、物件流通量などのデータを幅広くまとめました。","82","969","","0","0","Indexable",""
"https://www.how-ma.com/mansions/search/宮城県/仙台市","1","宮城県仙台市の中古マンションの2026年04月時点の売却相場や、直近3年の売却相場推移、近隣エリアの相場、売却実績、販売期間、物件流通量などのデータを幅広くまとめました。","85","1011","","0","0","Indexable",""
"https://www.how-ma.com/mansions/search/栃木県","1","栃木県の中古マンションの2026年04月時点の売却相場や、直近3年の売却相場推移、近隣エリアの相場、売却実績、販売期間、物件流通量などのデータを幅広くまとめました。","82","969","","0","0","Indexable",""
"https://www.how-ma.com/market_price/stations/9051","0","","0","0","","0","0","Indexable",""
"https://www.how-ma.com/mansions/search/岡山県/岡山市","1","岡山県岡山市の中古マンションの2026年04月時点の売却相場や、直近3年の売却相場推移、近隣エリアの相場、売却実績、販売期間、物件流通量などのデータを幅広くまとめました。","85","1011","","0","0","Indexable",""
"https://www.how-ma.com/mansions/search/鹿児島県","1","鹿児島県の中古マンションの2026年04月時点の売却相場や、直近3年の売却相場推移、近隣エリアの相場、売却実績、販売期間、物件流通量などのデータを幅広くまとめました。","83","983","","0","0","Indexable",""
"https://www.how-ma.com/market_price/stations/5810","0","","0","0","","0","0","Indexable",""
"https://www.how-ma.com/market_price/stations/9052","0","","0","0","","0","0","Indexable",""
"https://www.how-ma.com/mansions/search/兵庫県","1","兵庫県の中古マンションの2026年04月時点の売却相場や、直近3年の売却相場推移、近隣エリアの相場、売却実績、販売期間、物件流通量などのデータを幅広くまとめました。","82","969","","0","0","Indexable",""
"https://www.how-ma.com/mansions/search/東京都/目黒区","1","東京都目黒区の中古マンションの2026年04月時点の売却相場や、直近3年の売却相場推移、近隣エリアの相場、売却実績、販売期間、物件流通量などのデータを幅広くまとめました。","85","1011","","0","0","Indexable",""
"https://www.how-ma.com/mag/sell/mystery-brokerage","2","仲介手数料がなぜ無料になるのか、その仕組みと不動産会社の収益構造をわかりやすく解説。手数料0円でも本当に安心？売主にとっての注意点やサービス品質への影響、失敗しない仲介会社の選び方まで詳しくまとめます。","101","1224","仲介手数料がなぜ無料になるのか、その仕組みと不動産会社の収益構造をわかりやすく解説。手数料0円でも本当に安心？売主にとっての注意点やサービス品質への影響、失敗しない仲介会社の選び方まで詳しくまとめます。","101","1224","Non-Indexable","Canonicalised"
"https://www.how-ma.com/mansions/search/鳥取県","1","鳥取県の中古マンションの2026年04月時点の売却相場や、直近3年の売却相場推移、近隣エリアの相場、売却実績、販売期間、物件流通量などのデータを幅広くまとめました。","82","969","","0","0","Indexable",""
"https://www.how-ma.com/market_price/stations/5814","0","","0","0","","0","0","Indexable",""
"https://www.how-ma.com/market_price/stations/5813","0","","0","0","","0","0","Indexable",""
"https://www.how-ma.com/mag/sell/rinjin-trouble","1","近隣トラブルを抱えた売却物件において、告知義務があるのかを気にする方は多いと思います。近隣トラブルを抱えた不動産の売却をテーマに具体的な売却活動の流れや近隣トラブルの解決方法、買主に対する告知義務の範囲などについて解説します。","113","1364","","0","0","Non-Indexable","Canonicalised"
"https://www.how-ma.com/mansions/search/東京都/墨田区","1","東京都墨田区の中古マンションの2026年04月時点の売却相場や、直近3年の売却相場推移、近隣エリアの相場、売却実績、販売期間、物件流通量などのデータを幅広くまとめました。","85","1011","","0","0","Indexable",""
"https://www.how-ma.com/mansions/search/愛知県","1","愛知県の中古マンションの2026年04月時点の売却相場や、直近3年の売却相場推移、近隣エリアの相場、売却実績、販売期間、物件流通量などのデータを幅広くまとめました。","82","969","","0","0","Indexable",""
"https://www.how-ma.com/market_price/stations/6038","0","","0","0","","0","0","Indexable",""
"https://www.how-ma.com/mansions/search/長崎県","1","長崎県の中古マンションの2026年04月時点の売却相場や、直近3年の売却相場推移、近隣エリアの相場、売却実績、販売期間、物件流通量などのデータを幅広くまとめました。","82","969","","0","0","Indexable",""
"https://www.how-ma.com/mansions/search/東京都/葛飾区","1","東京都葛飾区の中古マンションの2026年04月時点の売却相場や、直近3年の売却相場推移、近隣エリアの相場、売却実績、販売期間、物件流通量などのデータを幅広くまとめました。","85","1011","","0","0","Indexable",""
"https://www.how-ma.com/market_price/mansions/53721","1","ランドシティ盛南3アベニューの推定相場は2,228万円〜2,977万円です。2026年4月時点の査定価格、直近3年の相場推移、過去の盛岡市の売買事例、リノベ後相場、近隣マンション相場などをご覧いただけます。","103","1162","","0","0","Indexable",""
"https://www.how-ma.com/market_price/stations/3204","0","","0","0","","0","0","Indexable",""
"https://www.how-ma.com/market_price/stations/6031","0","","0","0","","0","0","Indexable",""
"https://www.how-ma.com/market_price/stations/11047","0","","0","0","","0","0","Indexable",""
"https://www.how-ma.com/market_price/stations/6049","0","","0","0","","0","0","Indexable",""
"https://www.how-ma.com/mag/buy/mansion-soba-23ku","2","東京23区内のマンション相場価格ランキングを2024年1~12月分で更新しました。それぞれの区ごとに売買・賃貸価格を算出したり、東京23区内の主要駅徒歩10分以内の相場価格、東京23区のマンション相場の3つの特徴などを調査。さらに東京23区のマンション相場が上昇すると予想される5つの要因を解説します。","151","1706","東京23区内のマンション相場価格ランキングを2024年1~12月分で更新しました。それぞれの区ごとに売買・賃貸価格を算出したり、東京23区内の主要駅徒歩10分以内の相場価格、東京23区のマンション相場の3つの特徴などを調査。さらに東京23区のマンション相場が上昇すると予想される5つの要因を解説します。","151","1706","Non-Indexable","Canonicalised"
"https://www.how-ma.com/market_price/stations/6048","0","","0","0","","0","0","Indexable",""
"https://www.how-ma.com/market_price/stations/6047","0","","0","0","","0","0","Indexable",""
"https://www.how-ma.com/mansions/search/茨城県","1","茨城県の中古マンションの2026年04月時点の売却相場や、直近3年の売却相場推移、近隣エリアの相場、売却実績、販売期間、物件流通量などのデータを幅広くまとめました。","82","969","","0","0","Indexable",""
"https://www.how-ma.com/mansions/search/熊本県/熊本市","1","熊本県熊本市の中古マンションの2026年04月時点の売却相場や、直近3年の売却相場推移、近隣エリアの相場、売却実績、販売期間、物件流通量などのデータを幅広くまとめました。","85","1011","","0","0","Indexable",""
"https://www.how-ma.com/mansions/search/東京都/荒川区","1","東京都荒川区の中古マンションの2026年04月時点の売却相場や、直近3年の売却相場推移、近隣エリアの相場、売却実績、販売期間、物件流通量などのデータを幅広くまとめました。","85","1011","","0","0","Indexable",""
"https://www.how-ma.com/mansions/search/神奈川県","1","神奈川県の中古マンションの2026年04月時点の売却相場や、直近3年の売却相場推移、近隣エリアの相場、売却実績、販売期間、物件流通量などのデータを幅広くまとめました。","83","983","","0","0","Indexable",""
"https://www.how-ma.com/mansions/search/島根県","1","島根県の中古マンションの2026年04月時点の売却相場や、直近3年の売却相場推移、近隣エリアの相場、売却実績、販売期間、物件流通量などのデータを幅広くまとめました。","82","969","","0","0","Indexable",""
"https://www.how-ma.com/mansions/search/長野県","1","長野県の中古マンションの2026年04月時点の売却相場や、直近3年の売却相場推移、近隣エリアの相場、売却実績、販売期間、物件流通量などのデータを幅広くまとめました。","82","969","","0","0","Indexable",""
"https://www.how-ma.com/mansions/search/東京都/千代田区","1","東京都千代田区の中古マンションの2026年04月時点の売却相場や、直近3年の売却相場推移、近隣エリアの相場、売却実績、販売期間、物件流通量などのデータを幅広くまとめました。","86","1025","","0","0","Indexable",""
"https://www.how-ma.com/mansions/search/東京都/世田谷区","1","東京都世田谷区の中古マンションの2026年04月時点の売却相場や、直近3年の売却相場推移、近隣エリアの相場、売却実績、販売期間、物件流通量などのデータを幅広くまとめました。","86","1025","","0","0","Indexable",""
"https://www.how-ma.com/mansions/search/東京都/豊島区","1","東京都豊島区の中古マンションの2026年04月時点の売却相場や、直近3年の売却相場推移、近隣エリアの相場、売却実績、販売期間、物件流通量などのデータを幅広くまとめました。","85","1011","","0","0","Indexable",""
"https://www.how-ma.com/mansions/search/佐賀県","1","佐賀県の中古マンションの2026年04月時点の売却相場や、直近3年の売却相場推移、近隣エリアの相場、売却実績、販売期間、物件流通量などのデータを幅広くまとめました。","82","969","","0","0","Indexable",""
"https://www.how-ma.com/market_price/stations/6016","0","","0","0","","0","0","Indexable",""
"https://www.how-ma.com/market_price/stations/6015","0","","0","0","","0","0","Indexable",""
"https://www.how-ma.com/mansions/search/岩手県","1","岩手県の中古マンションの2026年04月時点の売却相場や、直近3年の売却相場推移、近隣エリアの相場、売却実績、販売期間、物件流通量などのデータを幅広くまとめました。","82","969","","0","0","Indexable",""
"https://www.how-ma.com/mag/sell/consultationroom-18","1","リフォームをしたからといって必ずしも高く売れるわけではありません。しかし価格への反映が難しくても、広告宣伝に使える材料が多くなると早く売れる可能性が高まるため、不動産会社に積極的に魅力を伝えると良いでしょう。","104","1184","","0","0","Non-Indexable","Canonicalised"
"https://www.how-ma.com/mansions/search/宮崎県","1","宮崎県の中古マンションの2026年04月時点の売却相場や、直近3年の売却相場推移、近隣エリアの相場、売却実績、販売期間、物件流通量などのデータを幅広くまとめました。","82","969","","0","0","Indexable",""
"https://www.how-ma.com/mag/market/detached-house-quotes-by-prefecture","2","各都道府県の戸建て平均価格ランキングを更新しました。築10年・建物面積100m²の戸建ての全国平均価格は3,180万円、1位の東京が5,280万円でした。さらに2025年の不動産価格に影響を与える5つの要因①日銀の金利政策と住宅ローン②建築費の動向③人口の動向④地価の動向⑤鉄道新線・新駅開業について詳しく紹介します。","159","1854","各都道府県に戸建を建てた場合の価格（築10年、建物面積100m²）の平均を都道府県別ランキングや2025年の不動産価格に影響を与える5つの要因を紹介します。","78","901","Non-Indexable","Canonicalised"
"https://www.how-ma.com/mag/sell/mansion-detachedhouse-assessment","2","自宅の価格がいくらなのか気になる方に向けて、不動産の価格を調べる5つの方法を紹介します。取引事例比較法や不動産ポータルサイトを使った調べ方、一括査定サービス利用の際の注意点や不動産会社への査定依頼について解説します。","108","1321","家の値段を知って売りに出そうかなと思うことってあると思います。「自宅の価格を調べる方法」をテーマに、マンションや戸建住宅など自宅の相場価格を知るための様々な方法をご紹介していきます。","91","1046","Non-Indexable","Canonicalised"
"https://www.how-ma.com/mansions/search/徳島県","1","徳島県の中古マンションの2026年04月時点の売却相場や、直近3年の売却相場推移、近隣エリアの相場、売却実績、販売期間、物件流通量などのデータを幅広くまとめました。","82","969","","0","0","Indexable",""
"https://www.how-ma.com/mansions/search/東京都/港区","1","東京都港区の中古マンションの2026年04月時点の売却相場や、直近3年の売却相場推移、近隣エリアの相場、売却実績、販売期間、物件流通量などのデータを幅広くまとめました。","84","997","","0","0","Indexable",""
"https://www.how-ma.com/mansions/search/東京都/江戸川区","1","東京都江戸川区の中古マンションの2026年04月時点の売却相場や、直近3年の売却相場推移、近隣エリアの相場、売却実績、販売期間、物件流通量などのデータを幅広くまとめました。","86","1025","","0","0","Indexable",""
"https://www.how-ma.com/mansions/search/東京都/中野区","1","東京都中野区の中古マンションの2026年04月時点の売却相場や、直近3年の売却相場推移、近隣エリアの相場、売却実績、販売期間、物件流通量などのデータを幅広くまとめました。","85","1011","","0","0","Indexable",""
"https://www.how-ma.com/market_price/stations/9534","0","","0","0","","0","0","Indexable",""
"https://www.how-ma.com/users/ba_sign_up/standard","0","","0","0","","0","0","Indexable",""
"https://www.how-ma.com/mansions/search/東京都/杉並区","1","東京都杉並区の中古マンションの2026年04月時点の売却相場や、直近3年の売却相場推移、近隣エリアの相場、売却実績、販売期間、物件流通量などのデータを幅広くまとめました。","85","1011","","0","0","Indexable",""
"https://www.how-ma.com/mansions/search/千葉県/千葉市","1","千葉県千葉市の中古マンションの2026年04月時点の売却相場や、直近3年の売却相場推移、近隣エリアの相場、売却実績、販売期間、物件流通量などのデータを幅広くまとめました。","85","1011","","0","0","Indexable",""
"https://www.how-ma.com/mansions/search/宮城県","1","宮城県の中古マンションの2026年04月時点の売却相場や、直近3年の売却相場推移、近隣エリアの相場、売却実績、販売期間、物件流通量などのデータを幅広くまとめました。","82","969","","0","0","Indexable",""
"https://www.how-ma.com/mansions/search/東京都/品川区","1","東京都品川区の中古マンションの2026年04月時点の売却相場や、直近3年の売却相場推移、近隣エリアの相場、売却実績、販売期間、物件流通量などのデータを幅広くまとめました。","85","1011","","0","0","Indexable",""
"https://www.how-ma.com/mansions/search/高知県","1","高知県の中古マンションの2026年04月時点の売却相場や、直近3年の売却相場推移、近隣エリアの相場、売却実績、販売期間、物件流通量などのデータを幅広くまとめました。","82","969","","0","0","Indexable",""
"https://www.how-ma.com/mag/sell/8-things-you-should-never-do-when-selling-house","2","家の売却で絶対にやってはいけないことと、その解決のポイントを8つ紹介します。失敗しない不動産売却の秘訣を把握して、少しでも早く高く売りましょう。","72","814","家の売却で絶対にやってはいけないことと、その解決のポイントを8つ紹介します。失敗しない不動産売却の秘訣を把握して、少しでも早く高く売りましょう。","72","814","Non-Indexable","Canonicalised"
"https://www.how-ma.com/mansions/search/和歌山県","1","和歌山県の中古マンションの2026年04月時点の売却相場や、直近3年の売却相場推移、近隣エリアの相場、売却実績、販売期間、物件流通量などのデータを幅広くまとめました。","83","983","","0","0","Indexable",""
"https://www.how-ma.com/mansions/search/東京都/江東区","1","東京都江東区の中古マンションの2026年04月時点の売却相場や、直近3年の売却相場推移、近隣エリアの相場、売却実績、販売期間、物件流通量などのデータを幅広くまとめました。","85","1011","","0","0","Indexable",""
"https://www.how-ma.com/mansions/search/三重県","1","三重県の中古マンションの2026年04月時点の売却相場や、直近3年の売却相場推移、近隣エリアの相場、売却実績、販売期間、物件流通量などのデータを幅広くまとめました。","82","969","","0","0","Indexable",""
"https://www.how-ma.com/market_price/stations/10558","0","","0","0","","0","0","Indexable",""
"https://www.how-ma.com/mansions/search/埼玉県/さいたま市","1","埼玉県さいたま市の中古マンションの2026年04月時点の売却相場や、直近3年の売却相場推移、近隣エリアの相場、売却実績、販売期間、物件流通量などのデータを幅広くまとめました。","87","1025","","0","0","Indexable",""
"https://www.how-ma.com/mansions/search/山口県","1","山口県の中古マンションの2026年04月時点の売却相場や、直近3年の売却相場推移、近隣エリアの相場、売却実績、販売期間、物件流通量などのデータを幅広くまとめました。","82","969","","0","0","Indexable",""
"https://www.how-ma.com/mansions/search/神奈川県/横浜市","1","神奈川県横浜市の中古マンションの2026年04月時点の売却相場や、直近3年の売却相場推移、近隣エリアの相場、売却実績、販売期間、物件流通量などのデータを幅広くまとめました。","86","1025","","0","0","Indexable",""
"https://www.how-ma.com/market_price/stations/10559","0","","0","0","","0","0","Indexable",""
"https://www.how-ma.com/mag/sell/sales-contract","1","不動産の売買契約書にどのような内容が記載されているのか、契約解約の条件や違約金など、重要な条項を中心に解説します。売却後の契約解除・トラブルを防ぐための注意点やワンポイントアドバイスも満載です。何が自分に有利・不利なのか、買主との最後の価格交渉する上で把握しておくべき内容なので、細かい部分も理解しましょう。","154","1844","","0","0","Non-Indexable","Canonicalised"
"https://www.how-ma.com/market_price/stations/6072","0","","0","0","","0","0","Indexable",""
"https://www.how-ma.com/mansions/search/東京都/大田区","1","東京都大田区の中古マンションの2026年04月時点の売却相場や、直近3年の売却相場推移、近隣エリアの相場、売却実績、販売期間、物件流通量などのデータを幅広くまとめました。","85","1011","","0","0","Indexable",""
"https://www.how-ma.com/mansions/search/石川県","1","石川県の中古マンションの2026年04月時点の売却相場や、直近3年の売却相場推移、近隣エリアの相場、売却実績、販売期間、物件流通量などのデータを幅広くまとめました。","82","969","","0","0","Indexable",""
"https://www.how-ma.com/mansions/search/神奈川県/相模原市","1","神奈川県相模原市の中古マンションの2026年04月時点の売却相場や、直近3年の売却相場推移、近隣エリアの相場、売却実績、販売期間、物件流通量などのデータを幅広くまとめました。","87","1039","","0","0","Indexable",""
"https://www.how-ma.com/mansions/search/福岡県/北九州市","1","福岡県北九州市の中古マンションの2026年04月時点の売却相場や、直近3年の売却相場推移、近隣エリアの相場、売却実績、販売期間、物件流通量などのデータを幅広くまとめました。","86","1025","","0","0","Indexable",""
"https://www.how-ma.com/mansions/search/静岡県","1","静岡県の中古マンションの2026年04月時点の売却相場や、直近3年の売却相場推移、近隣エリアの相場、売却実績、販売期間、物件流通量などのデータを幅広くまとめました。","82","969","","0","0","Indexable",""
"https://www.how-ma.com/mansions/search/広島県","1","広島県の中古マンションの2026年04月時点の売却相場や、直近3年の売却相場推移、近隣エリアの相場、売却実績、販売期間、物件流通量などのデータを幅広くまとめました。","82","969","","0","0","Indexable",""
"https://www.how-ma.com/mansions/search/神奈川県/川崎市","1","神奈川県川崎市の中古マンションの2026年04月時点の売却相場や、直近3年の売却相場推移、近隣エリアの相場、売却実績、販売期間、物件流通量などのデータを幅広くまとめました。","86","1025","","0","0","Indexable",""
"https://www.how-ma.com/market_price/stations?type=house","0","","0","0","","0","0","Non-Indexable","Canonicalised"
"https://www.how-ma.com/mag/sell/sell-step","2","「不動産売却は何から始めればいいか全くわからない」というお悩みをよく伺います。そこで、売却期間や、売却にかかる費用、売却成功のポイントについて、元大手不動産売却営業マンに取材した内容をもとに説明します。売却の仕方次第では、手取りに数十万から数百万の差が出てくるので、後悔せず損しない売却活動を実現させる秘訣を紹介します。","160","1905","初めて不動産売却に取り組む方に向けて、後悔せず損しない売却活動を実現させるポイントを全て解説します。","50","600","Non-Indexable","Canonicalised"
"https://www.how-ma.com/market_price/stations/2168","0","","0","0","","0","0","Indexable",""
"https://www.how-ma.com/market_price/mansions/140320","1","エステムコート神戸元町ヒルズの推定相場は1,904万円〜2,990万円です。2026年4月時点の査定価格、直近3年の相場推移、過去の神戸市中央区の売買事例、近隣マンション相場などをご覧いただけます。","99","1135","","0","0","Indexable",""
"https://www.how-ma.com/market_price/stations/9116","0","","0","0","","0","0","Indexable",""
"https://www.how-ma.com/market_price/stations/5797","0","","0","0","","0","0","Indexable",""
"https://www.how-ma.com/market_price/stations/8024","0","","0","0","","0","0","Indexable",""
"https://www.how-ma.com/market_price/stations/6088","0","","0","0","","0","0","Indexable",""
"https://www.how-ma.com/market_price/stations/9594","0","","0","0","","0","0","Indexable",""
"https://www.how-ma.com/market_price/stations/8022","0","","0","0","","0","0","Indexable",""
"https://www.how-ma.com/market_price/stations/9475","0","","0","0","","0","0","Indexable",""
"https://www.how-ma.com/market_price/stations/8023","0","","0","0","","0","0","Indexable",""
"https://www.how-ma.com/mag/category/interview/assessment-interview","0","","0","0","","0","0","Non-Indexable","Canonicalised"
"https://www.how-ma.com/mansions/search/愛媛県","1","愛媛県の中古マンションの2026年04月時点の売却相場や、直近3年の売却相場推移、近隣エリアの相場、売却実績、販売期間、物件流通量などのデータを幅広くまとめました。","82","969","","0","0","Indexable",""
"https://www.how-ma.com/mansions/search/新潟県/新潟市","1","新潟県新潟市の中古マンションの2026年04月時点の売却相場や、直近3年の売却相場推移、近隣エリアの相場、売却実績、販売期間、物件流通量などのデータを幅広くまとめました。","85","1011","","0","0","Indexable",""
"https://www.how-ma.com/mansions/search/静岡県/浜松市","1","静岡県浜松市の中古マンションの2026年04月時点の売却相場や、直近3年の売却相場推移、近隣エリアの相場、売却実績、販売期間、物件流通量などのデータを幅広くまとめました。","85","1011","","0","0","Indexable",""
"https://www.how-ma.com/mansions/search/香川県","1","香川県の中古マンションの2026年04月時点の売却相場や、直近3年の売却相場推移、近隣エリアの相場、売却実績、販売期間、物件流通量などのデータを幅広くまとめました。","82","969","","0","0","Indexable",""
"https://www.how-ma.com/mansions/search/大阪府/大阪市","1","大阪府大阪市の中古マンションの2026年04月時点の売却相場や、直近3年の売却相場推移、近隣エリアの相場、売却実績、販売期間、物件流通量などのデータを幅広くまとめました。","85","1011","","0","0","Indexable",""
