"Address","Occurrences","Title 1","Title 1 Length","Title 1 Pixel Width","Indexability","Indexability Status"
"https://www.how-ma.com/mag/","1","HowMaマガジン","9","123","Indexable",""
"https://www.how-ma.com/mag/category/special/","1","特別企画 | HowMaマガジン｜家を売る、いつか売るに備えるWEBメディアです","40","596","Indexable",""
"https://www.how-ma.com/mag","1","HowMaマガジン","9","123","Non-Indexable","Canonicalised"
"https://www.how-ma.com/mag/page/2/","1","HowMaマガジン - 2ページ目","17","223","Indexable",""
"https://www.how-ma.com/otoiawase/new","1","お問い合わせ | 不動産AI査定のHowMa","22","316","Non-Indexable","noindex"
"https://www.how-ma.com/privacy","1","不動産AI査定のHowMa","13","195","Non-Indexable","noindex"
"https://www.how-ma.com/mag/interview/completion-of-sale-interview-41/","1","3,300万円で買った物件がAI査定で4,000万円？浅草のワンルームで900万円の利益を出した公務員投資家がつかんだ「売り時のサイン」 | HowMaマガジン","80","1192","Indexable",""
"https://www.how-ma.com/mag/interview/completion-of-sale-interview-45/","1","家族が増えて3LDKが手狭になり、AI査定で住み替えを決断するまでの1年 | HowMaマガジン｜家を売る、いつか売るに備えるWEBメディアです","72","1090","Indexable",""
"https://www.how-ma.com/mag/category/interview/assessment-interview/","1","コラボ査定インタビュー | HowMaマガジン｜家を売る、いつか売るに備えるWEBメディアです","47","685","Indexable",""
"https://www.how-ma.com/","1","【HowMa 不動産売却無料査定】高く・早く・損しない不動産売却のためのAI査定サイト","43","672","Indexable",""
"https://www.how-ma.com/mag/authors/","1","HowMaマガジンの著者一覧 | HowMaマガジン","26","359","Indexable",""
"https://www.how-ma.com/mag/sell/completion-of-sale-interview-47/","1","プロ不動産投資家はHowMaを使う！仲介手数料を抑え、希望価格以上で売った秘訣を暴露 | HowMaマガジン｜家を売る、いつか売るに備えるWEBメディアです","78","1251","Indexable",""
"https://www.how-ma.com/mag/category/news/","1","ニュース | HowMaマガジン｜家を売る、いつか売るに備えるWEBメディアです","40","578","Indexable",""
"https://www.how-ma.com/mag/category/market/","1","市況 | HowMaマガジン｜家を売る、いつか売るに備えるWEBメディアです","38","556","Indexable",""
"https://www.how-ma.com/mag/category/interview/","1","インタビュー | HowMaマガジン｜家を売る、いつか売るに備えるWEBメディアです","42","602","Indexable",""
"https://www.how-ma.com/mag/category/sell/","1","売却 | HowMaマガジン｜家を売る、いつか売るに備えるWEBメディアです","38","556","Indexable",""
"https://www.how-ma.com/mag/interview/completion-of-sale-interview-44/","1","8年住んだ不動産売却で利益を出せた理由はHowMaのAI査定！冷静な判断が導いた理想の売却 | HowMaマガジン","57","916","Indexable",""
"https://www.how-ma.com/mag/sell/sales-negotiation/","1","買主と価格交渉する際に注意点と5つのチェックポイント | HowMaマガジン｜家を売る、いつか売るに備えるWEBメディアです","62","935","Indexable",""
"https://www.how-ma.com/mag/sell/price-change/","1","2025年12月更新｜家がなかなか売れないとき…売出し価格変更のタイミングやポイント | HowMaマガジン","54","803","Indexable",""
"https://www.how-ma.com/mag/interview/completion-of-sale-interview-39/","1","AI査定＋450万円で目黒のマンションを売却！不動産会社選びの正解が見えない不安をどう乗り越えたのか | HowMaマガジン｜家を売る、いつか売るに備えるWEBメディアです","86","1355","Indexable",""
"https://www.how-ma.com/mag/category/money/","1","ローン・税金等 | HowMaマガジン｜家を売る、いつか売るに備えるWEBメディアです","43","631","Indexable",""
"https://www.how-ma.com/mag/interview/completion-of-sale-interview-43/","1","AI査定で不動産の出口を見極めた。10年保有の投資マンションを1ヶ月で売却できた50代投資家の決断 | HowMaマガジン","61","956","Indexable",""
"https://www.how-ma.com/mag/page/3/","1","HowMaマガジン - 3ページ目","17","223","Indexable",""
"https://www.how-ma.com/mag/category/buy/","1","購入 | HowMaマガジン｜家を売る、いつか売るに備えるWEBメディアです","38","556","Indexable",""
"https://www.how-ma.com/mag/interview/completion-of-sale-interview-38/","1","AI査定＋自宅の強みの正確なプレゼンで高額売却！20年住んだ篠山市の戸建てを査定額より数百万円高く売却できたリアル体験談 | HowMaマガジン｜家を売る、いつか売るに備えるWEBメディアです","96","1560","Indexable",""
"https://www.how-ma.com/mag/interview/completion-of-sale-interview-46/","1","AI査定で不動産売却を決断し、90万の値下げのみで売却成功！会社員投資家のリアル体験記 | HowMaマガジン","55","893","Indexable",""
"https://www.how-ma.com/mag/sell/completion-of-sale-interview-40/","1","AI査定の結果が人生を動かした！投資マンションが購入より100万アップで売れるまでのリアル | HowMaマガジン","57","851","Indexable",""
"https://www.how-ma.com/mag/sell/souba-kyukyoku/","1","2025年11月更新｜誰にも知られず自宅の相場価格を調べる究極の方法【土地・戸建・マンション別】 | HowMaマガジン","60","925","Indexable",""
"https://www.how-ma.com/mag/content_policy/","1","HowMaマガジンの運営ポリシー | HowMaマガジン｜家を売る、いつか売るに備えるWEBメディアです","52","754","Indexable",""
"https://www.how-ma.com/mag/interview/completion-of-sale-interview-42/","1","AI査定を信じて2年越しの売却成功！サブリースマンションを売却できたのはHowMaで出会った不動産会社のおかげ | HowMaマガジン","67","1029","Indexable",""
"https://www.how-ma.com/market_price/stations/5822","1","鷺沼の駅ごとのマンション売却相場・価格推移・将来性 | 不動産AI査定のHowMa","41","643","Indexable",""
"https://www.how-ma.com/market_price/stations/7208","1","西鉄平尾の駅ごとのマンション売却相場・価格推移・将来性 | 不動産AI査定のHowMa","43","683","Indexable",""
"https://www.how-ma.com/market_price/stations/5821","1","宮前平の駅ごとのマンション売却相場・価格推移・将来性 | 不動産AI査定のHowMa","42","663","Indexable",""
"https://www.how-ma.com/market_price/stations/7209","1","高宮の駅ごとのマンション売却相場・価格推移・将来性 | 不動産AI査定のHowMa","41","643","Indexable",""
"https://www.how-ma.com/market_price/stations/6003","1","西新宿の駅ごとのマンション売却相場・価格推移・将来性 | 不動産AI査定のHowMa","42","663","Indexable",""
"https://www.how-ma.com/market_price/stations/9512","1","中津の駅ごとのマンション売却相場・価格推移・将来性 | 不動産AI査定のHowMa","41","643","Indexable",""
"https://www.how-ma.com/mansions/search/青森県","1","青森県のマンション査定・相場・販売事例 | 不動産AI査定のHowMa","35","540","Indexable",""
"https://www.how-ma.com/mansions/search/東京都/練馬区","1","東京都練馬区のマンション査定・相場・販売事例 | 不動産AI査定のHowMa","38","600","Indexable",""
"https://www.how-ma.com/market_price/stations/7210","1","大橋の駅ごとのマンション売却相場・価格推移・将来性 | 不動産AI査定のHowMa","41","643","Indexable",""
"https://www.how-ma.com/mansions/search/京都府","1","京都府のマンション査定・相場・販売事例 | 不動産AI査定のHowMa","35","540","Indexable",""
"https://www.how-ma.com/mansions/search/山梨県","1","山梨県のマンション査定・相場・販売事例 | 不動産AI査定のHowMa","35","540","Indexable",""
"https://www.how-ma.com/mansions/search/大分県","1","大分県のマンション査定・相場・販売事例 | 不動産AI査定のHowMa","35","540","Indexable",""
"https://www.how-ma.com/mag/sell/owner-change","1","2025年11月更新｜オーナーチェンジ物件を売買するときには何に気をつけるべき？ | HowMaマガジン","52","775","Non-Indexable","Canonicalised"
"https://www.how-ma.com/mansions/search/東京都/文京区","1","東京都文京区のマンション査定・相場・販売事例 | 不動産AI査定のHowMa","38","600","Indexable",""
"https://www.how-ma.com/mansions/search/滋賀県","1","滋賀県のマンション査定・相場・販売事例 | 不動産AI査定のHowMa","35","540","Indexable",""
"https://www.how-ma.com/market_price/stations/9044","1","新栄町の駅ごとのマンション売却相場・価格推移・将来性 | 不動産AI査定のHowMa","42","663","Indexable",""
"https://www.how-ma.com/mag/category/special/page/3/","1","特別企画 | HowMaマガジン｜家を売る、いつか売るに備えるWEBメディアです - 3ページ目","48","696","Indexable",""
"https://www.how-ma.com/mag/category/special/page/2/","1","特別企画 | HowMaマガジン｜家を売る、いつか売るに備えるWEBメディアです - 2ページ目","48","696","Indexable",""
"https://www.how-ma.com/mag/category/special/page/4/","1","特別企画 | HowMaマガジン｜家を売る、いつか売るに備えるWEBメディアです - 4ページ目","48","696","Indexable",""
"https://www.how-ma.com/mansions/search/愛知県/名古屋市","1","愛知県名古屋市のマンション査定・相場・販売事例 | 不動産AI査定のHowMa","39","620","Indexable",""
"https://www.how-ma.com/mag/special/post-7544/","1","女性不動産オーナーに聞く「私がマンションを買った理由」Vol:1 | HowMaマガジン｜家を売る、いつか売るに備えるWEBメディアです","68","998","Indexable",""
"https://www.how-ma.com/mag/special/how-to-identify-a-good-real-estate-salesman/","1","とある不動産営業マンの裏話vol.1（そこから学ぶ良い営業マンの見極め方とは） | HowMaマガジン｜家を売る、いつか売るに備えるWEBメディアです","75","1125","Indexable",""
"https://www.how-ma.com/mag/sell/if-series-comic-syojiki-keiyaku/","1","正直不動産の世界にHowMaがあったら〜専属専任媒介契約よりも一般媒介契約〜 | HowMaマガジン","50","806","Indexable",""
"https://www.how-ma.com/mag/special/post-6974/","1","スルガ銀行の不良債権はどこまで拡大するのか？投資家への調査を実施 | HowMaマガジン｜家を売る、いつか売るに備えるWEBメディアです","68","1083","Indexable",""
"https://www.how-ma.com/mag/buy/mansion-soba-23ku/","1","2025年11月更新｜東京23区の中古マンション売却相場価格が最も高い・安い区は？相場上昇が予想される5つの要因も解説 | HowMaマガジン","71","1131","Indexable",""
"https://www.how-ma.com/mag/special/condominium-property-values/","1","高層階がいい？同じマンション内で資産価値が下がりにくい5つのポイント | HowMaマガジン｜家を売る、いつか売るに備えるWEBメディアです","70","1065","Indexable",""
"https://www.how-ma.com/mag/special/post-5918/","1","空き家活用クラウドファンディングで、いらない不動産の活用を考える！ | HowMaマガジン｜家を売る、いつか売るに備えるWEBメディアです","69","1054","Indexable",""
"https://www.how-ma.com/mag/sell/post-6640/","1","現役不動産営業マン激白！仲介業者の「オモテとウラ」ぶっちゃけトーク | HowMaマガジン｜家を売る、いつか売るに備えるWEBメディアです","69","1061","Indexable",""
"https://www.how-ma.com/mag/special/post-5804/","1","日本初の55階大型マンションの修繕費はどの程度？国内初のタワマン大規模修繕の費用を解説 | HowMaマガジン｜家を売る、いつか売るに備えるWEBメディアです","79","1271","Indexable",""
"https://www.how-ma.com/mag/special/post-7591/","1","不動産会社の営業マンは何をやっているの？〜売出し物件の獲得方法〜 | HowMaマガジン｜家を売る、いつか売るに備えるWEBメディアです","68","1092","Indexable",""
"https://www.how-ma.com/mag/interview/completion-of-sale-interview-31/","1","初めての相続→実家じまいで、手探りで10ヶ月格闘の末に手に入れた本当の「安心」＝「AI査定」 | HowMaマガジン","58","895","Indexable",""
"https://www.how-ma.com/mag/interview/completion-of-sale-interview-32/","1","「自宅を建てて3年で転勤。でも後悔してない。」31歳パパが注文住宅を手放さず、賃貸に出すと決めた理由 | HowMaマガジン","62","971","Indexable",""
"https://www.how-ma.com/mag/interview/completion-of-sale-interview-33/","1","「転勤で家を売るなんて無理！」と思った主婦が、AI査定で3ヶ月だけで納得の売却を成功させたたった2つの戦略 | HowMaマガジン","65","1010","Indexable",""
"https://www.how-ma.com/mag/interview/completion-of-sale-interview-34/","1","住んでない大分の実家が1ヶ月・購入金額980万で売却できた！AI査定で成功した実家処分 | HowMaマガジン","55","865","Indexable",""
"https://www.how-ma.com/mag/interview/ccompletion-of-sale-interview-36/","1","ダブルローンにお悩みの方必読！AI査定で値下げなしで売却！10年住んだ杉並から新宿へ納得の住み替え体験談 | HowMaマガジン","64","1035","Indexable",""
"https://www.how-ma.com/mag/interview/completion-of-sale-interview-30/","1","不動産投資に騙されたが売却で回避！AI査定で心を保ち9ヶ月で売却を勝ち取った話 | HowMaマガジン","51","814","Indexable",""
"https://www.how-ma.com/mansions/search/岡山県","1","岡山県のマンション査定・相場・販売事例 | 不動産AI査定のHowMa","35","540","Indexable",""
"https://www.how-ma.com/mag/interview/completion-of-sale-interview-28/","1","不動産投資歴10年の「AI査定を使いこなす投資家」が語る売却益を出せた「勝ち筋」の磨き方 | HowMaマガジン｜家を売る、いつか売るに備えるWEBメディアです","80","1249","Indexable",""
"https://www.how-ma.com/mansions/search/山形県","1","山形県のマンション査定・相場・販売事例 | 不動産AI査定のHowMa","35","540","Indexable",""
"https://www.how-ma.com/mag/interview/completion-of-sale-interview-29/","1","AI査定が私の「不動産売却の武器」でした。4社比較して1ヶ月で投資マンションを速く売った方法 | HowMaマガジン","58","886","Indexable",""
"https://www.how-ma.com/users/sign_up","1","【完全無料】不動産の査定額がネット上ですぐわかる","24","401","Indexable",""
"https://www.how-ma.com/mag/interview/completion-of-sale-interview-37/","1","7つの不動産を所有するIT社長が明かす、不動産投資の出口戦略。AI査定は感情のブレーキだ | HowMaマガジン","56","880","Indexable",""
"https://www.how-ma.com/terms","1","不動産AI査定のHowMa","13","195","Non-Indexable","noindex"
"https://www.how-ma.com/mansions","1","全国のマンションを探す | 不動産AI査定のHowMa","27","391","Indexable",""
"https://www.how-ma.com/faq","1","不動産AI査定のHowMa","13","195","Indexable",""
"https://www.how-ma.com/mag/interview/completion-of-sale-interview-35/","1","「草刈り地獄」の相続実家が値引きゼロ・3ヶ月で売れた理由は？ | HowMaマガジン","42","645","Indexable",""
"https://www.how-ma.com/mag/page/4/","1","HowMaマガジン - 4ページ目","17","223","Indexable",""
"https://www.how-ma.com/market_price/areas","1","全国不動産査定・相場 | 不動産AI査定のHowMa","26","402","Indexable",""
"https://www.how-ma.com/users/sign_in","1","ログイン | 不動産AI査定のHowMa","20","269","Non-Indexable","Canonicalised"
"https://www.how-ma.com/mag/category/consultationroom/","1","HowMa不動産売却なんでも相談室 | HowMaマガジン｜家を売る、いつか売るに備えるWEBメディアです","53","799","Indexable",""
"https://www.how-ma.com/mansions/search/福島県","1","福島県のマンション査定・相場・販売事例 | 不動産AI査定のHowMa","35","540","Indexable",""
"https://www.how-ma.com/mag/category/interview/online-selling-interview/","1","オンライン売却お客様インタビュー | HowMaマガジン｜家を売る、いつか売るに備えるWEBメディアです","52","773","Indexable",""
"https://www.how-ma.com/mag/sell/interview-online-sell-20220425/","1","希望価格で売ることを優先したのに1ヶ月のスピード売却に成功！ | HowMaマガジン｜家を売る、いつか売るに備えるWEBメディアです","66","1019","Indexable",""
"https://www.how-ma.com/mag/interview/improve-realestate-industry-by-it/","1","ITで変わる！不動産売却の新常識「電話なしでも売却可能」なサービス体験談 | HowMaマガジン｜家を売る、いつか売るに備えるWEBメディアです","72","1131","Indexable",""
"https://www.how-ma.com/mag/category/magazine/","1","magazine | HowMaマガジン｜家を売る、いつか売るに備えるWEBメディアです","44","593","Indexable",""
"https://www.how-ma.com/mag/interview/post-11195/","1","2週間で売却完了。予想より1000万円高く売れて驚きでした〜HowMaオンライン売却ご利用者様インタビュー（vol.7）〜 | HowMaマガジン｜家を売る、いつか売るに備えるWEBメディアです","97","1437","Indexable",""
"https://www.how-ma.com/mag/sell/completion-of-sale-interview-2/","1","AI査定とコラボ査定で高額売却！6ヶ月で80万の値引きだけで売れた理由 | HowMaマガジン｜家を売る、いつか売るに備えるWEBメディアです","71","1096","Indexable",""
"https://www.how-ma.com/mag/category/interview/assessment-interview/page/3/","1","コラボ査定インタビュー | HowMaマガジン｜家を売る、いつか売るに備えるWEBメディアです - 3ページ目","55","785","Indexable",""
"https://www.how-ma.com/mag/category/interview/assessment-interview/page/4/","1","コラボ査定インタビュー | HowMaマガジン｜家を売る、いつか売るに備えるWEBメディアです - 4ページ目","55","785","Indexable",""
"https://www.how-ma.com/mag/category/interview/assessment-interview/page/5/","1","コラボ査定インタビュー | HowMaマガジン｜家を売る、いつか売るに備えるWEBメディアです - 5ページ目","55","785","Indexable",""
"https://www.how-ma.com/mag/sell/howto-sumikae","1","2025年11月更新｜はじめての自宅の住み替え完全ガイド：簡単？難しい？ | HowMaマガジン","48","720","Non-Indexable","Canonicalised"
"https://www.how-ma.com/mansions/search/北海道/札幌市","1","北海道札幌市のマンション査定・相場・販売事例 | 不動産AI査定のHowMa","38","600","Indexable",""
"https://www.how-ma.com/mag/category/interview/assessment-interview/page/2/","1","コラボ査定インタビュー | HowMaマガジン｜家を売る、いつか売るに備えるWEBメディアです - 2ページ目","55","785","Indexable",""
"https://www.how-ma.com/market_price/stations/10561","1","西新の駅ごとのマンション売却相場・価格推移・将来性 | 不動産AI査定のHowMa","41","643","Indexable",""
"https://www.how-ma.com/mansions/search/東京都/足立区","1","東京都足立区のマンション査定・相場・販売事例 | 不動産AI査定のHowMa","38","600","Indexable",""
"https://www.how-ma.com/mansions/search/大阪府/堺市","1","大阪府堺市のマンション査定・相場・販売事例 | 不動産AI査定のHowMa","37","580","Indexable",""
"https://www.how-ma.com/market_price/stations/7753","1","西新宿五丁目の駅ごとのマンション売却相場・価格推移・将来性 | 不動産AI査定のHowMa","45","723","Indexable",""
"https://www.how-ma.com/mansions/search/埼玉県","1","埼玉県のマンション査定・相場・販売事例 | 不動産AI査定のHowMa","35","540","Indexable",""
"https://www.how-ma.com/mansions/search/沖縄県","1","沖縄県のマンション査定・相場・販売事例 | 不動産AI査定のHowMa","35","540","Indexable",""
"https://www.how-ma.com/mag/sell/condominium-sale-procedures","1","マンション売却は難しくない！必要な税金や手続きを確認しよう【2025年最新版】 | HowMaマガジン｜家を売る、いつか売るに備えるWEBメディアです","75","1139","Non-Indexable","Canonicalised"
"https://www.how-ma.com/mansions/search/富山県","1","富山県のマンション査定・相場・販売事例 | 不動産AI査定のHowMa","35","540","Indexable",""
"https://www.how-ma.com/mansions/search/東京都/新宿区","1","東京都新宿区のマンション査定・相場・販売事例 | 不動産AI査定のHowMa","38","600","Indexable",""
"https://www.how-ma.com/market_price/stations/6096","1","新富町の駅ごとのマンション売却相場・価格推移・将来性 | 不動産AI査定のHowMa","42","663","Indexable",""
"https://www.how-ma.com/mansions/search/東京都/北区","1","東京都北区のマンション査定・相場・販売事例 | 不動産AI査定のHowMa","37","580","Indexable",""
"https://www.how-ma.com/mansions/search/熊本県","1","熊本県のマンション査定・相場・販売事例 | 不動産AI査定のHowMa","35","540","Indexable",""
"https://www.how-ma.com/market_price/stations/8279","1","多摩センターの駅ごとのマンション売却相場・価格推移・将来性 | 不動産AI査定のHowMa","45","703","Indexable",""
"https://www.how-ma.com/market_price/stations/7742","1","勝どきの駅ごとのマンション売却相場・価格推移・将来性 | 不動産AI査定のHowMa","42","652","Indexable",""
"https://www.how-ma.com/market_price/stations/5917","1","黄金町の駅ごとのマンション売却相場・価格推移・将来性 | 不動産AI査定のHowMa","42","663","Indexable",""
"https://www.how-ma.com/market_price/stations/10584","1","薬院大通の駅ごとのマンション売却相場・価格推移・将来性 | 不動産AI査定のHowMa","43","683","Indexable",""
"https://www.how-ma.com/market_price/stations/10582","1","六本松の駅ごとのマンション売却相場・価格推移・将来性 | 不動産AI査定のHowMa","42","663","Indexable",""
"https://www.how-ma.com/market_price/stations","1","駅相場情報 | 不動産AI査定のHowMa","21","312","Indexable",""
"https://www.how-ma.com/mansions/search/京都府/京都市","1","京都府京都市のマンション査定・相場・販売事例 | 不動産AI査定のHowMa","38","600","Indexable",""
"https://www.how-ma.com/mag/sell/self_selling","1","2025年11月更新｜土地の個人売買は本当に得？危険？メリット・リスクを徹底解説 | HowMaマガジン","52","802","Non-Indexable","Canonicalised"
"https://www.how-ma.com/market_price/stations/1672","1","武蔵小金井の駅ごとのマンション売却相場・価格推移・将来性 | 不動産AI査定のHowMa","44","703","Indexable",""
"https://www.how-ma.com/market_price/stations/5906","1","京急鶴見の駅ごとのマンション売却相場・価格推移・将来性 | 不動産AI査定のHowMa","43","683","Indexable",""
"https://www.how-ma.com/mansions/search/秋田県","1","秋田県のマンション査定・相場・販売事例 | 不動産AI査定のHowMa","35","540","Indexable",""
"https://www.how-ma.com/mansions/search/兵庫県/神戸市","1","兵庫県神戸市のマンション査定・相場・販売事例 | 不動産AI査定のHowMa","38","600","Indexable",""
"https://www.how-ma.com/mansions/search/東京都/渋谷区","1","東京都渋谷区のマンション査定・相場・販売事例 | 不動産AI査定のHowMa","38","600","Indexable",""
"https://www.how-ma.com/mag/sell/completion-of-sale-interview-12","1","「高いだけの査定はもういらない」他の一括査定に失望し、HowMaで見つけた正直な不動産会社 | HowMaマガジン","57","885","Non-Indexable","Canonicalised"
"https://www.how-ma.com/mansions/search/東京都/板橋区","1","東京都板橋区のマンション査定・相場・販売事例 | 不動産AI査定のHowMa","38","600","Indexable",""
"https://www.how-ma.com/mag/sell/what-is-real-estate-ai-appraisal-explaining-how-it-works-and-its-accuracy","1","不動産のAI査定って何？仕組み・精度・限界をAI査定の元祖が徹底的に深ぼってみた | HowMaマガジン","52","815","Non-Indexable","Canonicalised"
"https://www.how-ma.com/mag/sell/souba-kyukyoku","1","2025年11月更新｜誰にも知られず自宅の相場価格を調べる究極の方法【土地・戸建・マンション別】 | HowMaマガジン","60","925","Non-Indexable","Canonicalised"
"https://www.how-ma.com/mag/sell/kyoyu-sell","1","離婚や相続で共有名義の不動産を売却するときの大きな注意点【2025年最新版】 | HowMaマガジン｜家を売る、いつか売るに備えるWEBメディアです","74","1163","Non-Indexable","Canonicalised"
"https://www.how-ma.com/mansions/search/静岡県/静岡市","1","静岡県静岡市のマンション査定・相場・販売事例 | 不動産AI査定のHowMa","38","600","Indexable",""
"https://www.how-ma.com/mansions/search/広島県/広島市","1","広島県広島市のマンション査定・相場・販売事例 | 不動産AI査定のHowMa","38","600","Indexable",""
"https://www.how-ma.com/mansions/search/千葉県","1","千葉県のマンション査定・相場・販売事例 | 不動産AI査定のHowMa","35","540","Indexable",""
"https://www.how-ma.com/market_price/stations/5779","1","学芸大学の駅ごとのマンション売却相場・価格推移・将来性 | 不動産AI査定のHowMa","43","683","Indexable",""
"https://www.how-ma.com/mansions/search/新潟県","1","新潟県のマンション査定・相場・販売事例 | 不動産AI査定のHowMa","35","540","Indexable",""
"https://www.how-ma.com/mansions/search/岐阜県","1","岐阜県のマンション査定・相場・販売事例 | 不動産AI査定のHowMa","35","540","Indexable",""
"https://www.how-ma.com/market_price/stations/5658","1","京王八王子の駅ごとのマンション売却相場・価格推移・将来性 | 不動産AI査定のHowMa","44","703","Indexable",""
"https://www.how-ma.com/mansions/search/北海道","1","北海道のマンション査定・相場・販売事例 | 不動産AI査定のHowMa","35","540","Indexable",""
"https://www.how-ma.com/mansions/search/東京都/中央区","1","東京都中央区のマンション査定・相場・販売事例 | 不動産AI査定のHowMa","38","600","Indexable",""
"https://www.how-ma.com/market_price/stations/5896","1","大森海岸の駅ごとのマンション売却相場・価格推移・将来性 | 不動産AI査定のHowMa","43","683","Indexable",""
"https://www.how-ma.com/market_price/stations/5776","1","代官山の駅ごとのマンション売却相場・価格推移・将来性 | 不動産AI査定のHowMa","42","663","Indexable",""
"https://www.how-ma.com/market_price/stations/5648","1","府中の駅ごとのマンション売却相場・価格推移・将来性 | 不動産AI査定のHowMa","41","643","Indexable",""
"https://www.how-ma.com/mansions/search/福岡県/福岡市","1","福岡県福岡市のマンション査定・相場・販売事例 | 不動産AI査定のHowMa","38","600","Indexable",""
"https://www.how-ma.com/mansions/search/東京都/台東区","1","東京都台東区のマンション査定・相場・販売事例 | 不動産AI査定のHowMa","38","600","Indexable",""
"https://www.how-ma.com/mansions/search/福岡県","1","福岡県のマンション査定・相場・販売事例 | 不動産AI査定のHowMa","35","540","Indexable",""
"https://www.how-ma.com/mansions/search/群馬県","1","群馬県のマンション査定・相場・販売事例 | 不動産AI査定のHowMa","35","540","Indexable",""
"https://www.how-ma.com/market_price/stations/7145","1","南千里の駅ごとのマンション売却相場・価格推移・将来性 | 不動産AI査定のHowMa","42","663","Indexable",""
"https://www.how-ma.com/market_price/stations/6050","1","葛西の駅ごとのマンション売却相場・価格推移・将来性 | 不動産AI査定のHowMa","41","643","Indexable",""
"https://www.how-ma.com/mansions/search/福井県","1","福井県のマンション査定・相場・販売事例 | 不動産AI査定のHowMa","35","540","Indexable",""
"https://www.how-ma.com/mansions/search/大阪府","1","大阪府のマンション査定・相場・販売事例 | 不動産AI査定のHowMa","35","540","Indexable",""
"https://www.how-ma.com/mansions/search/東京都","1","東京都のマンション査定・相場・販売事例 | 不動産AI査定のHowMa","35","540","Indexable",""
"https://www.how-ma.com/mag/sell/reputation-and-smart-use-of-howma-real-estate-ai-praisal","1","不動産AI査定HowMa(ハウマ)の真の評判は？自社の口コミ分析からわかったメリット・1番賢い使い方を公開！ | HowMaマガジン","66","990","Non-Indexable","Canonicalised"
"https://www.how-ma.com/mansions/search/奈良県","1","奈良県のマンション査定・相場・販売事例 | 不動産AI査定のHowMa","35","540","Indexable",""
"https://www.how-ma.com/mansions/search/宮城県/仙台市","1","宮城県仙台市のマンション査定・相場・販売事例 | 不動産AI査定のHowMa","38","600","Indexable",""
"https://www.how-ma.com/mansions/search/栃木県","1","栃木県のマンション査定・相場・販売事例 | 不動産AI査定のHowMa","35","540","Indexable",""
"https://www.how-ma.com/market_price/stations/9051","1","星ヶ丘の駅ごとのマンション売却相場・価格推移・将来性 | 不動産AI査定のHowMa","42","657","Indexable",""
"https://www.how-ma.com/mansions/search/岡山県/岡山市","1","岡山県岡山市のマンション査定・相場・販売事例 | 不動産AI査定のHowMa","38","600","Indexable",""
"https://www.how-ma.com/mansions/search/鹿児島県","1","鹿児島県のマンション査定・相場・販売事例 | 不動産AI査定のHowMa","36","560","Indexable",""
"https://www.how-ma.com/market_price/stations/5810","1","池尻大橋の駅ごとのマンション売却相場・価格推移・将来性 | 不動産AI査定のHowMa","43","683","Indexable",""
"https://www.how-ma.com/market_price/stations/9052","1","一社の駅ごとのマンション売却相場・価格推移・将来性 | 不動産AI査定のHowMa","41","643","Indexable",""
"https://www.how-ma.com/mansions/search/兵庫県","1","兵庫県のマンション査定・相場・販売事例 | 不動産AI査定のHowMa","35","540","Indexable",""
"https://www.how-ma.com/mansions/search/東京都/目黒区","1","東京都目黒区のマンション査定・相場・販売事例 | 不動産AI査定のHowMa","38","600","Indexable",""
"https://www.how-ma.com/mag/sell/mystery-brokerage","1","2025年11月更新｜なぜ仲介手数料が無料になる？メリット・デメリットと、最終的に「売却価格を最大化する」ための注意点を徹底解説します | HowMaマガジン","79","1228","Non-Indexable","Canonicalised"
"https://www.how-ma.com/mansions/search/鳥取県","1","鳥取県のマンション査定・相場・販売事例 | 不動産AI査定のHowMa","35","540","Indexable",""
"https://www.how-ma.com/market_price/stations/5814","1","用賀の駅ごとのマンション売却相場・価格推移・将来性 | 不動産AI査定のHowMa","41","643","Indexable",""
"https://www.how-ma.com/market_price/stations/5813","1","桜新町の駅ごとのマンション売却相場・価格推移・将来性 | 不動産AI査定のHowMa","42","663","Indexable",""
"https://www.how-ma.com/mag/sell/rinjin-trouble","1","近隣トラブルがある家は売れにくい？知らないと危険な告知義務と対策 | HowMaマガジン｜家を売る、いつか売るに備えるWEBメディアです","68","1056","Non-Indexable","Canonicalised"
"https://www.how-ma.com/mansions/search/東京都/墨田区","1","東京都墨田区のマンション査定・相場・販売事例 | 不動産AI査定のHowMa","38","600","Indexable",""
"https://www.how-ma.com/mansions/search/愛知県","1","愛知県のマンション査定・相場・販売事例 | 不動産AI査定のHowMa","35","540","Indexable",""
"https://www.how-ma.com/market_price/stations/6038","1","神楽坂の駅ごとのマンション売却相場・価格推移・将来性 | 不動産AI査定のHowMa","42","663","Indexable",""
"https://www.how-ma.com/mansions/search/長崎県","1","長崎県のマンション査定・相場・販売事例 | 不動産AI査定のHowMa","35","540","Indexable",""
"https://www.how-ma.com/mansions/search/東京都/葛飾区","1","東京都葛飾区のマンション査定・相場・販売事例 | 不動産AI査定のHowMa","38","600","Indexable",""
"https://www.how-ma.com/market_price/mansions/53721","1","ランドシティ盛南3アベニューの査定・相場・販売事例","25","405","Indexable",""
"https://www.how-ma.com/market_price/stations/3204","1","千里丘の駅ごとのマンション売却相場・価格推移・将来性 | 不動産AI査定のHowMa","42","663","Indexable",""
"https://www.how-ma.com/market_price/stations/6031","1","広尾の駅ごとのマンション売却相場・価格推移・将来性 | 不動産AI査定のHowMa","41","643","Indexable",""
"https://www.how-ma.com/market_price/stations/11047","1","新綱島の駅ごとのマンション売却相場・価格推移・将来性 | 不動産AI査定のHowMa","42","663","Indexable",""
"https://www.how-ma.com/market_price/stations/6049","1","西葛西の駅ごとのマンション売却相場・価格推移・将来性 | 不動産AI査定のHowMa","42","663","Indexable",""
"https://www.how-ma.com/mag/buy/mansion-soba-23ku","1","2025年11月更新｜東京23区の中古マンション売却相場価格が最も高い・安い区は？相場上昇が予想される5つの要因も解説 | HowMaマガジン","71","1131","Non-Indexable","Canonicalised"
"https://www.how-ma.com/market_price/stations/6048","1","南砂町の駅ごとのマンション売却相場・価格推移・将来性 | 不動産AI査定のHowMa","42","663","Indexable",""
"https://www.how-ma.com/market_price/stations/6047","1","東陽町の駅ごとのマンション売却相場・価格推移・将来性 | 不動産AI査定のHowMa","42","663","Indexable",""
"https://www.how-ma.com/mansions/search/茨城県","1","茨城県のマンション査定・相場・販売事例 | 不動産AI査定のHowMa","35","540","Indexable",""
"https://www.how-ma.com/mansions/search/熊本県/熊本市","1","熊本県熊本市のマンション査定・相場・販売事例 | 不動産AI査定のHowMa","38","600","Indexable",""
"https://www.how-ma.com/mansions/search/東京都/荒川区","1","東京都荒川区のマンション査定・相場・販売事例 | 不動産AI査定のHowMa","38","600","Indexable",""
"https://www.how-ma.com/mansions/search/神奈川県","1","神奈川県のマンション査定・相場・販売事例 | 不動産AI査定のHowMa","36","560","Indexable",""
"https://www.how-ma.com/mansions/search/島根県","1","島根県のマンション査定・相場・販売事例 | 不動産AI査定のHowMa","35","540","Indexable",""
"https://www.how-ma.com/mansions/search/長野県","1","長野県のマンション査定・相場・販売事例 | 不動産AI査定のHowMa","35","540","Indexable",""
"https://www.how-ma.com/mansions/search/東京都/千代田区","1","東京都千代田区のマンション査定・相場・販売事例 | 不動産AI査定のHowMa","39","620","Indexable",""
"https://www.how-ma.com/mansions/search/東京都/世田谷区","1","東京都世田谷区のマンション査定・相場・販売事例 | 不動産AI査定のHowMa","39","620","Indexable",""
"https://www.how-ma.com/mansions/search/東京都/豊島区","1","東京都豊島区のマンション査定・相場・販売事例 | 不動産AI査定のHowMa","38","600","Indexable",""
"https://www.how-ma.com/mansions/search/佐賀県","1","佐賀県のマンション査定・相場・販売事例 | 不動産AI査定のHowMa","35","540","Indexable",""
"https://www.how-ma.com/market_price/stations/6016","1","入谷の駅ごとのマンション売却相場・価格推移・将来性 | 不動産AI査定のHowMa","41","643","Indexable",""
"https://www.how-ma.com/market_price/stations/6015","1","三ノ輪の駅ごとのマンション売却相場・価格推移・将来性 | 不動産AI査定のHowMa","42","655","Indexable",""
"https://www.how-ma.com/mansions/search/岩手県","1","岩手県のマンション査定・相場・販売事例 | 不動産AI査定のHowMa","35","540","Indexable",""
"https://www.how-ma.com/mag/sell/consultationroom-18","1","リフォームしてから売ると売却額は高くなる？ -HowMa不動産売却なんでも相談室 vol.18- | HowMaマガジン｜家を売る、いつか売るに備えるWEBメディアです","84","1211","Non-Indexable","Canonicalised"
"https://www.how-ma.com/mansions/search/宮崎県","1","宮崎県のマンション査定・相場・販売事例 | 不動産AI査定のHowMa","35","540","Indexable",""
"https://www.how-ma.com/mag/market/detached-house-quotes-by-prefecture","1","2025年11月更新｜一戸建ての相場は？都道府県別ランキング | HowMaマガジン","42","645","Non-Indexable","Canonicalised"
"https://www.how-ma.com/mag/sell/mansion-detachedhouse-assessment","1","誰にも知られず自宅マンション価格を調べる方法を不動産鑑定士が徹底解説｜HowMa | HowMaマガジン｜家を売る、いつか売るに備えるWEBメディアです","76","1201","Non-Indexable","Canonicalised"
"https://www.how-ma.com/mansions/search/徳島県","1","徳島県のマンション査定・相場・販売事例 | 不動産AI査定のHowMa","35","540","Indexable",""
"https://www.how-ma.com/mansions/search/東京都/港区","1","東京都港区のマンション査定・相場・販売事例 | 不動産AI査定のHowMa","37","580","Indexable",""
"https://www.how-ma.com/mansions/search/東京都/江戸川区","1","東京都江戸川区のマンション査定・相場・販売事例 | 不動産AI査定のHowMa","39","620","Indexable",""
"https://www.how-ma.com/mansions/search/東京都/中野区","1","東京都中野区のマンション査定・相場・販売事例 | 不動産AI査定のHowMa","38","600","Indexable",""
"https://www.how-ma.com/market_price/stations/9534","1","都島の駅ごとのマンション売却相場・価格推移・将来性 | 不動産AI査定のHowMa","41","643","Indexable",""
"https://www.how-ma.com/users/ba_sign_up/standard","1","【完全無料】不動産の査定額がネット上ですぐわかる","24","401","Indexable",""
"https://www.how-ma.com/mansions/search/東京都/杉並区","1","東京都杉並区のマンション査定・相場・販売事例 | 不動産AI査定のHowMa","38","600","Indexable",""
"https://www.how-ma.com/mansions/search/千葉県/千葉市","1","千葉県千葉市のマンション査定・相場・販売事例 | 不動産AI査定のHowMa","38","600","Indexable",""
"https://www.how-ma.com/mansions/search/宮城県","1","宮城県のマンション査定・相場・販売事例 | 不動産AI査定のHowMa","35","540","Indexable",""
"https://www.how-ma.com/mansions/search/東京都/品川区","1","東京都品川区のマンション査定・相場・販売事例 | 不動産AI査定のHowMa","38","600","Indexable",""
"https://www.how-ma.com/mansions/search/高知県","1","高知県のマンション査定・相場・販売事例 | 不動産AI査定のHowMa","35","540","Indexable",""
"https://www.how-ma.com/mag/sell/8-things-you-should-never-do-when-selling-house","1","2025年11月更新｜家を高く売りたいなら絶対NG。やってはいけない10の行動と正しい対処法 | HowMaマガジン","58","858","Non-Indexable","Canonicalised"
"https://www.how-ma.com/mansions/search/和歌山県","1","和歌山県のマンション査定・相場・販売事例 | 不動産AI査定のHowMa","36","560","Indexable",""
"https://www.how-ma.com/mansions/search/東京都/江東区","1","東京都江東区のマンション査定・相場・販売事例 | 不動産AI査定のHowMa","38","600","Indexable",""
"https://www.how-ma.com/mansions/search/三重県","1","三重県のマンション査定・相場・販売事例 | 不動産AI査定のHowMa","35","540","Indexable",""
"https://www.how-ma.com/market_price/stations/10558","1","赤坂の駅ごとのマンション売却相場・価格推移・将来性 | 不動産AI査定のHowMa","41","643","Indexable",""
"https://www.how-ma.com/mansions/search/埼玉県/さいたま市","1","埼玉県さいたま市のマンション査定・相場・販売事例 | 不動産AI査定のHowMa","40","621","Indexable",""
"https://www.how-ma.com/mansions/search/山口県","1","山口県のマンション査定・相場・販売事例 | 不動産AI査定のHowMa","35","540","Indexable",""
"https://www.how-ma.com/mansions/search/神奈川県/横浜市","1","神奈川県横浜市のマンション査定・相場・販売事例 | 不動産AI査定のHowMa","39","620","Indexable",""
"https://www.how-ma.com/market_price/stations/10559","1","大濠公園の駅ごとのマンション売却相場・価格推移・将来性 | 不動産AI査定のHowMa","43","683","Indexable",""
"https://www.how-ma.com/mag/sell/sales-contract","1","2025年11月更新｜不動産の売買契約を理解しよう | HowMaマガジン｜家を売る、いつか売るに備えるWEBメディアです","61","926","Non-Indexable","Canonicalised"
"https://www.how-ma.com/market_price/stations/6072","1","乃木坂の駅ごとのマンション売却相場・価格推移・将来性 | 不動産AI査定のHowMa","42","663","Indexable",""
"https://www.how-ma.com/mansions/search/東京都/大田区","1","東京都大田区のマンション査定・相場・販売事例 | 不動産AI査定のHowMa","38","600","Indexable",""
"https://www.how-ma.com/mansions/search/石川県","1","石川県のマンション査定・相場・販売事例 | 不動産AI査定のHowMa","35","540","Indexable",""
"https://www.how-ma.com/mansions/search/神奈川県/相模原市","1","神奈川県相模原市のマンション査定・相場・販売事例 | 不動産AI査定のHowMa","40","640","Indexable",""
"https://www.how-ma.com/mansions/search/福岡県/北九州市","1","福岡県北九州市のマンション査定・相場・販売事例 | 不動産AI査定のHowMa","39","620","Indexable",""
"https://www.how-ma.com/mansions/search/静岡県","1","静岡県のマンション査定・相場・販売事例 | 不動産AI査定のHowMa","35","540","Indexable",""
"https://www.how-ma.com/mansions/search/広島県","1","広島県のマンション査定・相場・販売事例 | 不動産AI査定のHowMa","35","540","Indexable",""
"https://www.how-ma.com/mansions/search/神奈川県/川崎市","1","神奈川県川崎市のマンション査定・相場・販売事例 | 不動産AI査定のHowMa","39","620","Indexable",""
"https://www.how-ma.com/market_price/stations?type=house","1","駅相場情報 | 不動産AI査定のHowMa","21","312","Non-Indexable","Canonicalised"
"https://www.how-ma.com/mag/sell/sell-step","1","2025年11月更新｜不動産売却の手順と注意点！初めての自宅売却でも失敗しない5ステップ | HowMaマガジン","56","879","Non-Indexable","Canonicalised"
"https://www.how-ma.com/market_price/stations/2168","1","大森の駅ごとのマンション売却相場・価格推移・将来性 | 不動産AI査定のHowMa","41","643","Indexable",""
"https://www.how-ma.com/market_price/mansions/140320","1","エステムコート神戸元町ヒルズの査定・相場・販売事例","25","422","Indexable",""
"https://www.how-ma.com/market_price/stations/9116","1","高岳の駅ごとのマンション売却相場・価格推移・将来性 | 不動産AI査定のHowMa","41","643","Indexable",""
"https://www.how-ma.com/market_price/stations/5797","1","不動前の駅ごとのマンション売却相場・価格推移・将来性 | 不動産AI査定のHowMa","42","663","Indexable",""
"https://www.how-ma.com/market_price/stations/8024","1","吉野町の駅ごとのマンション売却相場・価格推移・将来性 | 不動産AI査定のHowMa","42","663","Indexable",""
"https://www.how-ma.com/market_price/stations/6088","1","江戸川橋の駅ごとのマンション売却相場・価格推移・将来性 | 不動産AI査定のHowMa","43","683","Indexable",""
"https://www.how-ma.com/market_price/stations/9594","1","扇町の駅ごとのマンション売却相場・価格推移・将来性 | 不動産AI査定のHowMa","41","643","Indexable",""
"https://www.how-ma.com/market_price/stations/8022","1","伊勢佐木長者町の駅ごとのマンション売却相場・価格推移・将来性 | 不動産AI査定のHowMa","46","743","Indexable",""
"https://www.how-ma.com/market_price/stations/9475","1","桃山台の駅ごとのマンション売却相場・価格推移・将来性 | 不動産AI査定のHowMa","42","663","Indexable",""
"https://www.how-ma.com/market_price/stations/8023","1","阪東橋の駅ごとのマンション売却相場・価格推移・将来性 | 不動産AI査定のHowMa","42","663","Indexable",""
"https://www.how-ma.com/mag/category/interview/assessment-interview","1","コラボ査定インタビュー | HowMaマガジン｜家を売る、いつか売るに備えるWEBメディアです","47","685","Non-Indexable","Canonicalised"
"https://www.how-ma.com/mansions/search/愛媛県","1","愛媛県のマンション査定・相場・販売事例 | 不動産AI査定のHowMa","35","540","Indexable",""
"https://www.how-ma.com/mansions/search/新潟県/新潟市","1","新潟県新潟市のマンション査定・相場・販売事例 | 不動産AI査定のHowMa","38","600","Indexable",""
"https://www.how-ma.com/mansions/search/静岡県/浜松市","1","静岡県浜松市のマンション査定・相場・販売事例 | 不動産AI査定のHowMa","38","600","Indexable",""
"https://www.how-ma.com/mansions/search/香川県","1","香川県のマンション査定・相場・販売事例 | 不動産AI査定のHowMa","35","540","Indexable",""
"https://www.how-ma.com/mansions/search/大阪府/大阪市","1","大阪府大阪市のマンション査定・相場・販売事例 | 不動産AI査定のHowMa","38","600","Indexable",""
