"Address","Content Type","Status Code","Status","HTTP Version","Indexability","Indexability Status","Canonical Link Element 1","Canonical Link Element 2","Meta Robots 1","X-Robots-Tag 1"
"https://www.how-ma.com/mag/","text/html; charset=UTF-8","200","OK","1.1","Indexable","","https://www.how-ma.com/mag/","","max-snippet:-1, max-image-preview:large, max-video-preview:-1",""
"https://www.how-ma.com/javascripts/fxlx.js?1775459445","application/javascript","200","OK","1.1","Indexable","","","","",""
"https://www.how-ma.com/mag/wp-content/plugins/shifter-algolia-search/assets/js/vendor/instantsearch.production.min.js?ver=1.0.0","application/javascript","200","OK","1.1","Indexable","","","","",""
"https://www.how-ma.com/mag/wp-includes/js/jquery/jquery.min.js?ver=3.7.1","text/javascript","200","OK","1.1","Indexable","","","","",""
"https://www.how-ma.com/mag/wp-content/uploads/completion-of-sale-interview-39-768x390.png","image/png","200","OK","1.1","Indexable","","","","",""
"https://www.how-ma.com/mag/category/special/","text/html; charset=UTF-8","200","OK","1.1","Indexable","","https://www.how-ma.com/mag/category/special/","","max-snippet:-1, max-image-preview:large, max-video-preview:-1",""
"https://www.how-ma.com/mag","text/html; charset=UTF-8","200","OK","1.1","Non-Indexable","Canonicalised","https://www.how-ma.com/mag/","","max-snippet:-1, max-image-preview:large, max-video-preview:-1",""
"https://www.how-ma.com/mag/page/2/","text/html; charset=UTF-8","200","OK","1.1","Indexable","","https://www.how-ma.com/mag/page/2/","","max-snippet:-1, max-image-preview:large, max-video-preview:-1",""
"https://how-ma.com/users/sign_up","","301","Moved Permanently","1.1","Non-Indexable","Redirected","","","",""
"https://www.how-ma.com/mag/wp-content/uploads/completion-of-sale-interview-42-3-768x390.png","image/png","200","OK","1.1","Indexable","","","","",""
"https://www.how-ma.com/mag/wp-content/themes/the-thor/js/fit-sidebar.min.js?ver=6.9.4","application/javascript","200","OK","1.1","Indexable","","","","",""
"https://www.how-ma.com/mag/wp-content/uploads/completion-of-sale-interview-47-1-768x390.png","image/png","200","OK","1.1","Indexable","","","","",""
"https://www.how-ma.com/mag/wp-content/uploads/completion-of-sale-interview-46-768x390.png","image/png","200","OK","1.1","Indexable","","","","",""
"https://www.how-ma.com/mag/wp-content/uploads/2016/10/424-4.jpeg","image/jpeg","200","OK","1.1","Indexable","","","","",""
"https://www.how-ma.com/mag/wp-content/uploads/completion-of-sale-interview-45-768x390.png","image/png","200","OK","1.1","Indexable","","","","",""
"https://www.how-ma.com/mag/wp-content/uploads/completion-of-sale-interview-44-768x390.png","image/png","200","OK","1.1","Indexable","","","","",""
"https://www.how-ma.com/otoiawase/new","text/html; charset=utf-8","200","OK","1.1","Non-Indexable","noindex","https://www.how-ma.com/otoiawase/new","","noindex",""
"https://www.how-ma.com/mag/wp-content/themes/the-thor-child/style.css?ver= %20 %201.0.1703662115","text/css","200","OK","1.1","Indexable","","","","",""
"https://www.how-ma.com/mag/wp-content/themes/the-thor/style.css?ver=6.9.4","text/css","200","OK","1.1","Indexable","","","","",""
"https://www.how-ma.com/privacy","text/html; charset=utf-8","200","OK","1.1","Non-Indexable","noindex","https://www.how-ma.com/privacy","","noindex",""
"https://www.how-ma.com/mag/wp-content/plugins/shifter-algolia-search/assets/css/satellite-min.css?ver=1.0.0","text/css","200","OK","1.1","Indexable","","","","",""
"https://www.how-ma.com/mag/wp-content/plugins/rocket-lazy-load/assets/js/16.1/lazyload.min.js","application/javascript","200","OK","1.1","Indexable","","","","",""
"https://www.how-ma.com/mag/wp-content/plugins/shifter-algolia-search/assets/js/vendor/algoliasearch-lite.umd.js?ver=1.0.0","application/javascript","200","OK","1.1","Indexable","","","","",""
"https://www.how-ma.com/mag/interview/completion-of-sale-interview-41/","text/html; charset=UTF-8","200","OK","1.1","Indexable","","https://www.how-ma.com/mag/interview/completion-of-sale-interview-41/","https://www.how-ma.com/mag/interview/completion-of-sale-interview-41/","max-snippet:-1, max-image-preview:large, max-video-preview:-1",""
"https://www.how-ma.com/mag/interview/completion-of-sale-interview-45/","text/html; charset=UTF-8","200","OK","1.1","Indexable","","https://www.how-ma.com/mag/interview/completion-of-sale-interview-45/","https://www.how-ma.com/mag/interview/completion-of-sale-interview-45/","max-snippet:-1, max-image-preview:large, max-video-preview:-1",""
"https://www.how-ma.com/mag/category/interview/assessment-interview/","text/html; charset=UTF-8","200","OK","1.1","Indexable","","https://www.how-ma.com/mag/category/interview/assessment-interview/","","max-snippet:-1, max-image-preview:large, max-video-preview:-1",""
"https://www.how-ma.com/mag/wp-content/uploads/howma_magazine_logo-1.png","image/png","200","OK","1.1","Indexable","","","","",""
"https://www.how-ma.com/mag/wp-content/uploads/completion-of-sale-interview-43-2-768x390.png","image/png","200","OK","1.1","Indexable","","","","",""
"https://www.how-ma.com/","text/html; charset=utf-8","200","OK","1.1","Indexable","","https://www.how-ma.com/","","",""
"https://www.how-ma.com/mag/authors/","text/html; charset=UTF-8","200","OK","1.1","Indexable","","https://www.how-ma.com/mag/authors/","https://www.how-ma.com/mag/authors/","max-snippet:-1, max-image-preview:large, max-video-preview:-1",""
"https://www.how-ma.com/mag/sell/completion-of-sale-interview-47/","text/html; charset=UTF-8","200","OK","1.1","Indexable","","https://www.how-ma.com/mag/sell/completion-of-sale-interview-47/","https://www.how-ma.com/mag/sell/completion-of-sale-interview-47/","max-snippet:-1, max-image-preview:large, max-video-preview:-1",""
"https://www.how-ma.com/mag/category/news/","text/html; charset=UTF-8","200","OK","1.1","Indexable","","https://www.how-ma.com/mag/category/news/","","max-snippet:-1, max-image-preview:large, max-video-preview:-1",""
"https://www.how-ma.com/mag/category/market/","text/html; charset=UTF-8","200","OK","1.1","Indexable","","https://www.how-ma.com/mag/category/market/","","max-snippet:-1, max-image-preview:large, max-video-preview:-1",""
"https://www.how-ma.com/mag/wp-includes/css/dist/block-library/style.min.css?ver=6.9.4","text/css","200","OK","1.1","Indexable","","","","",""
"https://www.how-ma.com/mag/category/interview/","text/html; charset=UTF-8","200","OK","1.1","Indexable","","https://www.how-ma.com/mag/category/interview/","","max-snippet:-1, max-image-preview:large, max-video-preview:-1",""
"https://www.how-ma.com/mag/category/sell/","text/html; charset=UTF-8","200","OK","1.1","Indexable","","https://www.how-ma.com/mag/category/sell/","","max-snippet:-1, max-image-preview:large, max-video-preview:-1",""
"https://www.how-ma.com/mag/interview/completion-of-sale-interview-44/","text/html; charset=UTF-8","200","OK","1.1","Indexable","","https://www.how-ma.com/mag/interview/completion-of-sale-interview-44/","https://www.how-ma.com/mag/interview/completion-of-sale-interview-44/","max-snippet:-1, max-image-preview:large, max-video-preview:-1",""
"https://www.how-ma.com/mag/wp-content/uploads/ab2556a3998e0d13dabf56980cf21176_s.jpg","image/jpeg","200","OK","1.1","Indexable","","","","",""
"https://www.how-ma.com/mag/wp-includes/js/jquery/jquery-migrate.min.js?ver=3.4.1","text/javascript","200","OK","1.1","Indexable","","","","",""
"https://www.how-ma.com/mag/sell/sales-negotiation/","text/html; charset=UTF-8","200","OK","1.1","Indexable","","https://www.how-ma.com/mag/sell/sales-negotiation/","https://www.how-ma.com/mag/sell/sales-negotiation/","max-snippet:-1, max-image-preview:large, max-video-preview:-1",""
"https://www.how-ma.com/mag/wp-content/plugins/liquid-speech-balloon/css/block.css?ver=6.9.4","text/css","200","OK","1.1","Indexable","","","","",""
"https://www.how-ma.com/mag/wp-content/uploads/completion-of-sale-interview-38-2-768x390.png","image/png","200","OK","1.1","Indexable","","","","",""
"https://www.how-ma.com/mag/sell/price-change/","text/html; charset=UTF-8","200","OK","1.1","Indexable","","https://www.how-ma.com/mag/sell/price-change/","https://www.how-ma.com/mag/sell/price-change/","max-snippet:-1, max-image-preview:large, max-video-preview:-1",""
"https://www.how-ma.com/mag/wp-content/plugins/all-in-one-seo-pack/dist/Lite/assets/css/table-of-contents/global.e90f6d47.css?ver=4.9.5.1","text/css","200","OK","1.1","Indexable","","","","",""
"https://www.how-ma.com/mag/wp-includes/js/thickbox/thickbox.js?ver=3.1-20121105","text/javascript","200","OK","1.1","Indexable","","","","",""
"https://www.how-ma.com/mag/wp-content/uploads/2018/05/21a42f360b0effb11804517fd783059f_s.jpg","image/jpeg","200","OK","1.1","Indexable","","","","",""
"https://www.how-ma.com/mag/interview/completion-of-sale-interview-39/","text/html; charset=UTF-8","200","OK","1.1","Indexable","","https://www.how-ma.com/mag/interview/completion-of-sale-interview-39/","https://www.how-ma.com/mag/interview/completion-of-sale-interview-39/","max-snippet:-1, max-image-preview:large, max-video-preview:-1",""
"https://www.how-ma.com/mag/wp-content/themes/the-thor/style.min.css","text/css","200","OK","1.1","Indexable","","","","",""
"https://www.how-ma.com/mag/wp-content/uploads/completion-of-sale-interview-40-768x390.png","image/png","200","OK","1.1","Indexable","","","","",""
"https://www.how-ma.com/mag/wp-content/plugins/shifter-algolia-search/assets/js/algolia-search.js?ver=1.0.0","application/javascript","200","OK","1.1","Indexable","","","","",""
"https://www.how-ma.com/mag/category/money/","text/html; charset=UTF-8","200","OK","1.1","Indexable","","https://www.how-ma.com/mag/category/money/","","max-snippet:-1, max-image-preview:large, max-video-preview:-1",""
"https://www.how-ma.com/mag/wp-content/themes/the-thor/js/smoothlink.min.js?ver=6.9.4","application/javascript","200","OK","1.1","Indexable","","","","",""
"https://www.how-ma.com/mag/interview/completion-of-sale-interview-43/","text/html; charset=UTF-8","200","OK","1.1","Indexable","","https://www.how-ma.com/mag/interview/completion-of-sale-interview-43/","https://www.how-ma.com/mag/interview/completion-of-sale-interview-43/","max-snippet:-1, max-image-preview:large, max-video-preview:-1",""
"https://www.how-ma.com/mag/page/3/","text/html; charset=UTF-8","200","OK","1.1","Indexable","","https://www.how-ma.com/mag/page/3/","","max-snippet:-1, max-image-preview:large, max-video-preview:-1",""
"https://www.how-ma.com/mag/category/buy/","text/html; charset=UTF-8","200","OK","1.1","Indexable","","https://www.how-ma.com/mag/category/buy/","","max-snippet:-1, max-image-preview:large, max-video-preview:-1",""
"https://www.how-ma.com/mag/interview/completion-of-sale-interview-38/","text/html; charset=UTF-8","200","OK","1.1","Indexable","","https://www.how-ma.com/mag/interview/completion-of-sale-interview-38/","https://www.how-ma.com/mag/interview/completion-of-sale-interview-38/","max-snippet:-1, max-image-preview:large, max-video-preview:-1",""
"https://www.how-ma.com/mag/wp-content/uploads/completion-of-sale-interview-41-2-768x390.png","image/png","200","OK","1.1","Indexable","","","","",""
"https://www.how-ma.com/mag/wp-includes/css/dashicons.min.css?ver=6.9.4","text/css","200","OK","1.1","Indexable","","","","",""
"https://www.how-ma.com/mag/interview/completion-of-sale-interview-46/","text/html; charset=UTF-8","200","OK","1.1","Indexable","","https://www.how-ma.com/mag/interview/completion-of-sale-interview-46/","https://www.how-ma.com/mag/interview/completion-of-sale-interview-46/","max-snippet:-1, max-image-preview:large, max-video-preview:-1",""
"https://www.how-ma.com/mag/sell/completion-of-sale-interview-40/","text/html; charset=UTF-8","200","OK","1.1","Indexable","","https://www.how-ma.com/mag/sell/completion-of-sale-interview-40/","https://www.how-ma.com/mag/sell/completion-of-sale-interview-40/","max-snippet:-1, max-image-preview:large, max-video-preview:-1",""
"https://www.how-ma.com/mag/wp-includes/js/thickbox/thickbox.css?ver=6.9.4","text/css","200","OK","1.1","Indexable","","","","",""
"https://www.how-ma.com/mag/sell/souba-kyukyoku/","text/html; charset=UTF-8","200","OK","1.1","Indexable","","https://www.how-ma.com/mag/sell/souba-kyukyoku/","https://www.how-ma.com/mag/sell/souba-kyukyoku/","max-snippet:-1, max-image-preview:large, max-video-preview:-1",""
"https://www.how-ma.com/mag/wp-content/themes/the-thor/js/offline.min.js?ver=6.9.4","application/javascript","200","OK","1.1","Indexable","","","","",""
"https://www.how-ma.com/mag/content_policy/","text/html; charset=UTF-8","200","OK","1.1","Indexable","","https://www.how-ma.com/mag/content_policy/","https://www.how-ma.com/mag/content_policy/","max-snippet:-1, max-image-preview:large, max-video-preview:-1",""
"https://www.how-ma.com/mag/interview/completion-of-sale-interview-42/","text/html; charset=UTF-8","200","OK","1.1","Indexable","","https://www.how-ma.com/mag/interview/completion-of-sale-interview-42/","https://www.how-ma.com/mag/interview/completion-of-sale-interview-42/","max-snippet:-1, max-image-preview:large, max-video-preview:-1",""
"https://www.how-ma.com/_next/image?url=%2Fnext%2Flogo_gigazine.png&w=384&q=75","image/png","200","OK","1.1","Indexable","","","","",""
"https://www.how-ma.com/market_price/stations/6113","text/html; charset=utf-8","302","Found","1.1","Non-Indexable","Redirected","","","",""
"https://www.how-ma.com/market_price/stations/5822","text/html; charset=utf-8","200","OK","1.1","Indexable","","https://www.how-ma.com/market_price/stations/5822","","",""
"https://www.how-ma.com/market_price/stations/7208","text/html; charset=utf-8","200","OK","1.1","Indexable","","https://www.how-ma.com/market_price/stations/7208","","",""
"https://www.how-ma.com/market_price/stations/5821","text/html; charset=utf-8","200","OK","1.1","Indexable","","https://www.how-ma.com/market_price/stations/5821","","",""
"https://www.how-ma.com/market_price/stations/5700","text/html; charset=utf-8","302","Found","1.1","Non-Indexable","Redirected","","","",""
"https://www.how-ma.com/_next/static/chunks/4927-475b149b825dc39e.js","application/javascript; charset=UTF-8","200","OK","1.1","Indexable","","","","",""
"https://www.how-ma.com/market_price/stations/9064","text/html; charset=utf-8","302","Found","1.1","Non-Indexable","Redirected","","","",""
"https://www.how-ma.com/_next/image?url=%2Fnext%2Flogo_cnet.jpg&w=384&q=75","image/jpeg","200","OK","1.1","Indexable","","","","",""
"https://www.how-ma.com/_next/static/chunks/3781-8413f2bf86342267.js","application/javascript; charset=UTF-8","200","OK","1.1","Indexable","","","","",""
"https://www.how-ma.com/market_price/stations/5946","text/html; charset=utf-8","302","Found","1.1","Non-Indexable","Redirected","","","",""
"https://www.how-ma.com/market_price/stations/7209","text/html; charset=utf-8","200","OK","1.1","Indexable","","https://www.how-ma.com/market_price/stations/7209","","",""
"https://www.how-ma.com/next/top/icon_interviewee_2.svg","image/svg+xml","200","OK","1.1","Indexable","","","","",""
"https://www.how-ma.com/market_price/stations/6003","text/html; charset=utf-8","200","OK","1.1","Indexable","","https://www.how-ma.com/market_price/stations/6003","","",""
"https://www.how-ma.com/market_price/stations/9512","text/html; charset=utf-8","200","OK","1.1","Indexable","","https://www.how-ma.com/market_price/stations/9512","","",""
"https://www.how-ma.com/market_price/stations/9634","text/html; charset=utf-8","302","Found","1.1","Non-Indexable","Redirected","","","",""
"https://www.how-ma.com/market_price/stations/6009","text/html; charset=utf-8","302","Found","1.1","Non-Indexable","Redirected","","","",""
"https://www.how-ma.com/mansions/search/青森県","text/html; charset=utf-8","200","OK","1.1","Indexable","","https://www.how-ma.com/mansions/search/青森県","","",""
"https://www.how-ma.com/_next/static/chunks/5786-65cda15faa84276f.js","application/javascript; charset=UTF-8","200","OK","1.1","Indexable","","","","",""
"https://www.how-ma.com/mansions/search/東京都/練馬区","text/html; charset=utf-8","200","OK","1.1","Indexable","","https://www.how-ma.com/mansions/search/東京都/練馬区","","",""
"https://www.how-ma.com/_next/image?url=%2Fnext%2Flogo_nomura-plus.png&w=256&q=75","image/png","200","OK","1.1","Indexable","","","","",""
"https://www.how-ma.com/next/top/icon_customer_5.svg","image/svg+xml","200","OK","1.1","Indexable","","","","",""
"https://www.how-ma.com/market_price/stations/7210","text/html; charset=utf-8","200","OK","1.1","Indexable","","https://www.how-ma.com/market_price/stations/7210","","",""
"https://www.how-ma.com/_next/static/chunks/9352-0ba277d97b11e4c3.js","application/javascript; charset=UTF-8","200","OK","1.1","Indexable","","","","",""
"https://www.how-ma.com/market_price/stations/9084","text/html; charset=utf-8","302","Found","1.1","Non-Indexable","Redirected","","","",""
"https://www.how-ma.com/mansions/search/京都府","text/html; charset=utf-8","200","OK","1.1","Indexable","","https://www.how-ma.com/mansions/search/京都府","","",""
"https://www.how-ma.com/mansions/search/山梨県","text/html; charset=utf-8","200","OK","1.1","Indexable","","https://www.how-ma.com/mansions/search/山梨県","","",""
"https://www.how-ma.com/mansions/search/大分県","text/html; charset=utf-8","200","OK","1.1","Indexable","","https://www.how-ma.com/mansions/search/大分県","","",""
"https://www.how-ma.com/mag/sell/owner-change","text/html; charset=UTF-8","200","OK","1.1","Non-Indexable","Canonicalised","https://www.how-ma.com/mag/sell/owner-change/","https://www.how-ma.com/mag/sell/owner-change/","max-snippet:-1, max-image-preview:large, max-video-preview:-1",""
"https://www.how-ma.com/mansions/search/東京都/文京区","text/html; charset=utf-8","200","OK","1.1","Indexable","","https://www.how-ma.com/mansions/search/東京都/文京区","","",""
"https://www.how-ma.com/next/top/customer-border5.svg","image/svg+xml","200","OK","1.1","Indexable","","","","",""
"https://www.how-ma.com/market_price/stations/7786","text/html; charset=utf-8","302","Found","1.1","Non-Indexable","Redirected","","","",""
"https://www.how-ma.com/mansions/search/滋賀県","text/html; charset=utf-8","200","OK","1.1","Indexable","","https://www.how-ma.com/mansions/search/滋賀県","","",""
"https://www.how-ma.com/_next/image?url=%2Fnext%2Ftop%2Fphoto_guide_1.jpg&w=3840&q=75","image/jpeg","200","OK","1.1","Indexable","","","","",""
"https://www.how-ma.com/market_price/stations/7784","text/html; charset=utf-8","302","Found","1.1","Non-Indexable","Redirected","","","",""
"https://www.how-ma.com/market_price/stations/7785","text/html; charset=utf-8","302","Found","1.1","Non-Indexable","Redirected","","","",""
"https://www.how-ma.com/_next/image?url=%2Fnext%2Ftop%2Fphoto_guide_4.jpg&w=3840&q=75","image/jpeg","200","OK","1.1","Indexable","","","","",""
"https://www.how-ma.com/market_price/stations/9605","text/html; charset=utf-8","302","Found","1.1","Non-Indexable","Redirected","","","",""
"https://www.how-ma.com/market_price/stations/9044","text/html; charset=utf-8","200","OK","1.1","Indexable","","https://www.how-ma.com/market_price/stations/9044","","",""
"https://www.how-ma.com/mag/category/special/page/3/","text/html; charset=UTF-8","200","OK","1.1","Indexable","","https://www.how-ma.com/mag/category/special/page/3/","","max-snippet:-1, max-image-preview:large, max-video-preview:-1",""
"https://www.how-ma.com/mag/category/special/page/2/","text/html; charset=UTF-8","200","OK","1.1","Indexable","","https://www.how-ma.com/mag/category/special/page/2/","","max-snippet:-1, max-image-preview:large, max-video-preview:-1",""
"https://www.how-ma.com/mag/wp-content/uploads/営業マン５-1.jpg","image/jpeg","200","OK","1.1","Indexable","","","","",""
"https://www.how-ma.com/mag/category/special/page/4/","text/html; charset=UTF-8","200","OK","1.1","Indexable","","https://www.how-ma.com/mag/category/special/page/4/","","max-snippet:-1, max-image-preview:large, max-video-preview:-1",""
"https://www.how-ma.com/mansions/search/愛知県/名古屋市","text/html; charset=utf-8","200","OK","1.1","Indexable","","https://www.how-ma.com/mansions/search/愛知県/名古屋市","","",""
"https://www.how-ma.com/mag/wp-content/uploads/2018/03/空き家.jpg","image/jpeg","200","OK","1.1","Indexable","","","","",""
"https://www.how-ma.com/mag/wp-content/uploads/DusbKq75LZISrtu1538531670.jpg","image/jpeg","200","OK","1.1","Indexable","","","","",""
"https://www.how-ma.com/mag/special/post-7544/","text/html; charset=UTF-8","200","OK","1.1","Indexable","","https://www.how-ma.com/mag/special/post-7544/","https://www.how-ma.com/mag/special/post-7544/","max-snippet:-1, max-image-preview:large, max-video-preview:-1",""
"https://www.how-ma.com/mag/wp-content/uploads/2018/03/Fotolia_186478261_XS-e1522229531885.jpg","image/jpeg","200","OK","1.1","Indexable","","","","",""
"https://www.how-ma.com/mag/wp-content/uploads/23526819_m-768x512.jpeg","image/jpeg","200","OK","1.1","Indexable","","","","",""
"https://www.how-ma.com/mag/special/how-to-identify-a-good-real-estate-salesman/","text/html; charset=UTF-8","200","OK","1.1","Indexable","","https://www.how-ma.com/mag/special/how-to-identify-a-good-real-estate-salesman/","https://www.how-ma.com/mag/special/how-to-identify-a-good-real-estate-salesman/","max-snippet:-1, max-image-preview:large, max-video-preview:-1",""
"https://www.how-ma.com/mag/sell/if-series-comic-syojiki-keiyaku/","text/html; charset=UTF-8","200","OK","1.1","Indexable","","https://www.how-ma.com/mag/sell/if-series-comic-syojiki-keiyaku/","https://www.how-ma.com/mag/sell/if-series-comic-syojiki-keiyaku/","max-snippet:-1, max-image-preview:large, max-video-preview:-1",""
"https://www.how-ma.com/mag/special/post-6974/","text/html; charset=UTF-8","200","OK","1.1","Indexable","","https://www.how-ma.com/mag/special/post-6974/","https://www.how-ma.com/mag/special/post-6974/","max-snippet:-1, max-image-preview:large, max-video-preview:-1",""
"https://www.how-ma.com/mag/buy/mansion-soba-23ku/","text/html; charset=UTF-8","200","OK","1.1","Indexable","","https://www.how-ma.com/mag/buy/mansion-soba-23ku/","https://www.how-ma.com/mag/buy/mansion-soba-23ku/","max-snippet:-1, max-image-preview:large, max-video-preview:-1",""
"https://www.how-ma.com/mag/special/condominium-property-values/","text/html; charset=UTF-8","200","OK","1.1","Indexable","","https://www.how-ma.com/mag/special/condominium-property-values/","https://www.how-ma.com/mag/special/condominium-property-values/","max-snippet:-1, max-image-preview:large, max-video-preview:-1",""
"https://www.how-ma.com/mag/special/post-5918/","text/html; charset=UTF-8","200","OK","1.1","Indexable","","https://www.how-ma.com/mag/special/post-5918/","https://www.how-ma.com/mag/special/post-5918/","max-snippet:-1, max-image-preview:large, max-video-preview:-1",""
"https://www.how-ma.com/mag/sell/post-6640/","text/html; charset=UTF-8","200","OK","1.1","Indexable","","https://www.how-ma.com/mag/sell/post-6640/","https://www.how-ma.com/mag/sell/post-6640/","max-snippet:-1, max-image-preview:large, max-video-preview:-1",""
"https://www.how-ma.com/javascripts/fxlx.js?1775459716","application/javascript","200","OK","1.1","Indexable","","","","",""
"https://www.how-ma.com/mag/wp-content/uploads/2018/07/Fotolia_158322107_XS.jpg","image/jpeg","200","OK","1.1","Indexable","","","","",""
"https://www.how-ma.com/mag/special/post-5804/","text/html; charset=UTF-8","200","OK","1.1","Indexable","","https://www.how-ma.com/mag/special/post-5804/","https://www.how-ma.com/mag/special/post-5804/","max-snippet:-1, max-image-preview:large, max-video-preview:-1",""
"https://www.how-ma.com/mag/wp-content/uploads/2018/03/向き.jpg","image/jpeg","200","OK","1.1","Indexable","","","","",""
"https://www.how-ma.com/mag/wp-content/uploads/tokyo_mansion.jpg","image/jpeg","200","OK","1.1","Indexable","","","","",""
"https://www.how-ma.com/mag/wp-content/uploads/docs1.jpg","image/jpeg","200","OK","1.1","Indexable","","","","",""
"https://www.how-ma.com/mag/wp-content/uploads/completion-of-sale-interview-36-2-768x390.png","image/png","200","OK","1.1","Indexable","","","","",""
"https://www.how-ma.com/mag/wp-content/uploads/completion-of-sale-interview-29-2-768x390.png","image/png","200","OK","1.1","Indexable","","","","",""
"https://www.how-ma.com/mag/special/post-7591/","text/html; charset=UTF-8","200","OK","1.1","Indexable","","https://www.how-ma.com/mag/special/post-7591/","https://www.how-ma.com/mag/special/post-7591/","max-snippet:-1, max-image-preview:large, max-video-preview:-1",""
"https://www.how-ma.com/mag/interview/completion-of-sale-interview-31/","text/html; charset=UTF-8","200","OK","1.1","Indexable","","https://www.how-ma.com/mag/interview/completion-of-sale-interview-31/","https://www.how-ma.com/mag/interview/completion-of-sale-interview-31/","max-snippet:-1, max-image-preview:large, max-video-preview:-1",""
"https://www.how-ma.com/mag/wp-content/uploads/completion-of-sale-interview-35-2-768x390.png","image/png","200","OK","1.1","Indexable","","","","",""
"https://www.how-ma.com/mag/wp-content/uploads/completion-of-sale-interview-33-768x390.png","image/png","200","OK","1.1","Indexable","","","","",""
"https://www.how-ma.com/mag/interview/completion-of-sale-interview-32/","text/html; charset=UTF-8","200","OK","1.1","Indexable","","https://www.how-ma.com/mag/interview/completion-of-sale-interview-32/","https://www.how-ma.com/mag/interview/completion-of-sale-interview-32/","max-snippet:-1, max-image-preview:large, max-video-preview:-1",""
"https://www.how-ma.com/mag/interview/completion-of-sale-interview-33/","text/html; charset=UTF-8","200","OK","1.1","Indexable","","https://www.how-ma.com/mag/interview/completion-of-sale-interview-33/","https://www.how-ma.com/mag/interview/completion-of-sale-interview-33/","max-snippet:-1, max-image-preview:large, max-video-preview:-1",""
"https://www.how-ma.com/mag/wp-content/uploads/completion-of-sale-interview-37-2-768x390.png","image/png","200","OK","1.1","Indexable","","","","",""
"https://www.how-ma.com/mag/interview/completion-of-sale-interview-34/","text/html; charset=UTF-8","200","OK","1.1","Indexable","","https://www.how-ma.com/mag/interview/completion-of-sale-interview-34/","https://www.how-ma.com/mag/interview/completion-of-sale-interview-34/","max-snippet:-1, max-image-preview:large, max-video-preview:-1",""
"https://www.how-ma.com/mag/interview/ccompletion-of-sale-interview-36/","text/html; charset=UTF-8","200","OK","1.1","Indexable","","https://www.how-ma.com/mag/interview/ccompletion-of-sale-interview-36/","https://www.how-ma.com/mag/interview/ccompletion-of-sale-interview-36/","max-snippet:-1, max-image-preview:large, max-video-preview:-1",""
"https://www.how-ma.com/mag/interview/completion-of-sale-interview-30/","text/html; charset=UTF-8","200","OK","1.1","Indexable","","https://www.how-ma.com/mag/interview/completion-of-sale-interview-30/","https://www.how-ma.com/mag/interview/completion-of-sale-interview-30/","max-snippet:-1, max-image-preview:large, max-video-preview:-1",""
"https://www.how-ma.com/mansions/search/岡山県","text/html; charset=utf-8","200","OK","1.1","Indexable","","https://www.how-ma.com/mansions/search/岡山県","","",""
"https://www.how-ma.com/mag/interview/completion-of-sale-interview-28/","text/html; charset=UTF-8","200","OK","1.1","Indexable","","https://www.how-ma.com/mag/interview/completion-of-sale-interview-28/","https://www.how-ma.com/mag/interview/completion-of-sale-interview-28/","max-snippet:-1, max-image-preview:large, max-video-preview:-1",""
"https://www.how-ma.com/mansions/search/山形県","text/html; charset=utf-8","200","OK","1.1","Indexable","","https://www.how-ma.com/mansions/search/山形県","","",""
"https://www.how-ma.com/mag/interview/completion-of-sale-interview-29/","text/html; charset=UTF-8","200","OK","1.1","Indexable","","https://www.how-ma.com/mag/interview/completion-of-sale-interview-29/","https://www.how-ma.com/mag/interview/completion-of-sale-interview-29/","max-snippet:-1, max-image-preview:large, max-video-preview:-1",""
"https://www.how-ma.com/mag/wp-content/uploads/completion-of-sale-interview-34-2-768x390.png","image/png","200","OK","1.1","Indexable","","","","",""
"https://www.how-ma.com/mag/wp-content/uploads/completion-of-sale-interview-32-3-768x390.png","image/png","200","OK","1.1","Indexable","","","","",""
"https://www.how-ma.com/mag/wp-content/uploads/completion-of-sale-interview-31-768x390.png","image/png","200","OK","1.1","Indexable","","","","",""
"https://www.how-ma.com/mag/wp-content/uploads/completion-of-sale-interview-30-768x390.png","image/png","200","OK","1.1","Indexable","","","","",""
"https://www.how-ma.com/mag/wp-content/uploads/completion-of-sale-interview-28-768x390.png","image/png","200","OK","1.1","Indexable","","","","",""
"https://www.how-ma.com/users/sign_up","text/html; charset=utf-8","200","OK","1.1","Indexable","","https://www.how-ma.com/users/sign_up","","",""
"https://www.how-ma.com/mag/interview/completion-of-sale-interview-37/","text/html; charset=UTF-8","200","OK","1.1","Indexable","","https://www.how-ma.com/mag/interview/completion-of-sale-interview-37/","https://www.how-ma.com/mag/interview/completion-of-sale-interview-37/","max-snippet:-1, max-image-preview:large, max-video-preview:-1",""
"https://www.how-ma.com/terms","text/html; charset=utf-8","200","OK","1.1","Non-Indexable","noindex","https://www.how-ma.com/terms","","noindex",""
"https://www.how-ma.com/mansions","text/html; charset=utf-8","200","OK","1.1","Indexable","","https://www.how-ma.com/mansions","","",""
"https://www.how-ma.com/faq","text/html; charset=utf-8","200","OK","1.1","Indexable","","https://www.how-ma.com/faq","","",""
"https://www.how-ma.com/assets/logo_howma-f78cf5da272537355ef52f19af5501505091d82b88d6f01ae624fa113438672e.svg","image/svg+xml","200","OK","1.1","Indexable","","","","",""
"https://www.how-ma.com/assets/logo_howma_white-13cf5a08e5375f0be244d64266d150d22a6d737ea2ab3da51408c20ba11f1ef7.svg","image/svg+xml","200","OK","1.1","Indexable","","","","",""
"https://www.how-ma.com/javascripts/pages.js?dGQ5bXNy","application/javascript","200","OK","1.1","Indexable","","","","",""
"https://www.how-ma.com/mag/interview/completion-of-sale-interview-35/","text/html; charset=UTF-8","200","OK","1.1","Indexable","","https://www.how-ma.com/mag/interview/completion-of-sale-interview-35/","https://www.how-ma.com/mag/interview/completion-of-sale-interview-35/","max-snippet:-1, max-image-preview:large, max-video-preview:-1",""
"https://www.how-ma.com/mag/page/4/","text/html; charset=UTF-8","200","OK","1.1","Indexable","","https://www.how-ma.com/mag/page/4/","","max-snippet:-1, max-image-preview:large, max-video-preview:-1",""
"https://www.how-ma.com/market_price/areas","text/html; charset=utf-8","200","OK","1.1","Indexable","","https://www.how-ma.com/market_price/areas","","",""
"https://www.how-ma.com/users/sign_in","text/html; charset=utf-8","200","OK","1.1","Non-Indexable","Canonicalised","https://www.how-ma.com/","","",""
"https://www.how-ma.com/javascripts/pages_firstview.js?dGQ5bXNy","application/javascript","200","OK","1.1","Indexable","","","","",""
"https://www.how-ma.com/mag/wp-content/uploads/completion-of-sale-interview-45-375x191.png","image/png","200","OK","1.1","Indexable","","","","",""
"https://www.how-ma.com/mag/wp-content/uploads/completion-of-sale-interview-47-1-375x191.png","image/png","200","OK","1.1","Indexable","","","","",""
"https://www.how-ma.com/mag/wp-content/uploads/completion-of-sale-interview-46-375x191.png","image/png","200","OK","1.1","Indexable","","","","",""
"https://www.how-ma.com/mag/wp-content/uploads/completion-of-sale-interview-44-375x191.png","image/png","200","OK","1.1","Indexable","","","","",""
"https://www.how-ma.com/mag/wp-content/uploads/completion-of-sale-interview-42-3-375x191.png","image/png","200","OK","1.1","Indexable","","","","",""
"https://www.how-ma.com/mag/category/consultationroom/","text/html; charset=UTF-8","200","OK","1.1","Indexable","","https://www.how-ma.com/mag/category/consultationroom/","","max-snippet:-1, max-image-preview:large, max-video-preview:-1",""
"https://www.how-ma.com/mansions/search/福島県","text/html; charset=utf-8","200","OK","1.1","Indexable","","https://www.how-ma.com/mansions/search/福島県","","",""
"https://www.how-ma.com/mag/category/interview/online-selling-interview/","text/html; charset=UTF-8","200","OK","1.1","Indexable","","https://www.how-ma.com/mag/category/interview/online-selling-interview/","","max-snippet:-1, max-image-preview:large, max-video-preview:-1",""
"https://www.how-ma.com/javascripts/fxlx.js?1775459551","application/javascript","200","OK","1.1","Indexable","","","","",""
"https://www.how-ma.com/mag/wp-includes/js/comment-reply.min.js?ver=6.9.4","text/javascript","200","OK","1.1","Indexable","","","","",""
"https://www.how-ma.com/mag/wp-content/uploads/2XiPhone-13-Pro-Max-1.jpeg","image/jpeg","200","OK","1.1","Indexable","","","","",""
"https://www.how-ma.com/mag/wp-content/uploads/interview-online-sell-20220425-1-375x198.jpg","image/jpeg","200","OK","1.1","Indexable","","","","",""
"https://www.how-ma.com/mag/wp-content/uploads/J7K7wACmEf8juuu1602156245_1602156411-375x254.png","image/png","200","OK","1.1","Indexable","","","","",""
"https://www.how-ma.com/mag/sell/interview-online-sell-20220425/","text/html; charset=UTF-8","200","OK","1.1","Indexable","","https://www.how-ma.com/mag/sell/interview-online-sell-20220425/","https://www.how-ma.com/mag/sell/interview-online-sell-20220425/","max-snippet:-1, max-image-preview:large, max-video-preview:-1",""
"https://www.how-ma.com/mag/interview/improve-realestate-industry-by-it/","text/html; charset=UTF-8","200","OK","1.1","Indexable","","https://www.how-ma.com/mag/interview/improve-realestate-industry-by-it/","https://www.how-ma.com/mag/interview/improve-realestate-industry-by-it/","max-snippet:-1, max-image-preview:large, max-video-preview:-1",""
"https://www.how-ma.com/mag/wp-content/uploads/completion-of-sale-interview-2-musashino-375x191.png","image/png","200","OK","1.1","Indexable","","","","",""
"https://www.how-ma.com/mag/wp-content/uploads/completion-of-sale-interview-29-2-375x191.png","image/png","200","OK","1.1","Indexable","","","","",""
"https://www.how-ma.com/mag/category/magazine/","text/html; charset=UTF-8","200","OK","1.1","Indexable","","https://www.how-ma.com/mag/category/magazine/","","max-snippet:-1, max-image-preview:large, max-video-preview:-1",""
"https://www.how-ma.com/javascripts/fxlx.js?1775459555","application/javascript","200","OK","1.1","Indexable","","","","",""
"https://www.how-ma.com/mag/interview/post-11195/","text/html; charset=UTF-8","200","OK","1.1","Indexable","","https://www.how-ma.com/mag/interview/post-11195/","https://www.how-ma.com/mag/interview/post-11195/","max-snippet:-1, max-image-preview:large, max-video-preview:-1",""
"https://www.how-ma.com/mag/wp-content/uploads/N様-1.jpg","image/jpeg","200","OK","1.1","Indexable","","","","",""
"https://www.how-ma.com/javascripts/fxlx.js?1775459722","application/javascript","200","OK","1.1","Indexable","","","","",""
"https://www.how-ma.com/mag/sell/completion-of-sale-interview-2/","text/html; charset=UTF-8","200","OK","1.1","Indexable","","https://www.how-ma.com/mag/sell/completion-of-sale-interview-2/","https://www.how-ma.com/mag/sell/completion-of-sale-interview-2/","max-snippet:-1, max-image-preview:large, max-video-preview:-1",""
"https://www.how-ma.com/mag/category/interview/assessment-interview/page/3/","text/html; charset=UTF-8","200","OK","1.1","Indexable","","https://www.how-ma.com/mag/category/interview/assessment-interview/page/3/","","max-snippet:-1, max-image-preview:large, max-video-preview:-1",""
"https://www.how-ma.com/mag/category/interview/assessment-interview/page/4/","text/html; charset=UTF-8","200","OK","1.1","Indexable","","https://www.how-ma.com/mag/category/interview/assessment-interview/page/4/","","max-snippet:-1, max-image-preview:large, max-video-preview:-1",""
"https://www.how-ma.com/_next/image?url=%2Fnext%2Flogo_reform.png&w=384&q=75","image/png","200","OK","1.1","Indexable","","","","",""
"https://www.how-ma.com/mag/category/interview/assessment-interview/page/5/","text/html; charset=UTF-8","200","OK","1.1","Indexable","","https://www.how-ma.com/mag/category/interview/assessment-interview/page/5/","","max-snippet:-1, max-image-preview:large, max-video-preview:-1",""
"https://www.how-ma.com/mag/sell/howto-sumikae","text/html; charset=UTF-8","200","OK","1.1","Non-Indexable","Canonicalised","https://www.how-ma.com/mag/sell/howto-sumikae/","https://www.how-ma.com/mag/sell/howto-sumikae/","max-snippet:-1, max-image-preview:large, max-video-preview:-1",""
"https://www.how-ma.com/mansions/search/北海道/札幌市","text/html; charset=utf-8","200","OK","1.1","Indexable","","https://www.how-ma.com/mansions/search/北海道/札幌市","","",""
"https://www.how-ma.com/mag/category/interview/assessment-interview/page/2/","text/html; charset=UTF-8","200","OK","1.1","Indexable","","https://www.how-ma.com/mag/category/interview/assessment-interview/page/2/","","max-snippet:-1, max-image-preview:large, max-video-preview:-1",""
"https://www.how-ma.com/_next/static/chunks/6766-5541fb6ba0b0e78c.js","application/javascript; charset=UTF-8","200","OK","1.1","Indexable","","","","",""
"https://www.how-ma.com/market_price/stations/10561","text/html; charset=utf-8","200","OK","1.1","Indexable","","https://www.how-ma.com/market_price/stations/10561","","",""
"https://www.how-ma.com/mansions/search/東京都/足立区","text/html; charset=utf-8","200","OK","1.1","Indexable","","https://www.how-ma.com/mansions/search/東京都/足立区","","",""
"https://www.how-ma.com/market_price/stations/7754","text/html; charset=utf-8","302","Found","1.1","Non-Indexable","Redirected","","","",""
"https://www.how-ma.com/mansions/search/大阪府/堺市","text/html; charset=utf-8","200","OK","1.1","Indexable","","https://www.how-ma.com/mansions/search/大阪府/堺市","","",""
"https://www.how-ma.com/market_price/stations/7753","text/html; charset=utf-8","200","OK","1.1","Indexable","","https://www.how-ma.com/market_price/stations/7753","","",""
"https://www.how-ma.com/mansions/search/埼玉県","text/html; charset=utf-8","200","OK","1.1","Indexable","","https://www.how-ma.com/mansions/search/埼玉県","","",""
"https://www.how-ma.com/next/top/icon_customer_4.svg","image/svg+xml","200","OK","1.1","Indexable","","","","",""
"https://www.how-ma.com/mansions/search/沖縄県","text/html; charset=utf-8","200","OK","1.1","Indexable","","https://www.how-ma.com/mansions/search/沖縄県","","",""
"https://www.how-ma.com/_next/static/chunks/app/global-error-950346f1c45b613a.js","application/javascript; charset=UTF-8","200","OK","1.1","Indexable","","","","",""
"https://www.how-ma.com/market_price/stations/7748","text/html; charset=utf-8","302","Found","1.1","Non-Indexable","Redirected","","","",""
"https://www.how-ma.com/mag/sell/condominium-sale-procedures","text/html; charset=UTF-8","200","OK","1.1","Non-Indexable","Canonicalised","https://www.how-ma.com/mag/sell/condominium-sale-procedures/","https://www.how-ma.com/mag/sell/condominium-sale-procedures/","max-snippet:-1, max-image-preview:large, max-video-preview:-1",""
"https://www.how-ma.com/mansions/search/富山県","text/html; charset=utf-8","200","OK","1.1","Indexable","","https://www.how-ma.com/mansions/search/富山県","","",""
"https://www.how-ma.com/_next/image?url=%2Fnext%2Flogo_entetsu.png&w=256&q=75","image/png","200","OK","1.1","Indexable","","","","",""
"https://www.how-ma.com/mansions/search/東京都/新宿区","text/html; charset=utf-8","200","OK","1.1","Indexable","","https://www.how-ma.com/mansions/search/東京都/新宿区","","",""
"https://www.how-ma.com/_next/image?url=%2Fnext%2Flogo_nomura.png&w=256&q=75","image/png","200","OK","1.1","Indexable","","","","",""
"https://www.how-ma.com/market_price/stations/2170","text/html; charset=utf-8","302","Found","1.1","Non-Indexable","Redirected","","","",""
"https://www.how-ma.com/market_price/stations/8032","text/html; charset=utf-8","302","Found","1.1","Non-Indexable","Redirected","","","",""
"https://www.how-ma.com/market_price/stations/6096","text/html; charset=utf-8","200","OK","1.1","Indexable","","https://www.how-ma.com/market_price/stations/6096","","",""
"https://www.how-ma.com/market_price/stations/2177","text/html; charset=utf-8","302","Found","1.1","Non-Indexable","Redirected","","","",""
"https://www.how-ma.com/_next/image?url=%2Fnext%2Ficon_pmark.png&w=96&q=75","image/png","200","OK","1.1","Indexable","","","","",""
"https://www.how-ma.com/mansions/search/東京都/北区","text/html; charset=utf-8","200","OK","1.1","Indexable","","https://www.how-ma.com/mansions/search/東京都/北区","","",""
"https://www.how-ma.com/market_price/stations/7747","text/html; charset=utf-8","302","Found","1.1","Non-Indexable","Redirected","","","",""
"https://www.how-ma.com/market_price/stations/7741","text/html; charset=utf-8","302","Found","1.1","Non-Indexable","Redirected","","","",""
"https://www.how-ma.com/mansions/search/熊本県","text/html; charset=utf-8","200","OK","1.1","Indexable","","https://www.how-ma.com/mansions/search/熊本県","","",""
"https://www.how-ma.com/market_price/stations/8279","text/html; charset=utf-8","200","OK","1.1","Indexable","","https://www.how-ma.com/market_price/stations/8279","","",""
"https://www.how-ma.com/market_price/stations/7742","text/html; charset=utf-8","200","OK","1.1","Indexable","","https://www.how-ma.com/market_price/stations/7742","","",""
"https://www.how-ma.com/_next/image?url=%2Fnext%2Ftop%2Fphoto_guide_2.jpg&w=3840&q=75","image/jpeg","200","OK","1.1","Indexable","","","","",""
"https://www.how-ma.com/_next/static/chunks/9013-22ffae9bcc141f93.js","application/javascript; charset=UTF-8","200","OK","1.1","Indexable","","","","",""
"https://www.how-ma.com/market_price/stations/5917","text/html; charset=utf-8","200","OK","1.1","Indexable","","https://www.how-ma.com/market_price/stations/5917","","",""
"https://www.how-ma.com/market_price/stations/10585","text/html; charset=utf-8","302","Found","1.1","Non-Indexable","Redirected","","","",""
"https://www.how-ma.com/market_price/stations/10584","text/html; charset=utf-8","200","OK","1.1","Indexable","","https://www.how-ma.com/market_price/stations/10584","","",""
"https://www.how-ma.com/market_price/stations/10582","text/html; charset=utf-8","200","OK","1.1","Indexable","","https://www.how-ma.com/market_price/stations/10582","","",""
"https://www.how-ma.com/market_price/stations","text/html; charset=utf-8","200","OK","1.1","Indexable","","https://www.how-ma.com/market_price/stations","","",""
"https://www.how-ma.com/mansions/search/京都府/京都市","text/html; charset=utf-8","200","OK","1.1","Indexable","","https://www.how-ma.com/mansions/search/京都府/京都市","","",""
"https://www.how-ma.com/_next/image?url=%2Fnext%2Flogo_zuu.jpg&w=384&q=75","image/jpeg","200","OK","1.1","Indexable","","","","",""
"https://www.how-ma.com/next/top/customer-border6.svg","image/svg+xml","200","OK","1.1","Indexable","","","","",""
"https://www.how-ma.com/mag/sell/self_selling","text/html; charset=UTF-8","200","OK","1.1","Non-Indexable","Canonicalised","https://www.how-ma.com/mag/sell/self_selling/","https://www.how-ma.com/mag/sell/self_selling/","max-snippet:-1, max-image-preview:large, max-video-preview:-1",""
"https://www.how-ma.com/_next/static/chunks/app/not-found-4ece7e251432e5e3.js","application/javascript; charset=UTF-8","200","OK","1.1","Indexable","","","","",""
"https://www.how-ma.com/_next/static/chunks/8851-e11a7774f3e9e712.js","application/javascript; charset=UTF-8","200","OK","1.1","Indexable","","","","",""
"https://www.how-ma.com/next/top/prefectures.svg","image/svg+xml","200","OK","1.1","Indexable","","","","",""
"https://www.how-ma.com/_next/static/chunks/501-69ae6b8c3902a86d.js","application/javascript; charset=UTF-8","200","OK","1.1","Indexable","","","","",""
"https://www.how-ma.com/market_price/stations/6563","text/html; charset=utf-8","302","Found","1.1","Non-Indexable","Redirected","","","",""
"https://www.how-ma.com/market_price/stations/7776","text/html; charset=utf-8","302","Found","1.1","Non-Indexable","Redirected","","","",""
"https://www.how-ma.com/market_price/stations/1672","text/html; charset=utf-8","200","OK","1.1","Indexable","","https://www.how-ma.com/market_price/stations/1672","","",""
"https://www.how-ma.com/_next/static/chunks/6874-803077cd9e51433b.js","application/javascript; charset=UTF-8","200","OK","1.1","Indexable","","","","",""
"https://www.how-ma.com/market_price/stations/5906","text/html; charset=utf-8","200","OK","1.1","Indexable","","https://www.how-ma.com/market_price/stations/5906","","",""
"https://www.how-ma.com/next/top/play-button.svg","image/svg+xml","200","OK","1.1","Indexable","","","","",""
"https://www.how-ma.com/mansions/search/秋田県","text/html; charset=utf-8","200","OK","1.1","Indexable","","https://www.how-ma.com/mansions/search/秋田県","","",""
"https://www.how-ma.com/mansions/search/兵庫県/神戸市","text/html; charset=utf-8","200","OK","1.1","Indexable","","https://www.how-ma.com/mansions/search/兵庫県/神戸市","","",""
"https://www.how-ma.com/mansions/search/東京都/渋谷区","text/html; charset=utf-8","200","OK","1.1","Indexable","","https://www.how-ma.com/mansions/search/東京都/渋谷区","","",""
"https://www.how-ma.com/mag/sell/completion-of-sale-interview-12","text/html; charset=UTF-8","200","OK","1.1","Non-Indexable","Canonicalised","https://www.how-ma.com/mag/sell/completion-of-sale-interview-12/","https://www.how-ma.com/mag/sell/completion-of-sale-interview-12/","max-snippet:-1, max-image-preview:large, max-video-preview:-1",""
"https://www.how-ma.com/mansions/search/東京都/板橋区","text/html; charset=utf-8","200","OK","1.1","Indexable","","https://www.how-ma.com/mansions/search/東京都/板橋区","","",""
"https://www.how-ma.com/mag/sell/what-is-real-estate-ai-appraisal-explaining-how-it-works-and-its-accuracy","text/html; charset=UTF-8","200","OK","1.1","Non-Indexable","Canonicalised","https://www.how-ma.com/mag/sell/what-is-real-estate-ai-appraisal-explaining-how-it-works-and-its-accuracy/","https://www.how-ma.com/mag/sell/what-is-real-estate-ai-appraisal-explaining-how-it-works-and-its-accuracy/","max-snippet:-1, max-image-preview:large, max-video-preview:-1",""
"https://www.how-ma.com/mag/sell/souba-kyukyoku","text/html; charset=UTF-8","200","OK","1.1","Non-Indexable","Canonicalised","https://www.how-ma.com/mag/sell/souba-kyukyoku/","https://www.how-ma.com/mag/sell/souba-kyukyoku/","max-snippet:-1, max-image-preview:large, max-video-preview:-1",""
"https://www.how-ma.com/_next/static/chunks/3353-75ebcf8c9cb82024.js","application/javascript; charset=UTF-8","200","OK","1.1","Indexable","","","","",""
"https://www.how-ma.com/market_price/stations/7767","text/html; charset=utf-8","302","Found","1.1","Non-Indexable","Redirected","","","",""
"https://www.how-ma.com/mag/sell/kyoyu-sell","text/html; charset=UTF-8","200","OK","1.1","Non-Indexable","Canonicalised","https://www.how-ma.com/mag/sell/kyoyu-sell/","https://www.how-ma.com/mag/sell/kyoyu-sell/","max-snippet:-1, max-image-preview:large, max-video-preview:-1",""
"https://www.how-ma.com/market_price/stations/2199","text/html; charset=utf-8","302","Found","1.1","Non-Indexable","Redirected","","","",""
"https://www.how-ma.com/_next/image?url=%2Fnext%2Ftop%2Fmypage_mock.png&w=640&q=75","image/png","200","OK","1.1","Indexable","","","","",""
"https://www.how-ma.com/mansions/search/静岡県/静岡市","text/html; charset=utf-8","200","OK","1.1","Indexable","","https://www.how-ma.com/mansions/search/静岡県/静岡市","","",""
"https://www.how-ma.com/next/top/icon_interviewee_1.svg","image/svg+xml","200","OK","1.1","Indexable","","","","",""
"https://www.how-ma.com/mansions/search/広島県/広島市","text/html; charset=utf-8","200","OK","1.1","Indexable","","https://www.how-ma.com/mansions/search/広島県/広島市","","",""
"https://www.how-ma.com/mansions/search/千葉県","text/html; charset=utf-8","200","OK","1.1","Indexable","","https://www.how-ma.com/mansions/search/千葉県","","",""
"https://www.how-ma.com/market_price/stations/5779","text/html; charset=utf-8","200","OK","1.1","Indexable","","https://www.how-ma.com/market_price/stations/5779","","",""
"https://www.how-ma.com/mansions/search/新潟県","text/html; charset=utf-8","200","OK","1.1","Indexable","","https://www.how-ma.com/mansions/search/新潟県","","",""
"https://www.how-ma.com/market_price/stations/5659","text/html; charset=utf-8","302","Found","1.1","Non-Indexable","Redirected","","","",""
"https://www.how-ma.com/next/top/dashed_line.svg","image/svg+xml","200","OK","1.1","Indexable","","","","",""
"https://www.how-ma.com/_next/static/chunks/213-74b4e4e7976f8d1a.js","application/javascript; charset=UTF-8","200","OK","1.1","Indexable","","","","",""
"https://www.how-ma.com/market_price/stations/5539","text/html; charset=utf-8","302","Found","1.1","Non-Indexable","Redirected","","","",""
"https://www.how-ma.com/mansions/search/岐阜県","text/html; charset=utf-8","200","OK","1.1","Indexable","","https://www.how-ma.com/mansions/search/岐阜県","","",""
"https://www.how-ma.com/_next/image?url=%2Fnext%2Flogo_zenchin.png&w=384&q=75","image/png","200","OK","1.1","Indexable","","","","",""
"https://www.how-ma.com/market_price/stations/5658","text/html; charset=utf-8","200","OK","1.1","Indexable","","https://www.how-ma.com/market_price/stations/5658","","",""
"https://www.how-ma.com/market_price/stations/5890","text/html; charset=utf-8","302","Found","1.1","Non-Indexable","Redirected","","","",""
"https://www.how-ma.com/mansions/search/北海道","text/html; charset=utf-8","200","OK","1.1","Indexable","","https://www.how-ma.com/mansions/search/北海道","","",""
"https://www.how-ma.com/mansions/search/東京都/中央区","text/html; charset=utf-8","200","OK","1.1","Indexable","","https://www.how-ma.com/mansions/search/東京都/中央区","","",""
"https://www.how-ma.com/market_price/stations/9573","text/html; charset=utf-8","302","Found","1.1","Non-Indexable","Redirected","","","",""
"https://www.how-ma.com/market_price/stations/11054","text/html; charset=utf-8","302","Found","1.1","Non-Indexable","Redirected","","","",""
"https://www.how-ma.com/market_price/stations/11051","text/html; charset=utf-8","302","Found","1.1","Non-Indexable","Redirected","","","",""
"https://www.how-ma.com/market_price/stations/9571","text/html; charset=utf-8","302","Found","1.1","Non-Indexable","Redirected","","","",""
"https://www.how-ma.com/market_price/stations/5896","text/html; charset=utf-8","200","OK","1.1","Indexable","","https://www.how-ma.com/market_price/stations/5896","","",""
"https://www.how-ma.com/market_price/stations/5776","text/html; charset=utf-8","200","OK","1.1","Indexable","","https://www.how-ma.com/market_price/stations/5776","","",""
"https://www.how-ma.com/_next/image?url=%2Fnext%2Flogo_panasonic.png&w=256&q=75","image/png","200","OK","1.1","Indexable","","","","",""
"https://www.how-ma.com/_next/static/chunks/5594-bb06a8d55c5d24f4.js","application/javascript; charset=UTF-8","200","OK","1.1","Indexable","","","","",""
"https://www.how-ma.com/_next/static/chunks/1635-2b8da999a711ed00.js","application/javascript; charset=UTF-8","200","OK","1.1","Indexable","","","","",""
"https://www.how-ma.com/next/top/customer-border7.svg","image/svg+xml","200","OK","1.1","Indexable","","","","",""
"https://www.how-ma.com/_next/image?url=%2Fnext%2Flogo_bsnittere.jpg&w=384&q=75","image/jpeg","200","OK","1.1","Indexable","","","","",""
"https://www.how-ma.com/market_price/stations/7159","text/html; charset=utf-8","302","Found","1.1","Non-Indexable","Redirected","","","",""
"https://www.how-ma.com/next/top/customer-border2.svg","image/svg+xml","200","OK","1.1","Indexable","","","","",""
"https://www.how-ma.com/market_price/stations/1725","text/html; charset=utf-8","302","Found","1.1","Non-Indexable","Redirected","","","",""
"https://www.how-ma.com/market_price/stations/5648","text/html; charset=utf-8","200","OK","1.1","Indexable","","https://www.how-ma.com/market_price/stations/5648","","",""
"https://www.how-ma.com/mansions/search/福岡県/福岡市","text/html; charset=utf-8","200","OK","1.1","Indexable","","https://www.how-ma.com/mansions/search/福岡県/福岡市","","",""
"https://www.how-ma.com/mansions/search/東京都/台東区","text/html; charset=utf-8","200","OK","1.1","Indexable","","https://www.how-ma.com/mansions/search/東京都/台東区","","",""
"https://www.how-ma.com/next/top/icon_customer_3.svg","image/svg+xml","200","OK","1.1","Indexable","","","","",""
"https://www.how-ma.com/mansions/search/福岡県","text/html; charset=utf-8","200","OK","1.1","Indexable","","https://www.how-ma.com/mansions/search/福岡県","","",""
"https://www.how-ma.com/mansions/search/群馬県","text/html; charset=utf-8","200","OK","1.1","Indexable","","https://www.how-ma.com/mansions/search/群馬県","","",""
"https://www.how-ma.com/market_price/stations/7145","text/html; charset=utf-8","200","OK","1.1","Indexable","","https://www.how-ma.com/market_price/stations/7145","","",""
"https://www.how-ma.com/market_price/stations/11065","text/html; charset=utf-8","302","Found","1.1","Non-Indexable","Redirected","","","",""
"https://www.how-ma.com/market_price/stations/6050","text/html; charset=utf-8","200","OK","1.1","Indexable","","https://www.how-ma.com/market_price/stations/6050","","",""
"https://www.how-ma.com/mansions/search/福井県","text/html; charset=utf-8","200","OK","1.1","Indexable","","https://www.how-ma.com/mansions/search/福井県","","",""
"https://www.how-ma.com/market_price/stations/7822","text/html; charset=utf-8","302","Found","1.1","Non-Indexable","Redirected","","","",""
"https://www.how-ma.com/mansions/search/大阪府","text/html; charset=utf-8","200","OK","1.1","Indexable","","https://www.how-ma.com/mansions/search/大阪府","","",""
"https://www.how-ma.com/_next/static/chunks/1017-5a2b66b8bf00c296.js","application/javascript; charset=UTF-8","200","OK","1.1","Indexable","","","","",""
"https://www.how-ma.com/mansions/search/東京都","text/html; charset=utf-8","200","OK","1.1","Indexable","","https://www.how-ma.com/mansions/search/東京都","","",""
"https://www.how-ma.com/mag/sell/reputation-and-smart-use-of-howma-real-estate-ai-praisal","text/html; charset=UTF-8","200","OK","1.1","Non-Indexable","Canonicalised","https://www.how-ma.com/mag/sell/reputation-and-smart-use-of-howma-real-estate-ai-praisal/","https://www.how-ma.com/mag/sell/reputation-and-smart-use-of-howma-real-estate-ai-praisal/","max-snippet:-1, max-image-preview:large, max-video-preview:-1",""
"https://www.how-ma.com/_next/image?url=%2Fnext%2Flogo_livable.png&w=256&q=75","image/png","200","OK","1.1","Indexable","","","","",""
"https://www.how-ma.com/mansions/search/奈良県","text/html; charset=utf-8","200","OK","1.1","Indexable","","https://www.how-ma.com/mansions/search/奈良県","","",""
"https://www.how-ma.com/_next/image?url=%2Fnext%2Flogo_ttfuhan.png&w=256&q=75","image/png","200","OK","1.1","Indexable","","","","",""
"https://www.how-ma.com/market_price/stations/7783","text/html; charset=utf-8","302","Found","1.1","Non-Indexable","Redirected","","","",""
"https://www.how-ma.com/mansions/search/宮城県/仙台市","text/html; charset=utf-8","200","OK","1.1","Indexable","","https://www.how-ma.com/mansions/search/宮城県/仙台市","","",""
"https://www.how-ma.com/mansions/search/栃木県","text/html; charset=utf-8","200","OK","1.1","Indexable","","https://www.how-ma.com/mansions/search/栃木県","","",""
"https://www.how-ma.com/market_price/stations/9051","text/html; charset=utf-8","200","OK","1.1","Indexable","","https://www.how-ma.com/market_price/stations/9051","","",""
"https://www.how-ma.com/mansions/search/岡山県/岡山市","text/html; charset=utf-8","200","OK","1.1","Indexable","","https://www.how-ma.com/mansions/search/岡山県/岡山市","","",""
"https://www.how-ma.com/_next/static/chunks/7282-49d4ba96613d3453.js","application/javascript; charset=UTF-8","200","OK","1.1","Indexable","","","","",""
"https://www.how-ma.com/_next/image?url=%2Fnext%2Ftop%2Fmypage_mock.png&w=384&q=75","image/png","200","OK","1.1","Indexable","","","","",""
"https://www.how-ma.com/market_price/stations/5377","text/html; charset=utf-8","302","Found","1.1","Non-Indexable","Redirected","","","",""
"https://www.how-ma.com/mansions/search/鹿児島県","text/html; charset=utf-8","200","OK","1.1","Indexable","","https://www.how-ma.com/mansions/search/鹿児島県","","",""
"https://www.how-ma.com/market_price/stations/5810","text/html; charset=utf-8","200","OK","1.1","Indexable","","https://www.how-ma.com/market_price/stations/5810","","",""
"https://www.how-ma.com/next/logo_howma.svg","image/svg+xml","200","OK","1.1","Indexable","","","","",""
"https://www.how-ma.com/market_price/stations/9052","text/html; charset=utf-8","200","OK","1.1","Indexable","","https://www.how-ma.com/market_price/stations/9052","","",""
"https://www.how-ma.com/mansions/search/兵庫県","text/html; charset=utf-8","200","OK","1.1","Indexable","","https://www.how-ma.com/mansions/search/兵庫県","","",""
"https://www.how-ma.com/_next/static/chunks/8895-8ae484da28ae9517.js","application/javascript; charset=UTF-8","200","OK","1.1","Indexable","","","","",""
"https://www.how-ma.com/next/top/icon_interviewee_3.svg","image/svg+xml","200","OK","1.1","Indexable","","","","",""
"https://www.how-ma.com/_next/image?url=%2Fnext%2Flogo_howma_magazine.png&w=640&q=75","image/png","200","OK","1.1","Indexable","","","","",""
"https://www.how-ma.com/next/top/icon_customer_1.svg","image/svg+xml","200","OK","1.1","Indexable","","","","",""
"https://www.how-ma.com/mansions/search/東京都/目黒区","text/html; charset=utf-8","200","OK","1.1","Indexable","","https://www.how-ma.com/mansions/search/東京都/目黒区","","",""
"https://www.how-ma.com/_next/static/chunks/6644-0df008442a957755.js","application/javascript; charset=UTF-8","200","OK","1.1","Indexable","","","","",""
"https://www.how-ma.com/mag/sell/mystery-brokerage","text/html; charset=UTF-8","200","OK","1.1","Non-Indexable","Canonicalised","https://www.how-ma.com/mag/sell/mystery-brokerage/","https://www.how-ma.com/mag/sell/mystery-brokerage/","max-snippet:-1, max-image-preview:large, max-video-preview:-1",""
"https://www.how-ma.com/mansions/search/鳥取県","text/html; charset=utf-8","200","OK","1.1","Indexable","","https://www.how-ma.com/mansions/search/鳥取県","","",""
"https://www.how-ma.com/_next/static/chunks/6438-879e86746f906139.js","application/javascript; charset=UTF-8","200","OK","1.1","Indexable","","","","",""
"https://www.how-ma.com/market_price/stations/5814","text/html; charset=utf-8","200","OK","1.1","Indexable","","https://www.how-ma.com/market_price/stations/5814","","",""
"https://www.how-ma.com/market_price/stations/5813","text/html; charset=utf-8","200","OK","1.1","Indexable","","https://www.how-ma.com/market_price/stations/5813","","",""
"https://www.how-ma.com/mag/sell/rinjin-trouble","text/html; charset=UTF-8","200","OK","1.1","Non-Indexable","Canonicalised","https://www.how-ma.com/mag/sell/rinjin-trouble/","https://www.how-ma.com/mag/sell/rinjin-trouble/","max-snippet:-1, max-image-preview:large, max-video-preview:-1",""
"https://www.how-ma.com/mansions/search/東京都/墨田区","text/html; charset=utf-8","200","OK","1.1","Indexable","","https://www.how-ma.com/mansions/search/東京都/墨田区","","",""
"https://www.how-ma.com/mansions/search/愛知県","text/html; charset=utf-8","200","OK","1.1","Indexable","","https://www.how-ma.com/mansions/search/愛知県","","",""
"https://www.how-ma.com/market_price/stations/11048","text/html; charset=utf-8","302","Found","1.1","Non-Indexable","Redirected","","","",""
"https://www.how-ma.com/market_price/stations/11049","text/html; charset=utf-8","302","Found","1.1","Non-Indexable","Redirected","","","",""
"https://www.how-ma.com/market_price/stations/6038","text/html; charset=utf-8","200","OK","1.1","Indexable","","https://www.how-ma.com/market_price/stations/6038","","",""
"https://www.how-ma.com/market_price/stations/6036","text/html; charset=utf-8","302","Found","1.1","Non-Indexable","Redirected","","","",""
"https://www.how-ma.com/next/top/building.svg","image/svg+xml","200","OK","1.1","Indexable","","","","",""
"https://www.how-ma.com/next/top/icon_customer_6.svg","image/svg+xml","200","OK","1.1","Indexable","","","","",""
"https://www.how-ma.com/next/top/customer-border4.svg","image/svg+xml","200","OK","1.1","Indexable","","","","",""
"https://www.how-ma.com/mansions/search/長崎県","text/html; charset=utf-8","200","OK","1.1","Indexable","","https://www.how-ma.com/mansions/search/長崎県","","",""
"https://www.how-ma.com/mansions/search/東京都/葛飾区","text/html; charset=utf-8","200","OK","1.1","Indexable","","https://www.how-ma.com/mansions/search/東京都/葛飾区","","",""
"https://www.how-ma.com/market_price/stations/11042","text/html; charset=utf-8","302","Found","1.1","Non-Indexable","Redirected","","","",""
"https://www.how-ma.com/_next/static/chunks/4356-ff6890b0dcdc24dd.js","application/javascript; charset=UTF-8","200","OK","1.1","Indexable","","","","",""
"https://www.how-ma.com/market_price/mansions/53721","text/html; charset=utf-8","200","OK","1.1","Indexable","","https://www.how-ma.com/market_price/mansions/53721","","",""
"https://www.how-ma.com/market_price/stations/6034","text/html; charset=utf-8","302","Found","1.1","Non-Indexable","Redirected","","","",""
"https://www.how-ma.com/market_price/stations/6033","text/html; charset=utf-8","302","Found","1.1","Non-Indexable","Redirected","","","",""
"https://www.how-ma.com/market_price/stations/10991","text/html; charset=utf-8","302","Found","1.1","Non-Indexable","Redirected","","","",""
"https://www.how-ma.com/next/logo_howma_white.svg","image/svg+xml","200","OK","1.1","Indexable","","","","",""
"https://www.how-ma.com/market_price/stations/3204","text/html; charset=utf-8","200","OK","1.1","Indexable","","https://www.how-ma.com/market_price/stations/3204","","",""
"https://www.how-ma.com/market_price/stations/6031","text/html; charset=utf-8","200","OK","1.1","Indexable","","https://www.how-ma.com/market_price/stations/6031","","",""
"https://www.how-ma.com/market_price/stations/11047","text/html; charset=utf-8","200","OK","1.1","Indexable","","https://www.how-ma.com/market_price/stations/11047","","",""
"https://www.how-ma.com/_next/static/chunks/9220-0cc7953133e18f9c.js","application/javascript; charset=UTF-8","200","OK","1.1","Indexable","","","","",""
"https://www.how-ma.com/_next/static/chunks/app/layout-fbe5ca284ef90c1a.js","application/javascript; charset=UTF-8","200","OK","1.1","Indexable","","","","",""
"https://www.how-ma.com/market_price/stations/11050","text/html; charset=utf-8","302","Found","1.1","Non-Indexable","Redirected","","","",""
"https://www.how-ma.com/market_price/stations/6049","text/html; charset=utf-8","200","OK","1.1","Indexable","","https://www.how-ma.com/market_price/stations/6049","","",""
"https://www.how-ma.com/mag/buy/mansion-soba-23ku","text/html; charset=UTF-8","200","OK","1.1","Non-Indexable","Canonicalised","https://www.how-ma.com/mag/buy/mansion-soba-23ku/","https://www.how-ma.com/mag/buy/mansion-soba-23ku/","max-snippet:-1, max-image-preview:large, max-video-preview:-1",""
"https://www.how-ma.com/market_price/stations/6048","text/html; charset=utf-8","200","OK","1.1","Indexable","","https://www.how-ma.com/market_price/stations/6048","","",""
"https://www.how-ma.com/market_price/stations/6047","text/html; charset=utf-8","200","OK","1.1","Indexable","","https://www.how-ma.com/market_price/stations/6047","","",""
"https://www.how-ma.com/next/top/right-arrow.svg","image/svg+xml","200","OK","1.1","Indexable","","","","",""
"https://www.how-ma.com/market_price/stations/5876","text/html; charset=utf-8","302","Found","1.1","Non-Indexable","Redirected","","","",""
"https://www.how-ma.com/market_price/stations/5875","text/html; charset=utf-8","302","Found","1.1","Non-Indexable","Redirected","","","",""
"https://www.how-ma.com/mansions/search/茨城県","text/html; charset=utf-8","200","OK","1.1","Indexable","","https://www.how-ma.com/mansions/search/茨城県","","",""
"https://www.how-ma.com/mansions/search/熊本県/熊本市","text/html; charset=utf-8","200","OK","1.1","Indexable","","https://www.how-ma.com/mansions/search/熊本県/熊本市","","",""
"https://www.how-ma.com/_next/static/chunks/polyfills-42372ed130431b0a.js","application/javascript; charset=UTF-8","200","OK","1.1","Indexable","","","","",""
"https://www.how-ma.com/mansions/search/東京都/荒川区","text/html; charset=utf-8","200","OK","1.1","Indexable","","https://www.how-ma.com/mansions/search/東京都/荒川区","","",""
"https://www.how-ma.com/mansions/search/神奈川県","text/html; charset=utf-8","200","OK","1.1","Indexable","","https://www.how-ma.com/mansions/search/神奈川県","","",""
"https://www.how-ma.com/_next/static/chunks/6403-be49c1f6e521e394.js","application/javascript; charset=UTF-8","200","OK","1.1","Indexable","","","","",""
"https://www.how-ma.com/mansions/search/島根県","text/html; charset=utf-8","200","OK","1.1","Indexable","","https://www.how-ma.com/mansions/search/島根県","","",""
"https://www.how-ma.com/mansions/search/長野県","text/html; charset=utf-8","200","OK","1.1","Indexable","","https://www.how-ma.com/mansions/search/長野県","","",""
"https://www.how-ma.com/mansions/search/東京都/千代田区","text/html; charset=utf-8","200","OK","1.1","Indexable","","https://www.how-ma.com/mansions/search/東京都/千代田区","","",""
"https://www.how-ma.com/mansions/search/東京都/世田谷区","text/html; charset=utf-8","200","OK","1.1","Indexable","","https://www.how-ma.com/mansions/search/東京都/世田谷区","","",""
"https://www.how-ma.com/mansions/search/東京都/豊島区","text/html; charset=utf-8","200","OK","1.1","Indexable","","https://www.how-ma.com/mansions/search/東京都/豊島区","","",""
"https://www.how-ma.com/mansions/search/佐賀県","text/html; charset=utf-8","200","OK","1.1","Indexable","","https://www.how-ma.com/mansions/search/佐賀県","","",""
"https://www.how-ma.com/market_price/stations/6016","text/html; charset=utf-8","200","OK","1.1","Indexable","","https://www.how-ma.com/market_price/stations/6016","","",""
"https://www.how-ma.com/next/top/icon_customer_2.svg","image/svg+xml","200","OK","1.1","Indexable","","","","",""
"https://www.how-ma.com/market_price/stations/6015","text/html; charset=utf-8","200","OK","1.1","Indexable","","https://www.how-ma.com/market_price/stations/6015","","",""
"https://www.how-ma.com/mansions/search/岩手県","text/html; charset=utf-8","200","OK","1.1","Indexable","","https://www.how-ma.com/mansions/search/岩手県","","",""
"https://www.how-ma.com/mag/sell/consultationroom-18","text/html; charset=UTF-8","200","OK","1.1","Non-Indexable","Canonicalised","https://www.how-ma.com/mag/sell/consultationroom-18/","https://www.how-ma.com/mag/sell/consultationroom-18/","max-snippet:-1, max-image-preview:large, max-video-preview:-1",""
"https://www.how-ma.com/next/top/customer-border8.svg","image/svg+xml","200","OK","1.1","Indexable","","","","",""
"https://www.how-ma.com/next/top/customer-border1.svg","image/svg+xml","200","OK","1.1","Indexable","","","","",""
"https://www.how-ma.com/_next/static/chunks/2582-b6b5c61cef90b263.js","application/javascript; charset=UTF-8","200","OK","1.1","Indexable","","","","",""
"https://www.how-ma.com/_next/image?url=%2Fnext%2Flogo_economist.png&w=384&q=75","image/png","200","OK","1.1","Indexable","","","","",""
"https://www.how-ma.com/_next/static/chunks/320-a678aabf896f9741.js","application/javascript; charset=UTF-8","200","OK","1.1","Indexable","","","","",""
"https://www.how-ma.com/mansions/search/宮崎県","text/html; charset=utf-8","200","OK","1.1","Indexable","","https://www.how-ma.com/mansions/search/宮崎県","","",""
"https://www.how-ma.com/mag/market/detached-house-quotes-by-prefecture","text/html; charset=UTF-8","200","OK","1.1","Non-Indexable","Canonicalised","https://www.how-ma.com/mag/market/detached-house-quotes-by-prefecture/","https://www.how-ma.com/mag/market/detached-house-quotes-by-prefecture/","max-snippet:-1, max-image-preview:large, max-video-preview:-1",""
"https://www.how-ma.com/mag/sell/mansion-detachedhouse-assessment","text/html; charset=UTF-8","200","OK","1.1","Non-Indexable","Canonicalised","https://www.how-ma.com/mag/sell/mansion-detachedhouse-assessment/","https://www.how-ma.com/mag/sell/mansion-detachedhouse-assessment/","max-snippet:-1, max-image-preview:large, max-video-preview:-1",""
"https://www.how-ma.com/mansions/search/徳島県","text/html; charset=utf-8","200","OK","1.1","Indexable","","https://www.how-ma.com/mansions/search/徳島県","","",""
"https://www.how-ma.com/_next/static/chunks/webpack-928251c7c72ad4a5.js","application/javascript; charset=UTF-8","200","OK","1.1","Indexable","","","","",""
"https://www.how-ma.com/mansions/search/東京都/港区","text/html; charset=utf-8","200","OK","1.1","Indexable","","https://www.how-ma.com/mansions/search/東京都/港区","","",""
"https://www.how-ma.com/mansions/search/東京都/江戸川区","text/html; charset=utf-8","200","OK","1.1","Indexable","","https://www.how-ma.com/mansions/search/東京都/江戸川区","","",""
"https://www.how-ma.com/market_price/stations/2102","text/html; charset=utf-8","302","Found","1.1","Non-Indexable","Redirected","","","",""
"https://www.how-ma.com/mansions/search/東京都/中野区","text/html; charset=utf-8","200","OK","1.1","Indexable","","https://www.how-ma.com/mansions/search/東京都/中野区","","",""
"https://www.how-ma.com/market_price/stations/2101","text/html; charset=utf-8","302","Found","1.1","Non-Indexable","Redirected","","","",""
"https://www.how-ma.com/_next/static/chunks/app/(public)/(top)/page-12c1e026c1297c8e.js","application/javascript; charset=UTF-8","200","OK","1.1","Indexable","","","","",""
"https://www.how-ma.com/market_price/stations/2104","text/html; charset=utf-8","302","Found","1.1","Non-Indexable","Redirected","","","",""
"https://www.how-ma.com/market_price/stations/9534","text/html; charset=utf-8","200","OK","1.1","Indexable","","https://www.how-ma.com/market_price/stations/9534","","",""
"https://www.how-ma.com/users/ba_sign_up/standard","text/html; charset=utf-8","200","OK","1.1","Indexable","","https://www.how-ma.com/users/ba_sign_up/standard","","",""
"https://www.how-ma.com/market_price/stations/5853","text/html; charset=utf-8","302","Found","1.1","Non-Indexable","Redirected","","","",""
"https://www.how-ma.com/_next/image?url=%2Fnext%2Ftop%2Fphoto_guide_3.jpg&w=3840&q=75","image/jpeg","200","OK","1.1","Indexable","","","","",""
"https://www.how-ma.com/mansions/search/東京都/杉並区","text/html; charset=utf-8","200","OK","1.1","Indexable","","https://www.how-ma.com/mansions/search/東京都/杉並区","","",""
"https://www.how-ma.com/_next/image?url=%2Fnext%2Flogo_nikkei.png&w=384&q=75","image/png","200","OK","1.1","Indexable","","","","",""
"https://www.how-ma.com/_next/image?url=%2Fnext%2Ftop%2Fphoto_concierge_1.jpg&w=640&q=75","image/jpeg","200","OK","1.1","Indexable","","","","",""
"https://www.how-ma.com/market_price/stations/9097","text/html; charset=utf-8","302","Found","1.1","Non-Indexable","Redirected","","","",""
"https://www.how-ma.com/mansions/search/千葉県/千葉市","text/html; charset=utf-8","200","OK","1.1","Indexable","","https://www.how-ma.com/mansions/search/千葉県/千葉市","","",""
"https://www.how-ma.com/market_price/stations/6023","text/html; charset=utf-8","302","Found","1.1","Non-Indexable","Redirected","","","",""
"https://www.how-ma.com/market_price/stations/6142","text/html; charset=utf-8","302","Found","1.1","Non-Indexable","Redirected","","","",""
"https://www.how-ma.com/_next/static/chunks/4814-e65c9c9b0acff539.js","application/javascript; charset=UTF-8","200","OK","1.1","Indexable","","","","",""
"https://www.how-ma.com/next/top/train.svg","image/svg+xml","200","OK","1.1","Indexable","","","","",""
"https://www.how-ma.com/mansions/search/宮城県","text/html; charset=utf-8","200","OK","1.1","Indexable","","https://www.how-ma.com/mansions/search/宮城県","","",""
"https://www.how-ma.com/mansions/search/東京都/品川区","text/html; charset=utf-8","200","OK","1.1","Indexable","","https://www.how-ma.com/mansions/search/東京都/品川区","","",""
"https://www.how-ma.com/mansions/search/高知県","text/html; charset=utf-8","200","OK","1.1","Indexable","","https://www.how-ma.com/mansions/search/高知県","","",""
"https://www.how-ma.com/_next/static/chunks/app/(public)/layout-27f0d1b3b7446faa.js","application/javascript; charset=UTF-8","200","OK","1.1","Indexable","","","","",""
"https://www.how-ma.com/mag/sell/8-things-you-should-never-do-when-selling-house","text/html; charset=UTF-8","200","OK","1.1","Non-Indexable","Canonicalised","https://www.how-ma.com/mag/sell/8-things-you-should-never-do-when-selling-house/","https://www.how-ma.com/mag/sell/8-things-you-should-never-do-when-selling-house/","max-snippet:-1, max-image-preview:large, max-video-preview:-1",""
"https://www.how-ma.com/_next/static/chunks/4bd1b696-3227c761ab9a1725.js","application/javascript; charset=UTF-8","200","OK","1.1","Indexable","","","","",""
"https://www.how-ma.com/mansions/search/和歌山県","text/html; charset=utf-8","200","OK","1.1","Indexable","","https://www.how-ma.com/mansions/search/和歌山県","","",""
"https://www.how-ma.com/mansions/search/東京都/江東区","text/html; charset=utf-8","200","OK","1.1","Indexable","","https://www.how-ma.com/mansions/search/東京都/江東区","","",""
"https://www.how-ma.com/market_price/stations/8018","text/html; charset=utf-8","302","Found","1.1","Non-Indexable","Redirected","","","",""
"https://www.how-ma.com/mansions/search/三重県","text/html; charset=utf-8","200","OK","1.1","Indexable","","https://www.how-ma.com/mansions/search/三重県","","",""
"https://www.how-ma.com/market_price/stations/7960","text/html; charset=utf-8","302","Found","1.1","Non-Indexable","Redirected","","","",""
"https://www.how-ma.com/market_price/stations/10558","text/html; charset=utf-8","200","OK","1.1","Indexable","","https://www.how-ma.com/market_price/stations/10558","","",""
"https://www.how-ma.com/mansions/search/埼玉県/さいたま市","text/html; charset=utf-8","200","OK","1.1","Indexable","","https://www.how-ma.com/mansions/search/埼玉県/さいたま市","","",""
"https://www.how-ma.com/_next/image?url=%2Fnext%2Flogo_meiwajisyo.png&w=256&q=75","image/png","200","OK","1.1","Indexable","","","","",""
"https://www.how-ma.com/mansions/search/山口県","text/html; charset=utf-8","200","OK","1.1","Indexable","","https://www.how-ma.com/mansions/search/山口県","","",""
"https://www.how-ma.com/_next/image?url=%2Fnext%2Ftop%2Fphoto_concierge_2.png&w=1920&q=75","image/png","200","OK","1.1","Indexable","","","","",""
"https://www.how-ma.com/mansions/search/神奈川県/横浜市","text/html; charset=utf-8","200","OK","1.1","Indexable","","https://www.how-ma.com/mansions/search/神奈川県/横浜市","","",""
"https://www.how-ma.com/market_price/stations/10559","text/html; charset=utf-8","200","OK","1.1","Indexable","","https://www.how-ma.com/market_price/stations/10559","","",""
"https://www.how-ma.com/market_price/stations/9581","text/html; charset=utf-8","302","Found","1.1","Non-Indexable","Redirected","","","",""
"https://www.how-ma.com/_next/static/chunks/9240-364dd5492bee7d4d.js","application/javascript; charset=UTF-8","200","OK","1.1","Indexable","","","","",""
"https://www.how-ma.com/market_price/stations/9583","text/html; charset=utf-8","302","Found","1.1","Non-Indexable","Redirected","","","",""
"https://www.how-ma.com/mag/sell/sales-contract","text/html; charset=UTF-8","200","OK","1.1","Non-Indexable","Canonicalised","https://www.how-ma.com/mag/sell/sales-contract/","https://www.how-ma.com/mag/sell/sales-contract/","max-snippet:-1, max-image-preview:large, max-video-preview:-1",""
"https://www.how-ma.com/market_price/stations/6072","text/html; charset=utf-8","200","OK","1.1","Indexable","","https://www.how-ma.com/market_price/stations/6072","","",""
"https://www.how-ma.com/mansions/search/東京都/大田区","text/html; charset=utf-8","200","OK","1.1","Indexable","","https://www.how-ma.com/mansions/search/東京都/大田区","","",""
"https://www.how-ma.com/mansions/search/石川県","text/html; charset=utf-8","200","OK","1.1","Indexable","","https://www.how-ma.com/mansions/search/石川県","","",""
"https://www.how-ma.com/mansions/search/神奈川県/相模原市","text/html; charset=utf-8","200","OK","1.1","Indexable","","https://www.how-ma.com/mansions/search/神奈川県/相模原市","","",""
"https://www.how-ma.com/mansions/search/福岡県/北九州市","text/html; charset=utf-8","200","OK","1.1","Indexable","","https://www.how-ma.com/mansions/search/福岡県/北九州市","","",""
"https://www.how-ma.com/_next/static/chunks/9507-ab53b83b60e50128.js","application/javascript; charset=UTF-8","200","OK","1.1","Indexable","","","","",""
"https://www.how-ma.com/next/top/right-arrow-circle.svg","image/svg+xml","200","OK","1.1","Indexable","","","","",""
"https://www.how-ma.com/_next/static/chunks/main-app-c55311b0014f9907.js","application/javascript; charset=UTF-8","200","OK","1.1","Indexable","","","","",""
"https://www.how-ma.com/market_price/stations/9586","text/html; charset=utf-8","302","Found","1.1","Non-Indexable","Redirected","","","",""
"https://www.how-ma.com/_next/static/chunks/526-8c0877b8b0813aca.js","application/javascript; charset=UTF-8","200","OK","1.1","Indexable","","","","",""
"https://www.how-ma.com/mansions/search/静岡県","text/html; charset=utf-8","200","OK","1.1","Indexable","","https://www.how-ma.com/mansions/search/静岡県","","",""
"https://www.how-ma.com/mansions/search/広島県","text/html; charset=utf-8","200","OK","1.1","Indexable","","https://www.how-ma.com/mansions/search/広島県","","",""
"https://www.how-ma.com/mansions/search/神奈川県/川崎市","text/html; charset=utf-8","200","OK","1.1","Indexable","","https://www.how-ma.com/mansions/search/神奈川県/川崎市","","",""
"https://www.how-ma.com/next/top/heart_on_hand.svg","image/svg+xml","200","OK","1.1","Indexable","","","","",""
"https://www.how-ma.com/next/page_top_button.svg","image/svg+xml","200","OK","1.1","Indexable","","","","",""
"https://www.how-ma.com/_next/image?url=%2Fnext%2Flogo_mec-h.png&w=256&q=75","image/png","200","OK","1.1","Indexable","","","","",""
"https://www.how-ma.com/market_price/stations?type=house","text/html; charset=utf-8","200","OK","1.1","Non-Indexable","Canonicalised","https://www.how-ma.com/market_price/stations","","",""
"https://www.how-ma.com/_next/image?url=%2Fnext%2Flogo_keio.png&w=256&q=75","image/png","200","OK","1.1","Indexable","","","","",""
"https://www.how-ma.com/mag/sell/sell-step","text/html; charset=UTF-8","200","OK","1.1","Non-Indexable","Canonicalised","https://www.how-ma.com/mag/sell/sell-step/","https://www.how-ma.com/mag/sell/sell-step/","max-snippet:-1, max-image-preview:large, max-video-preview:-1",""
"https://www.how-ma.com/market_price/stations/9115","text/html; charset=utf-8","302","Found","1.1","Non-Indexable","Redirected","","","",""
"https://www.how-ma.com/_next/static/chunks/2053-5f153d14781d6f6b.js","application/javascript; charset=UTF-8","200","OK","1.1","Indexable","","","","",""
"https://www.how-ma.com/market_price/stations/2168","text/html; charset=utf-8","200","OK","1.1","Indexable","","https://www.how-ma.com/market_price/stations/2168","","",""
"https://www.how-ma.com/market_price/mansions/140320","text/html; charset=utf-8","200","OK","1.1","Indexable","","https://www.how-ma.com/market_price/mansions/140320","","",""
"https://www.how-ma.com/_next/static/chunks/7562-e35218570ccba262.js","application/javascript; charset=UTF-8","200","OK","1.1","Indexable","","","","",""
"https://www.how-ma.com/market_price/stations/8027","text/html; charset=utf-8","302","Found","1.1","Non-Indexable","Redirected","","","",""
"https://www.how-ma.com/market_price/stations/9116","text/html; charset=utf-8","200","OK","1.1","Indexable","","https://www.how-ma.com/market_price/stations/9116","","",""
"https://www.how-ma.com/market_price/stations/2165","text/html; charset=utf-8","302","Found","1.1","Non-Indexable","Redirected","","","",""
"https://www.how-ma.com/market_price/stations/5797","text/html; charset=utf-8","200","OK","1.1","Indexable","","https://www.how-ma.com/market_price/stations/5797","","",""
"https://www.how-ma.com/market_price/stations/8021","text/html; charset=utf-8","302","Found","1.1","Non-Indexable","Redirected","","","",""
"https://www.how-ma.com/_next/image?url=%2Fnext%2Flogo_daikyo-anabuki.png&w=256&q=75","image/png","200","OK","1.1","Indexable","","","","",""
"https://www.how-ma.com/next/top/customer-border3.svg","image/svg+xml","200","OK","1.1","Indexable","","","","",""
"https://www.how-ma.com/market_price/stations/9593","text/html; charset=utf-8","302","Found","1.1","Non-Indexable","Redirected","","","",""
"https://www.how-ma.com/market_price/stations/9596","text/html; charset=utf-8","302","Found","1.1","Non-Indexable","Redirected","","","",""
"https://www.how-ma.com/market_price/stations/8024","text/html; charset=utf-8","200","OK","1.1","Indexable","","https://www.how-ma.com/market_price/stations/8024","","",""
"https://www.how-ma.com/market_price/stations/9114","text/html; charset=utf-8","302","Found","1.1","Non-Indexable","Redirected","","","",""
"https://www.how-ma.com/market_price/stations/6088","text/html; charset=utf-8","200","OK","1.1","Indexable","","https://www.how-ma.com/market_price/stations/6088","","",""
"https://www.how-ma.com/market_price/stations/9594","text/html; charset=utf-8","200","OK","1.1","Indexable","","https://www.how-ma.com/market_price/stations/9594","","",""
"https://www.how-ma.com/market_price/stations/8022","text/html; charset=utf-8","200","OK","1.1","Indexable","","https://www.how-ma.com/market_price/stations/8022","","",""
"https://www.how-ma.com/market_price/stations/9112","text/html; charset=utf-8","302","Found","1.1","Non-Indexable","Redirected","","","",""
"https://www.how-ma.com/market_price/stations/9475","text/html; charset=utf-8","200","OK","1.1","Indexable","","https://www.how-ma.com/market_price/stations/9475","","",""
"https://www.how-ma.com/market_price/stations/9597","text/html; charset=utf-8","302","Found","1.1","Non-Indexable","Redirected","","","",""
"https://www.how-ma.com/market_price/stations/8023","text/html; charset=utf-8","200","OK","1.1","Indexable","","https://www.how-ma.com/market_price/stations/8023","","",""
"https://www.how-ma.com/_next/static/chunks/2140-47d1c9daf205dc85.js","application/javascript; charset=UTF-8","200","OK","1.1","Indexable","","","","",""
"https://www.how-ma.com/mag/category/interview/assessment-interview","text/html; charset=UTF-8","200","OK","1.1","Non-Indexable","Canonicalised","https://www.how-ma.com/mag/category/interview/assessment-interview/","","max-snippet:-1, max-image-preview:large, max-video-preview:-1",""
"https://www.how-ma.com/_next/static/chunks/2574-96e033d28a36cb2d.js","application/javascript; charset=UTF-8","200","OK","1.1","Indexable","","","","",""
"https://www.how-ma.com/market_price/stations/11080","text/html; charset=utf-8","302","Found","1.1","Non-Indexable","Redirected","","","",""
"https://www.how-ma.com/mansions/search/愛媛県","text/html; charset=utf-8","200","OK","1.1","Indexable","","https://www.how-ma.com/mansions/search/愛媛県","","",""
"https://www.how-ma.com/_next/image?url=%2Fnext%2Flogo_ohkuraya.png&w=256&q=75","image/png","200","OK","1.1","Indexable","","","","",""
"https://www.how-ma.com/_next/image?url=%2Fnext%2Flogo_asahi.png&w=384&q=75","image/png","200","OK","1.1","Indexable","","","","",""
"https://www.how-ma.com/mansions/search/新潟県/新潟市","text/html; charset=utf-8","200","OK","1.1","Indexable","","https://www.how-ma.com/mansions/search/新潟県/新潟市","","",""
"https://www.how-ma.com/mansions/search/静岡県/浜松市","text/html; charset=utf-8","200","OK","1.1","Indexable","","https://www.how-ma.com/mansions/search/静岡県/浜松市","","",""
"https://www.how-ma.com/mansions/search/香川県","text/html; charset=utf-8","200","OK","1.1","Indexable","","https://www.how-ma.com/mansions/search/香川県","","",""
"https://www.how-ma.com/mansions/search/大阪府/大阪市","text/html; charset=utf-8","200","OK","1.1","Indexable","","https://www.how-ma.com/mansions/search/大阪府/大阪市","","",""
